SeniorCitizen,Partner,Dependents,tenure,PhoneService,MultipleLines,OnlineSecurity,OnlineBackup,DeviceProtection,TechSupport,StreamingTV,StreamingMovies,Contract,PaperlessBilling,MonthlyCharges,TotalCharges,Churn,gender_Male,InternetService_Fiber,InternetService_None,PaymentMethod_Credit card (automatic),PaymentMethod_Electronic check,PaymentMethod_Mailed check,AutoPay,NumServices,TenureBin,HighChargeFlag,Contract_x_Charge,Fiber_x_Charge,ChargesPerTenure,LogMonthlyCharges,LogTotalCharges,IsNewCustomer
0,1,0,1,0,0,0,1,0,0,0,0,0,1,29.85,29.85,0,0,0,0,0,1,0,0,1,0,0,0.0,0.0,14.925,3.4291367503513968,3.4291367503513968,1
0,0,0,34,1,0,1,0,1,0,0,0,1,0,56.95,1889.5,0,1,0,0,0,0,1,0,3,3,0,56.95,0.0,53.98571428571429,4.059580569785761,7.544596623330987,0
0,0,0,2,1,0,1,1,0,0,0,0,0,1,53.85,108.15,1,1,0,0,0,0,1,0,3,0,0,0.0,0.0,36.050000000000004,4.00460218672124,4.692723082995953,1
0,0,0,45,0,0,1,0,1,1,0,0,1,0,42.3,1840.75,0,1,0,0,0,0,0,1,3,4,0,42.3,0.0,40.016304347826086,3.768152635008444,7.518471485562923,0
0,0,0,2,1,0,0,0,0,0,0,0,0,1,70.7,151.65,1,0,1,0,0,1,0,0,1,0,0,0.0,70.7,50.550000000000004,4.272490747605575,5.028147719180887,1
0,0,0,8,1,1,0,0,1,0,1,1,0,1,99.65,820.5,1,0,1,0,0,1,0,0,5,1,1,0.0,99.65,91.16666666666667,4.611649152085801,6.711131937477322,0
0,0,1,22,1,1,0,1,0,0,1,0,0,1,89.1,1949.4,0,1,1,0,1,0,0,1,4,2,0,0.0,89.1,84.75652173913043,4.500920164614292,7.575789758727007,0
0,0,0,10,0,0,1,0,0,0,0,0,0,0,29.75,301.9,0,0,0,0,0,0,1,0,1,1,0,0.0,0.0,27.44545454545454,3.4258899942525267,5.713402718033191,0
0,1,0,28,1,1,0,0,1,1,1,1,0,1,104.8,3046.05,1,0,1,0,0,1,0,0,6,3,1,0.0,104.8,105.03620689655173,4.661550519424199,8.02192918843427,0
0,0,1,62,1,0,1,1,0,0,0,0,1,0,56.15,3487.95,0,1,0,0,0,0,0,1,3,4,0,56.15,0.0,55.364285714285714,4.04567939024082,8.15735611033029,0
0,1,1,13,1,0,1,0,0,0,0,0,0,1,49.95,587.45,0,1,0,0,0,0,1,0,2,2,0,0.0,0.0,41.96071428571429,3.9308447596687337,6.377491961323671,0
0,0,0,16,1,0,0,0,0,0,0,0,2,0,18.95,326.8,0,1,0,1,1,0,0,1,1,2,0,37.9,0.0,19.223529411764705,2.9932291433358724,5.792403666309729,0
0,1,0,58,1,1,0,0,1,0,1,1,1,0,100.35,5681.1,0,1,1,0,1,0,0,1,5,4,1,100.35,100.35,96.28983050847458,4.618579872898009,8.645076161696084,0
0,0,0,49,1,1,0,1,1,0,1,1,0,1,103.7,5036.3,1,1,1,0,0,0,0,1,6,4,1,0.0,103.7,100.726,4.651099117876491,8.524625503233533,0
0,0,0,25,1,0,1,0,1,1,1,1,0,1,105.5,2686.05,0,1,1,0,0,1,0,0,6,3,1,0.0,105.5,103.3096153846154,4.66814498514948,7.8961992165555,0
0,1,1,69,1,1,1,1,1,1,1,1,2,0,113.25,7895.15,0,0,1,0,1,0,0,1,8,4,1,226.5,113.25,112.78785714285713,4.738389029774314,8.974130577893364,0
0,0,0,52,1,0,0,0,0,0,0,0,1,0,20.65,1022.95,0,0,0,1,0,0,1,0,1,4,0,20.65,0.0,19.300943396226415,3.075005454448499,6.931422976282321,0
0,0,1,71,1,1,1,0,1,0,1,1,2,0,106.7,7382.25,0,1,1,0,0,0,0,1,6,4,1,213.4,106.7,102.53125,4.679349584162343,8.906969200059761,0
0,1,1,10,1,0,0,0,1,1,0,0,0,0,55.2,528.35,1,0,0,0,1,0,0,1,3,1,0,0.0,0.0,48.03181818181818,4.028916756899646,6.271649838789389,0
0,0,0,21,1,0,0,1,1,0,0,1,0,1,90.05,1862.9,0,0,1,0,0,1,0,0,4,2,1,0.0,90.05,84.67727272727274,4.511408806173617,7.530426345737758,0
1,0,0,1,0,0,0,0,1,0,0,1,0,1,39.65,39.65,1,1,0,0,0,1,0,0,2,0,0,0.0,0.0,19.825,3.7049988359938197,3.7049988359938197,1
0,1,0,12,1,0,0,0,0,0,0,0,1,0,19.8,202.25,0,1,0,1,0,0,0,1,1,1,0,19.8,0.0,15.557692307692308,3.0349529867072724,5.31443674842792,0
0,0,0,1,1,0,0,0,0,0,0,0,0,0,20.15,20.15,1,1,0,1,0,0,1,0,1,0,0,0.0,0.0,10.075,3.0516399054922867,3.0516399054922867,1
0,1,0,58,1,1,0,1,0,1,0,0,2,1,59.9,3505.1,0,0,0,0,1,0,0,1,4,4,0,119.8,0.0,59.40847457627118,4.109233174715851,8.16225958760722,0
0,1,1,49,1,0,1,1,0,1,0,0,0,0,59.6,2970.3,0,1,0,0,1,0,0,1,4,4,0,0.0,0.0,59.406000000000006,4.104294893075269,7.996754846467186,0
0,0,0,30,1,0,1,1,0,0,0,0,0,1,55.3,1530.6,0,0,0,0,0,0,0,1,3,3,0,0.0,0.0,49.37419354838709,4.030694535145645,7.3340682196031395,0
0,1,1,47,1,1,0,1,0,0,1,1,0,1,99.35,4749.15,1,1,1,0,0,1,0,0,5,4,1,0.0,99.35,98.940625,4.608664075242347,8.46593147547745,0
0,1,1,1,0,0,0,1,0,0,0,0,0,0,30.2,30.2,1,1,0,0,0,1,0,0,1,0,0,0.0,0.0,15.1,3.4404180948154366,3.4404180948154366,1
0,1,0,72,1,1,1,1,1,1,1,1,2,1,90.25,6369.45,0,1,0,0,1,0,0,1,8,4,1,180.5,0.0,87.2527397260274,4.513602992462601,8.759425389713137,0
0,0,1,17,1,0,0,0,0,0,1,1,0,1,64.7,1093.1,1,0,0,0,0,0,1,0,3,2,0,0.0,0.0,60.727777777777774,4.185098925490565,6.9976873864827445,0
1,1,0,71,1,1,1,1,1,1,0,0,2,1,96.35,6766.95,0,0,1,0,1,0,0,1,6,4,1,192.7,96.35,93.98541666666667,4.578312731818208,8.819953513551914,0
1,1,0,2,1,0,0,0,1,0,1,1,0,1,95.5,181.65,0,1,1,0,1,0,0,1,4,0,1,0.0,95.5,60.550000000000004,4.56954300834494,5.207571753241291,1
0,1,1,27,1,0,1,1,1,1,0,0,1,0,66.15,1874.45,0,0,0,0,0,0,1,0,5,3,0,66.15,0.0,66.94464285714285,4.206928922969246,7.536603909609118,0
0,0,0,1,1,0,0,0,0,0,0,0,0,0,20.2,20.2,0,1,0,1,0,0,0,1,1,0,0,0.0,0.0,10.1,3.054001181677967,3.054001181677967,1
1,0,0,1,1,0,0,0,0,0,0,0,0,0,45.25,45.25,0,1,0,0,0,0,0,1,1,0,0,0.0,0.0,22.625,3.834061463958434,3.834061463958434,1
0,1,1,72,1,1,1,1,0,1,1,0,2,0,99.9,7251.7,0,0,1,0,0,0,0,1,6,4,1,199.8,99.9,99.33835616438355,4.6141299273595635,8.88912909231302,0
0,0,0,5,1,0,0,0,0,0,0,0,0,1,69.7,316.9,1,1,1,0,0,1,0,0,1,0,0,0.0,69.7,52.81666666666666,4.258445572902527,5.761736867916757,1
0,0,0,46,1,0,0,0,1,0,0,0,0,1,74.8,3548.3,0,0,1,0,1,0,0,1,2,4,0,0.0,74.8,75.49574468085106,4.328098292648326,8.174505679927726,0
0,0,0,34,1,1,0,1,1,0,1,1,0,1,106.35,3549.25,1,1,1,0,0,1,0,0,6,3,1,0.0,106.35,101.40714285714286,4.67609452432479,8.174773302525123,0
0,0,0,11,1,1,0,0,1,0,1,1,0,1,97.85,1105.4,1,0,1,0,0,0,0,1,5,1,1,0.0,97.85,92.11666666666667,4.593603549616626,7.008866780350549,0
0,1,1,10,1,0,0,1,0,0,0,0,1,0,49.55,475.7,0,1,0,0,0,0,1,0,2,1,0,49.55,0.0,43.24545454545454,3.9229629454664803,6.16688736221078,0
0,1,1,70,1,1,1,1,0,0,1,0,2,1,69.2,4872.35,0,0,0,0,1,0,0,1,5,4,0,138.4,0.0,68.62464788732395,4.251348311031766,8.491536864602452,0
0,1,1,17,1,0,0,0,0,0,0,0,1,0,20.75,418.25,0,0,0,1,0,0,1,0,1,2,0,20.75,0.0,23.23611111111111,3.079613757534693,6.038467400703318,0
0,0,0,63,1,1,1,1,1,1,1,0,2,1,79.85,4861.45,0,0,0,0,1,0,0,1,7,4,0,159.7,0.0,75.96015625,4.392595586023115,8.489297705097483,0
0,1,0,13,1,1,1,1,0,1,1,0,0,1,76.2,981.45,0,0,0,0,0,1,0,0,6,2,0,0.0,0.0,70.10357142857143,4.3463994570307305,6.890049451863205,0
0,0,0,49,1,1,0,0,0,0,0,1,0,1,84.5,3906.7,0,0,1,0,0,1,0,0,3,4,0,0.0,84.5,78.134,4.448516375942715,8.270704244607035,0
0,0,0,2,1,0,0,1,0,0,0,0,0,0,49.25,97.0,0,1,0,0,0,0,1,0,2,0,0,0.0,0.0,32.333333333333336,3.917010546939185,4.584967478670572,1
0,0,0,2,1,0,0,0,0,0,1,0,0,1,80.65,144.15,1,0,1,0,0,1,0,0,2,0,0,0.0,80.65,48.050000000000004,4.402441819416474,4.977767690470639,1
0,0,0,52,1,1,1,0,0,1,1,1,2,1,79.75,4217.8,0,1,0,0,1,0,0,1,6,4,0,159.5,0.0,79.5811320754717,4.391357962102766,8.347306006402459,0
0,1,1,69,1,1,1,0,1,1,0,0,2,1,64.15,4254.1,0,0,0,0,1,0,0,1,5,4,0,128.3,0.0,60.77285714285715,4.176692303570854,8.355873542493944,0
1,0,0,43,1,1,0,1,0,0,1,0,0,1,90.25,3838.75,0,0,1,0,0,1,0,0,4,4,1,0.0,90.25,87.24431818181819,4.513602992462601,8.253162539295738,0
0,0,0,15,1,0,1,1,0,0,1,1,0,1,99.1,1426.4,1,0,1,0,1,0,0,1,5,2,1,0.0,99.1,89.15,4.6061696863211745,7.263609886536967,0
1,1,0,25,1,1,1,0,0,1,1,0,0,1,69.5,1752.65,0,0,0,0,1,0,0,1,5,3,0,0.0,0.0,67.40961538461539,4.255612709818223,7.4694546091209375,0
1,1,0,8,1,1,0,1,0,0,0,0,0,1,80.65,633.3,1,0,1,0,1,0,0,1,3,1,0,0.0,80.65,70.36666666666666,4.402441819416474,6.4525220286398515,0
1,1,1,60,1,0,1,1,1,1,0,1,1,1,74.85,4456.35,0,0,0,0,1,0,0,1,6,4,0,74.85,0.0,73.05491803278689,4.328757705794541,8.402309698021336,0
1,0,0,18,1,1,0,0,0,0,1,1,0,1,95.45,1752.55,1,1,1,0,0,1,0,0,4,2,1,0.0,95.45,92.23947368421052,4.569024739351738,7.4693975835734765,0
0,1,1,63,1,1,1,0,0,0,1,1,1,1,99.65,6311.2,0,0,1,0,1,0,0,1,5,4,1,99.65,99.65,98.6125,4.611649152085801,8.750239547701803,0
1,1,1,66,1,1,0,1,1,1,1,1,1,1,108.45,7076.35,0,1,1,0,0,1,0,0,7,4,1,108.45,108.45,105.61716417910448,4.695467823968872,8.864654822837052,0
0,1,1,34,1,1,0,0,0,0,0,0,2,0,24.95,894.3,0,0,0,1,1,0,0,1,2,3,0,49.9,0.0,25.55142857142857,3.2561716096118976,6.7971588576401105,0
0,0,0,72,1,1,0,0,1,1,1,1,2,1,107.5,7853.7,0,0,1,0,1,0,0,1,6,4,1,215.0,107.5,107.58493150684932,4.686750172980514,8.968867357726134,0
0,1,0,47,1,1,0,0,1,0,1,1,0,1,100.5,4707.1,0,0,1,0,0,1,0,0,5,4,1,0.0,100.5,98.06458333333335,4.620058798481842,8.457039708596394,0
0,0,0,60,1,1,0,1,0,0,1,0,0,1,89.9,5450.7,0,1,1,0,0,0,0,1,4,4,1,0.0,89.9,89.35573770491803,4.509760001183433,8.603682765623805,0
0,1,0,72,0,0,1,1,1,0,0,0,2,0,42.1,2962.0,0,1,0,0,0,0,0,1,3,4,0,84.2,0.0,40.57534246575342,3.763522997109702,7.993957547573565,0
0,1,1,18,1,0,0,0,1,1,0,0,1,1,54.4,957.1,0,0,0,0,1,0,0,1,3,2,0,54.4,0.0,50.373684210526314,4.014579593753238,6.864952156656828,0
0,0,0,9,1,1,0,0,0,0,1,1,0,0,94.4,857.25,1,0,1,0,0,1,0,0,4,1,1,0.0,94.4,85.725,4.558078578454241,6.754895432337801,0
0,0,0,3,1,0,0,1,0,1,1,1,0,1,75.3,244.1,0,0,0,0,0,1,0,0,5,0,0,0.0,0.0,61.025,4.334672938290411,5.501666290534067,1
0,1,0,47,1,1,0,1,0,0,0,0,1,1,78.9,3650.35,0,1,1,0,0,1,0,0,3,4,0,78.9,78.9,76.04895833333333,4.380775852772229,8.202852241207772,0
0,0,0,31,1,0,0,1,1,1,1,1,2,0,79.2,2497.2,0,0,0,0,0,0,1,0,6,3,0,158.4,0.0,78.0375,4.384523514872469,7.823325751531809,0
0,1,1,50,1,0,0,0,0,0,0,0,2,0,20.15,930.9,0,0,0,1,0,0,0,1,1,4,0,40.3,0.0,18.25294117647059,3.0516399054922867,6.83722551279161,0
0,0,0,10,1,0,1,0,1,0,0,0,0,1,79.85,887.35,0,1,1,0,0,0,1,0,3,1,0,0.0,79.85,80.66818181818182,4.392595586023115,6.789365809481915,0
0,0,0,1,1,0,0,0,0,1,0,0,0,0,49.05,49.05,0,1,0,0,0,0,1,0,2,0,0,0.0,0.0,24.525,3.9130225057612296,3.9130225057612296,1
0,1,1,52,1,0,0,0,0,0,0,0,1,1,20.4,1090.65,0,0,0,1,0,1,0,0,1,4,0,20.4,0.0,20.578301886792456,3.0633909220278057,6.995445592109125,0
1,1,1,64,1,1,1,0,1,1,1,1,2,1,111.6,7099.0,0,1,1,0,0,0,0,1,7,4,1,223.2,111.6,109.21538461538462,4.72384171570559,8.867850063029406,0
0,1,1,62,1,1,0,0,0,0,0,0,2,1,24.25,1424.6,0,1,0,1,0,0,0,1,2,4,0,48.5,0.0,22.61269841269841,3.228826155721369,7.262348056716545,0
0,0,1,3,1,0,1,0,0,1,0,1,0,1,64.5,177.4,0,0,0,0,0,0,0,1,4,0,0,0.0,0.0,44.35,4.182050142641207,5.184028220145909,1
1,0,0,56,1,1,1,1,1,0,1,1,1,0,110.5,6139.5,0,0,1,0,0,1,0,0,7,4,1,110.5,110.5,107.71052631578948,4.7140245909001735,8.722661451050438,0
0,0,0,46,1,0,0,0,0,0,0,1,1,0,55.65,2688.85,0,0,0,0,1,0,0,1,2,4,0,55.65,0.0,57.2095744680851,4.036891987474015,7.8972407089593375,0
0,1,1,8,1,0,1,1,0,0,0,0,0,0,54.65,482.25,0,0,0,0,0,0,1,0,3,1,0,0.0,0.0,53.583333333333336,4.019082077721554,6.18053411808844,0
1,0,0,30,1,0,1,1,0,0,1,1,0,1,74.75,2111.3,0,1,0,0,0,1,0,0,5,3,0,0.0,0.0,68.10645161290323,4.327438444389479,7.655532680193197,0
0,1,1,45,1,1,0,0,0,0,0,0,1,1,25.9,1216.6,0,0,0,1,1,0,0,1,2,4,0,25.9,0.0,26.44782608695652,3.292126286607793,7.104636987107422,0
0,0,1,1,1,0,0,0,0,0,1,0,0,1,79.35,79.35,1,0,1,0,0,1,0,0,2,0,0,0.0,79.35,39.675,4.386392092183521,4.386392092183521,1
0,1,1,11,0,0,1,0,0,0,1,1,0,0,50.55,565.35,0,0,0,0,0,1,0,0,3,1,0,0.0,0.0,47.112500000000004,3.942552210462969,6.339212261646723,0
0,1,0,7,1,0,0,0,1,0,0,0,0,1,75.15,496.9,1,0,1,0,0,0,0,1,2,1,0,0.0,75.15,62.1125,4.332705079341171,6.210399253648137,0
0,0,0,42,1,0,0,1,1,1,1,1,0,1,103.8,4327.5,0,0,1,0,0,0,0,1,6,4,1,0.0,103.8,100.63953488372093,4.6520537718869415,8.372976340655828,0
0,1,0,49,1,0,0,0,0,0,0,0,2,1,20.15,973.35,0,0,0,1,0,0,0,1,1,4,0,40.3,0.0,19.467,3.0516399054922867,6.881770582010144,0
0,0,0,9,1,1,0,1,0,0,1,1,0,1,99.3,918.75,0,1,1,0,1,0,0,1,5,1,1,0.0,99.3,91.875,4.60816569496789,6.824101893984884,0
0,1,0,35,1,0,1,0,0,0,1,0,1,1,62.15,2215.45,0,0,0,0,0,0,0,1,3,3,0,62.15,0.0,61.540277777777774,4.1455128487965,7.703662095843597,0
0,1,1,48,1,0,0,0,0,0,0,0,2,0,20.65,1057.0,0,0,0,1,0,0,0,1,1,4,0,41.3,0.0,21.571428571428573,3.075005454448499,6.964135612418245,0
0,1,1,46,1,0,0,0,0,0,0,0,2,1,19.95,927.1,0,0,0,1,0,0,1,0,1,4,0,39.9,0.0,19.72553191489362,3.0421386463681466,6.833139485601347,0
0,1,0,29,0,0,0,0,0,0,1,0,0,0,33.75,1009.25,0,1,0,0,0,0,1,0,1,3,0,0.0,0.0,33.641666666666666,3.548179572010801,6.917953103958583,0
0,1,1,30,1,0,0,1,1,0,0,0,0,0,82.05,2570.2,0,1,1,0,0,0,0,1,3,3,0,0.0,82.05,82.90967741935484,4.419442836059304,7.852127994983248,0
1,0,0,1,1,0,0,0,0,1,0,0,0,0,74.7,74.7,0,1,1,0,0,1,0,0,2,0,0,0.0,74.7,37.35,4.3267781604434035,4.3267781604434035,1
0,1,1,66,1,1,1,0,1,1,1,1,2,1,84.0,5714.25,0,1,0,0,0,0,1,0,7,4,0,168.0,0.0,85.28731343283582,4.442651256490317,8.65089331980408,0
0,0,0,65,1,1,1,1,1,0,1,1,0,1,111.05,7107.0,0,0,1,0,1,0,0,1,7,4,1,0.0,111.05,107.68181818181819,4.718945200246936,8.868976189274543,0
0,0,0,72,1,1,0,1,1,0,1,1,2,1,100.9,7459.05,0,1,1,0,0,0,0,1,6,4,1,201.8,100.9,102.17876712328767,4.623991940228679,8.917317395588213,0
0,0,0,12,1,1,1,0,0,0,0,0,0,1,78.95,927.35,1,0,1,0,0,1,0,0,3,1,0,0.0,78.95,71.33461538461539,4.381401439279963,6.83340881685348,0
0,1,1,71,1,1,1,1,0,1,0,0,1,1,66.85,4748.7,0,1,0,0,1,0,0,1,5,4,0,66.85,0.0,65.95416666666667,4.217299386280878,8.465836737139407,0
0,0,0,5,1,0,0,0,0,0,0,0,0,0,21.05,113.85,1,1,0,1,0,0,1,0,1,0,0,0.0,0.0,18.974999999999998,3.093312601892855,4.743626929135107,1
0,0,0,52,1,0,0,0,0,0,0,0,2,0,21.0,1107.2,0,1,0,1,0,0,0,1,1,4,0,42.0,0.0,20.89056603773585,3.091042453358316,7.010492356433249,0
1,1,0,25,1,0,0,1,1,0,1,1,0,1,98.5,2514.5,1,0,1,0,0,1,0,0,5,3,1,0.0,98.5,96.71153846153847,4.600157644164547,7.830226869931373,0
0,0,0,1,1,0,0,0,0,0,0,0,0,0,20.2,20.2,0,1,0,1,0,0,1,0,1,0,0,0.0,0.0,10.1,3.054001181677967,3.054001181677967,1
0,1,1,1,1,0,0,0,0,0,0,0,0,0,19.45,19.45,0,0,0,1,0,1,0,0,1,0,0,0.0,0.0,9.725,3.017982882488811,3.017982882488811,1
0,0,0,38,1,1,0,0,1,1,1,0,1,0,95.0,3605.6,0,1,1,0,0,0,0,1,5,4,1,95.0,95.0,92.45128205128205,4.564348191467836,8.190520779273172,0
1,1,0,66,0,0,0,1,1,0,1,0,1,0,45.55,3027.25,0,0,0,0,0,0,0,1,3,4,0,45.55,0.0,45.18283582089552,3.840527003723076,8.015740173896912,0
0,1,0,68,1,1,0,1,1,1,1,1,2,1,110.0,7611.85,1,1,1,0,0,0,0,1,7,4,1,220.0,110.0,110.31666666666668,4.709530201312334,8.937592887972736,0
0,0,0,5,0,0,0,0,0,0,0,0,0,0,24.3,100.2,0,1,0,0,0,0,1,0,0,0,0,0.0,0.0,16.7,3.2308043957334744,4.617098756853365,1
0,1,1,72,1,1,1,1,0,0,1,1,1,1,104.15,7303.05,0,0,1,0,0,1,0,0,6,4,1,104.15,104.15,100.04178082191781,4.655387902148709,8.896184267815448,0
0,0,0,32,0,0,1,0,0,0,0,0,1,0,30.15,927.65,0,0,0,0,0,0,1,0,1,3,0,30.15,0.0,28.11060606060606,3.4388142452334622,6.833731918633351,0
0,0,0,43,1,1,0,0,0,0,1,1,1,0,94.35,3921.3,0,1,1,0,0,0,1,0,4,4,1,94.35,94.35,89.12045454545455,4.557554332046428,8.274433495416885,0
0,1,1,72,1,0,0,0,0,0,0,0,2,0,19.4,1363.25,0,1,0,1,1,0,0,1,1,4,0,38.8,0.0,18.674657534246574,3.0155349008501706,7.218360106066341,0
0,1,0,55,1,1,1,1,0,0,1,0,0,1,96.75,5238.9,1,1,1,0,0,1,0,0,5,4,1,0.0,96.75,93.55178571428571,4.582413198865475,8.564057693163521,0
0,0,0,52,1,0,1,0,1,1,0,0,1,0,57.95,3042.25,0,0,0,0,1,0,0,1,4,4,0,57.95,0.0,57.40094339622642,4.07668962698338,8.020681302289706,0
0,0,0,43,1,0,0,1,1,0,1,0,0,1,91.65,3954.1,0,0,1,0,0,1,0,0,4,4,1,0.0,91.65,89.86590909090908,4.528828952731369,8.282761164332172,0
1,1,0,37,1,1,0,0,0,0,0,0,0,1,76.5,2868.15,1,0,1,0,0,1,0,0,2,4,0,0.0,76.5,75.47763157894737,4.350277936359301,7.961771097640099,0
0,1,1,64,0,0,0,1,0,1,1,1,2,1,54.6,3423.5,0,0,0,0,0,1,0,0,4,4,0,109.2,0.0,52.66923076923077,4.018183201256536,8.13871075463796,0
0,1,1,3,1,0,1,1,0,0,1,0,0,0,89.85,248.4,0,1,1,0,0,1,0,0,4,0,0,0.0,89.85,62.1,4.50920979484218,5.519058033245936,1
0,0,0,36,0,0,1,0,0,0,0,0,2,0,31.05,1126.35,0,0,0,0,0,0,0,1,1,3,0,62.1,0.0,30.44189189189189,3.467297183366679,7.027625024832521,0
0,1,1,10,1,1,1,0,0,0,1,1,0,1,100.25,1064.65,1,0,1,0,0,1,0,0,5,1,1,0.0,100.25,96.78636363636365,4.617592705986649,6.971340220607248,0
0,0,0,41,1,0,0,0,0,0,0,0,2,0,20.65,835.15,0,0,0,1,0,0,1,0,1,4,0,41.3,0.0,19.88452380952381,3.075005454448499,6.728808022827132,0
0,1,1,27,1,1,0,1,0,1,0,0,0,1,85.2,2151.6,0,1,1,0,1,0,0,1,4,3,0,0.0,85.2,76.84285714285714,4.456670177669648,7.674431692830198,0
0,1,1,56,1,1,0,0,1,0,1,1,1,1,99.8,5515.45,0,0,1,0,1,0,0,1,5,4,1,99.8,99.8,96.76228070175438,4.613138355637268,8.615489816441348,0
0,0,0,6,1,0,0,0,0,0,0,0,0,0,20.7,112.75,0,0,0,1,0,0,1,0,1,0,0,0.0,0.0,16.107142857142858,3.077312260546414,4.7340030578310595,1
0,0,0,3,1,1,0,0,0,0,0,0,0,1,74.4,229.55,1,1,1,0,0,1,0,0,2,0,0,0.0,74.4,57.3875,4.32280727501391,5.440467758652715,1
0,1,1,7,1,0,1,0,0,0,0,0,0,0,50.7,350.35,0,0,0,0,0,0,1,0,2,1,0,0.0,0.0,43.79375,3.9454577815143836,5.861782877638206,0
0,1,1,4,1,0,0,0,0,0,0,0,0,0,20.85,62.9,0,0,0,1,0,0,1,0,1,0,0,0.0,0.0,12.58,3.084200921541599,4.157319361383489,1
0,0,0,33,1,0,1,0,0,1,1,0,2,1,88.95,3027.65,0,1,1,0,0,1,0,0,4,3,0,177.9,88.95,89.0485294117647,4.499253960396542,8.015872254664492,0
1,0,0,27,1,1,0,0,1,0,0,0,0,1,78.05,2135.5,1,0,1,0,0,1,0,0,3,3,0,0.0,78.05,76.26785714285714,4.370080563655481,7.66692425508408,0
0,1,0,72,1,1,0,0,0,0,0,0,2,1,23.55,1723.95,0,1,0,1,0,0,0,1,2,4,0,47.1,0.0,23.615753424657534,3.2007118542405295,7.452953343538126,0
0,0,0,1,1,0,0,0,0,0,0,0,0,0,19.75,19.75,0,1,0,1,0,0,1,0,1,0,0,0.0,0.0,9.875,3.0325462466767075,3.0325462466767075,1
1,0,0,71,0,0,1,1,0,0,1,1,1,1,56.45,3985.35,0,1,0,0,0,1,0,0,4,4,0,56.45,0.0,55.35208333333333,4.050915004294764,8.290631304243542,0
0,0,0,13,1,1,0,0,0,0,0,1,0,1,85.95,1215.65,0,0,1,0,0,1,0,0,3,2,0,0.0,85.95,86.83214285714287,4.465333240800292,7.103856459184463,0
0,1,1,25,0,0,1,1,1,0,1,1,0,1,58.6,1502.65,1,0,0,0,1,0,0,1,5,3,0,0.0,0.0,57.79423076923077,4.087655574071304,7.315650764662011,0
0,0,0,67,1,0,0,0,0,1,0,0,2,0,50.55,3260.1,0,1,0,0,0,0,0,1,2,4,0,101.1,0.0,47.942647058823525,3.942552210462969,8.089819840759192,0
0,0,0,1,0,0,0,0,0,0,0,1,0,1,35.45,35.45,1,1,0,0,0,1,0,0,1,0,0,0.0,0.0,17.725,3.5959414584546674,3.5959414584546674,1
0,0,0,2,1,0,0,0,0,0,0,0,0,0,44.35,81.25,1,1,0,0,0,1,0,0,1,0,0,0.0,0.0,27.083333333333332,3.814410176561146,4.409763389645481,1
0,0,0,43,1,1,0,0,0,0,0,0,2,1,25.7,1188.2,0,0,0,1,1,0,0,1,2,4,0,51.4,0.0,27.004545454545454,3.2846635654062037,7.081036091123942,0
0,0,0,23,1,0,1,0,0,0,0,0,0,1,75.0,1778.5,0,0,1,0,0,0,0,1,2,2,0,0.0,75.0,74.10416666666667,4.330733340286331,7.484087704950247,0
0,1,1,64,1,0,0,0,0,0,0,0,2,0,20.2,1277.75,0,0,0,1,0,0,1,0,1,4,0,40.4,0.0,19.657692307692308,3.054001181677967,7.153638317265837,0
0,0,1,57,1,0,0,0,0,0,0,0,2,1,19.6,1170.55,0,1,0,1,0,0,1,0,1,4,0,39.2,0.0,20.181896551724137,3.0252910757955354,7.0660829373614416,0
1,1,0,1,1,0,0,0,0,0,0,0,0,1,70.45,70.45,1,0,1,0,0,0,1,0,1,0,0,0.0,70.45,35.225,4.268997904375876,4.268997904375876,1
1,1,1,72,1,1,1,1,1,1,1,1,2,1,88.05,6425.65,0,0,0,0,1,0,0,1,8,4,0,176.1,0.0,88.02260273972603,4.489198009735671,8.768208686132068,0
0,0,0,8,1,1,1,0,0,1,0,1,0,0,71.15,563.65,1,0,0,0,0,1,0,0,5,1,0,0.0,0.0,62.62777777777777,4.27874728521988,6.33620607016968,0
0,1,0,61,1,1,0,1,0,0,1,1,2,1,101.05,5971.25,0,0,1,0,0,0,0,1,5,4,1,202.1,101.05,96.31048387096774,4.625462889255854,8.694879019805663,0
0,0,0,64,1,1,1,1,0,0,0,0,1,1,84.3,5289.05,0,1,1,0,1,0,0,1,4,4,0,84.3,84.3,81.37,4.446174454497633,8.573582976603518,0
1,1,0,71,1,1,0,0,0,0,0,0,2,0,23.95,1756.2,0,1,0,1,0,0,0,1,2,4,0,47.9,0.0,24.391666666666666,3.2168738221975275,7.4714769121016245,0
0,1,1,65,1,1,1,1,0,1,1,0,2,1,99.05,6416.7,0,0,1,0,1,0,0,1,6,4,1,198.1,99.05,97.22272727272727,4.605670061029742,8.766815077043479,0
0,0,0,3,1,0,0,0,0,0,0,0,1,0,19.6,61.35,0,1,0,1,0,0,1,0,1,0,0,19.6,0.0,15.3375,3.0252910757955354,4.132763672126045,1
0,0,0,1,1,0,0,0,0,0,0,0,0,1,45.65,45.65,1,1,0,0,0,1,0,0,1,0,0,0.0,0.0,22.825,3.8426729272933526,3.8426729272933526,1
0,0,1,30,1,0,0,1,1,0,1,0,1,0,64.5,1929.95,0,1,0,0,1,0,0,1,4,3,0,64.5,0.0,62.25645161290323,4.182050142641207,7.565767388773753,0
0,1,1,15,1,0,0,1,1,1,0,1,0,1,69.5,1071.4,0,1,0,0,0,0,1,0,5,2,0,0.0,0.0,66.9625,4.255612709818223,6.977654406361804,0
0,1,1,8,1,0,0,0,0,1,1,1,0,1,68.55,564.35,0,0,0,0,0,1,0,0,4,1,0,0.0,0.0,62.705555555555556,4.242045918369452,6.337445008381255,0
0,0,0,7,1,1,0,0,0,0,1,1,0,0,95.0,655.5,1,1,1,0,0,0,1,0,4,1,1,0.0,95.0,81.9375,4.564348191467836,6.486922693742851,0
0,1,1,70,1,1,1,1,1,0,1,1,1,1,108.15,7930.55,0,0,1,0,1,0,0,1,7,4,1,108.15,108.15,111.69788732394366,4.692723082995953,8.97860375580645,0
0,1,1,62,1,0,1,1,1,1,1,1,2,0,86.1,5215.25,0,1,0,0,0,1,0,0,7,4,0,172.2,0.0,82.78174603174604,4.467056883858457,8.559534031905763,0
0,1,1,6,1,0,0,0,0,0,0,0,0,0,19.7,113.5,0,0,0,1,0,0,1,0,1,0,0,0.0,0.0,16.214285714285715,3.0301337002713233,4.740574822994295,1
0,1,1,14,1,0,0,0,0,0,0,1,0,1,80.9,1152.8,0,0,1,0,0,0,0,1,2,2,0,0.0,80.9,76.85333333333332,4.405498990859024,7.050816121822789,0
0,0,0,22,1,1,0,0,0,0,1,0,0,1,84.15,1821.95,0,0,1,0,0,0,0,1,3,2,0,0.0,84.15,79.21521739130435,4.444414407108697,7.508211346984919,0
0,1,1,22,1,0,0,0,0,0,0,0,1,0,20.15,419.9,0,1,0,1,0,0,1,0,1,2,0,20.15,0.0,18.256521739130434,3.0516399054922867,6.042395275776525,0
0,1,1,16,1,0,1,0,1,0,1,0,2,0,64.25,1024.0,0,1,0,0,0,0,1,0,4,2,0,128.5,0.0,60.23529411764706,4.178226046202803,6.932447891572509,0
0,0,0,10,1,1,0,0,0,0,0,0,2,0,25.7,251.6,0,1,0,1,0,0,0,1,2,1,0,51.4,0.0,22.87272727272727,3.2846635654062037,5.531807209916391,0
0,0,1,13,1,0,1,1,0,0,0,0,0,1,56.0,764.55,0,0,0,0,0,1,0,0,3,2,0,0.0,0.0,54.61071428571428,4.04305126783455,6.640594529751104,0
0,1,0,20,1,1,1,0,0,0,0,0,0,0,82.4,1592.35,1,0,1,0,0,1,0,0,3,2,0,0.0,82.4,75.82619047619048,4.423648309364701,7.37359399701373,0
0,0,0,2,1,0,0,0,0,0,0,0,0,1,69.7,135.2,0,0,1,0,0,1,0,0,1,0,0,0.0,69.7,45.06666666666666,4.258445572902527,4.9141243937154115,1
0,0,0,53,1,1,0,1,1,1,0,1,2,1,73.9,3958.25,0,1,0,0,0,0,0,1,6,4,0,147.8,0.0,73.30092592592592,4.316153890523174,8.283809892371835,0
0,1,1,11,1,0,0,0,0,0,0,0,1,0,20.6,233.9,0,0,0,1,0,0,1,0,1,1,0,20.6,0.0,19.491666666666667,3.0726933146901194,5.459159891664867,0
0,1,0,69,1,0,0,0,0,0,0,0,2,0,19.9,1363.45,0,1,0,1,0,0,1,0,1,4,0,39.8,0.0,19.477857142857143,3.039749158970765,7.2185066960178625,0
0,0,0,4,1,0,0,0,0,0,0,0,0,1,70.9,273.0,1,0,1,0,0,0,0,1,1,0,0,0.0,70.9,54.6,4.275276264727001,5.6131281063880705,1
0,1,0,72,1,1,1,1,1,1,1,1,2,1,89.05,6254.45,0,1,0,0,0,0,0,1,8,4,0,178.1,0.0,85.67739726027396,4.500365071621965,8.741208362759322,0
1,1,0,58,0,0,0,1,1,0,0,1,0,1,45.3,2651.2,1,1,0,0,0,1,0,0,3,4,0,0.0,0.0,44.93559322033898,3.835141961092188,7.883144763243498,0
0,1,1,16,1,0,0,0,0,0,0,0,0,0,20.4,321.4,0,0,0,1,0,1,0,0,1,2,0,0.0,0.0,18.905882352941177,3.0633909220278057,5.775793010632473,0
0,1,0,43,1,0,1,0,1,1,0,0,1,1,84.25,3539.25,0,1,1,0,0,0,0,1,4,4,0,84.25,84.25,80.4375,4.445588116163626,8.171952625103168,0
0,1,0,2,1,1,0,0,1,1,1,1,0,1,104.4,242.8,1,0,1,0,0,1,0,0,6,0,1,0.0,104.4,80.93333333333334,4.657762636107262,5.496348217047172,1
0,1,0,14,1,0,0,1,1,1,1,1,2,0,81.95,1181.75,0,1,0,0,0,0,1,0,6,2,0,163.9,0.0,78.78333333333333,4.418238016636454,7.075597514511258,0
0,1,0,53,1,0,0,0,1,0,1,1,1,1,94.85,5000.2,1,0,1,0,0,0,0,1,4,4,1,94.85,94.85,92.59629629629629,4.562784469491653,8.517433162620845,0
0,0,0,32,1,0,0,0,0,0,0,0,1,0,20.55,654.55,0,0,0,1,0,0,0,1,1,3,0,20.55,0.0,19.834848484848482,3.070375816549757,6.485474577945411,0
0,1,0,34,1,1,0,0,0,0,0,0,0,0,24.7,780.2,0,0,0,1,0,1,0,0,2,3,0,0.0,0.0,22.291428571428572,3.246490991901174,6.660831199002524,0
1,0,0,15,1,1,0,0,0,0,0,0,0,1,74.45,1145.7,1,0,1,0,0,0,1,0,2,2,0,0.0,74.45,71.60625,4.323470185213858,7.044643531044259,0
1,0,0,7,1,0,1,0,0,0,0,0,0,0,76.45,503.6,1,0,1,0,0,0,0,1,2,1,0,0.0,76.45,62.95,4.349632566862877,6.223766036206958,0
0,1,1,15,1,1,0,1,1,0,1,1,0,1,105.35,1559.25,0,0,1,0,0,0,0,1,6,2,1,0.0,105.35,97.453125,4.666735541646246,7.352601343814152,0
0,1,0,61,1,0,0,0,0,0,0,0,1,1,20.55,1252.0,0,1,0,1,1,0,0,1,1,4,0,20.55,0.0,20.193548387096776,3.070375816549757,7.133295954896068,0
0,0,0,1,0,0,0,1,0,0,0,0,0,0,29.95,29.95,1,0,0,0,0,0,0,1,1,0,0,0.0,0.0,14.975,3.432372999130605,3.432372999130605,1
0,0,0,1,1,0,0,0,0,0,0,0,0,0,45.3,45.3,0,0,0,0,0,0,1,0,1,0,0,0.0,0.0,22.65,3.835141961092188,3.835141961092188,1
0,0,0,8,1,1,0,0,0,0,0,1,0,0,84.5,662.65,1,1,1,0,0,0,0,1,3,1,0,0.0,84.5,73.62777777777778,4.448516375942715,6.497754902072211,0
0,1,1,33,1,0,1,0,1,0,1,1,1,0,74.75,2453.3,0,1,0,0,1,0,0,1,5,3,0,74.75,0.0,72.15588235294118,4.327438444389479,7.805596867187762,0
0,0,0,13,1,0,0,1,1,0,0,0,0,1,79.25,1111.65,1,0,1,0,0,1,0,0,3,2,0,0.0,79.25,79.40357142857144,4.385146762010125,7.014499836412125,0
0,1,0,1,0,0,0,0,0,0,0,0,0,1,24.8,24.8,1,0,0,0,0,1,0,0,0,0,0,0.0,0.0,12.4,3.250374491927572,3.250374491927572,1
0,0,0,20,1,0,0,1,0,0,0,0,0,1,51.8,1023.85,0,1,0,0,0,0,1,0,2,2,0,0.0,0.0,48.75476190476191,3.966511190712216,6.932301539400137,0
0,0,0,3,0,0,0,0,0,1,0,0,0,0,30.4,82.15,0,1,0,0,0,1,0,0,1,0,0,0.0,0.0,20.5375,3.4468078929142076,4.420646205638937,1
0,0,0,13,1,0,0,0,0,0,0,0,1,0,19.65,244.8,0,0,0,1,0,1,0,0,1,2,0,19.65,0.0,17.485714285714288,3.027715319407042,5.504518197131935,0
0,1,0,40,1,1,0,1,0,0,0,0,0,0,56.6,2379.1,0,0,0,0,1,0,0,1,3,4,0,0.0,0.0,58.02682926829268,4.053522567701846,7.774897782589561,0
0,1,1,43,1,1,1,0,0,1,0,1,1,1,71.9,3173.35,0,1,0,0,1,0,0,1,5,4,0,71.9,0.0,72.12159090909091,4.289088639014612,8.06285816595844,0
0,1,0,6,1,0,0,1,1,0,0,1,0,1,91.0,531.0,1,1,1,0,0,1,0,0,4,0,1,0.0,91.0,75.85714285714286,4.5217885770490405,6.2766434893416445,1
0,1,1,69,1,0,0,0,0,0,0,0,2,0,19.75,1375.4,0,0,0,1,0,0,0,1,1,4,0,39.5,0.0,19.64857142857143,3.0325462466767075,7.227226673923325,0
0,1,1,72,1,1,1,1,1,0,1,1,2,0,109.7,8129.3,0,0,1,0,1,0,0,1,7,4,1,219.4,109.7,111.36027397260274,4.706823839714591,9.003353102230058,0
0,1,1,59,1,0,0,0,0,0,0,0,2,0,19.3,1192.7,0,1,0,1,1,0,0,1,1,4,0,38.6,0.0,19.878333333333334,3.0106208860477417,7.084813006100993,0
0,1,0,20,1,0,1,1,0,1,1,0,0,1,96.55,1901.65,0,0,1,0,0,1,0,0,5,2,1,0.0,96.55,90.5547619047619,4.5803650670691205,7.551002930254652,0
0,1,1,24,1,1,0,0,0,0,0,0,2,1,24.1,587.4,0,1,0,1,0,0,0,1,2,2,0,48.2,0.0,23.496,3.2228678461377385,6.377406988727283,0
0,0,0,59,1,1,0,1,1,1,1,1,0,1,111.35,6519.75,0,1,1,0,0,1,0,0,7,4,1,0.0,111.35,108.6625,4.721618998631338,8.782744678980025,0
0,1,1,72,1,1,0,1,1,1,1,1,2,1,112.25,8041.65,0,1,1,0,0,0,0,1,7,4,1,224.5,112.25,110.15958904109588,4.7295977643631435,8.992513909856259,0
0,0,1,1,1,0,0,0,0,0,0,0,0,0,20.75,20.75,0,1,0,1,0,0,1,0,1,0,0,0.0,0.0,10.375,3.079613757534693,3.079613757534693,1
0,1,0,27,1,0,1,0,0,1,1,1,1,1,101.9,2681.15,0,0,1,0,1,0,0,1,5,3,1,101.9,101.9,95.75535714285715,4.633757642840004,7.8943739906893216,0
0,0,0,14,1,0,0,1,0,1,0,0,0,1,80.05,1112.3,0,0,1,0,1,0,0,1,3,2,0,0.0,80.05,74.15333333333334,4.395066248181685,7.015083856734662,0
0,1,1,71,1,1,1,0,1,0,1,1,2,0,105.55,7405.5,0,1,1,0,0,1,0,0,6,4,1,211.1,105.55,102.85416666666667,4.668614358544626,8.910113272022107,0
0,0,1,13,1,0,0,0,0,0,1,0,0,1,78.3,1033.95,0,1,1,0,1,0,0,1,2,2,0,0.0,78.3,73.85357142857143,4.373238128640803,6.9421083953538,0
0,0,0,44,1,0,0,0,0,0,0,0,0,0,68.85,2958.95,0,1,1,0,1,0,0,1,1,4,0,0.0,68.85,65.75444444444445,4.246350085702971,7.992927655283545,0
0,0,0,33,1,0,0,1,0,1,0,0,1,1,79.95,2684.85,0,0,1,0,0,0,0,1,3,3,0,79.95,79.95,78.96617647058824,4.393831680123644,7.895752530400927,0
0,1,1,72,0,0,1,1,1,1,0,1,2,1,55.45,4179.2,0,1,0,0,1,0,0,1,5,4,0,110.9,0.0,57.249315068493146,4.033355290595671,8.338114371264128,0
0,0,0,1,1,0,0,0,0,0,0,1,0,0,79.9,79.9,1,1,1,0,0,1,0,0,2,0,0,0.0,79.9,39.95,4.393213824064446,4.393213824064446,1
0,0,0,19,1,0,1,0,1,1,1,1,0,1,106.6,1934.45,1,0,1,0,0,1,0,0,6,2,1,0.0,106.6,96.7225,4.678420647727684,7.568095136565964,0
0,1,0,64,1,0,0,1,1,1,1,1,1,1,102.45,6654.1,0,1,1,0,1,0,0,1,6,4,1,102.45,102.45,102.37076923076924,4.639088404191552,8.803138757012336,0
0,0,0,2,1,0,0,0,0,0,0,0,0,1,46.0,84.5,1,1,0,0,1,0,0,1,1,0,0,0.0,0.0,28.166666666666668,3.8501476017100584,4.448516375942715,1
0,0,0,1,0,0,0,0,0,0,0,0,0,0,25.25,25.25,0,0,0,0,0,1,0,0,0,0,0,0.0,0.0,12.625,3.2676659890376327,3.2676659890376327,1
0,0,1,61,1,0,0,0,0,0,0,0,2,0,19.75,1124.2,0,1,0,1,0,0,1,0,1,4,0,39.5,0.0,18.13225806451613,3.0325462466767075,7.025716076615701,0
0,1,1,29,1,0,0,0,0,0,0,0,1,0,20.0,540.05,0,0,0,1,0,1,0,0,1,3,0,20.0,0.0,18.001666666666665,3.044522437723423,6.293511696017657,0
1,1,0,23,1,1,0,0,0,0,0,1,0,0,86.8,1975.85,0,1,1,0,0,1,0,0,3,2,0,0.0,86.8,82.32708333333333,4.475061500641071,7.589259947758008,0
0,1,0,57,0,0,1,1,1,0,1,1,0,1,58.75,3437.45,0,0,0,0,0,0,0,1,5,4,0,0.0,0.0,59.266379310344824,4.09016919081162,8.142776067429795,0
0,1,1,72,0,0,1,1,1,1,0,0,2,0,45.25,3139.8,0,1,0,0,1,0,0,1,4,4,0,90.5,0.0,43.01095890410959,3.834061463958434,8.052232823522196,0
0,1,0,66,0,0,1,1,1,1,1,0,2,1,56.6,3789.2,0,1,0,0,0,0,0,1,5,4,0,113.2,0.0,56.55522388059701,4.053522567701846,8.24017406713271,0
0,1,1,65,1,1,0,1,1,1,1,1,2,1,84.2,5324.5,0,1,0,0,0,0,0,1,7,4,0,168.4,0.0,80.67424242424242,4.44500143383527,8.580261882883221,0
0,0,0,8,1,0,0,0,0,0,1,0,0,1,80.0,624.6,0,0,1,0,0,0,0,1,2,1,0,0.0,80.0,69.4,4.394449154672439,6.4387111892311015,0
0,0,0,4,1,0,0,0,0,0,0,0,0,1,70.15,268.35,1,0,1,0,0,1,0,0,1,0,0,0.0,70.15,53.67,4.264790324535862,5.596011649126543,1
0,1,0,71,1,1,0,0,0,0,0,0,2,0,24.75,1836.9,0,0,0,1,0,0,0,1,2,4,0,49.5,0.0,25.512500000000003,3.248434627109745,7.516378894471428,0
0,1,1,1,1,0,0,0,0,0,0,0,1,1,20.2,20.2,0,1,0,1,0,1,0,0,1,0,0,20.2,0.0,10.1,3.054001181677967,3.054001181677967,1
0,1,0,4,1,0,0,0,0,1,0,0,0,0,50.05,179.35,1,1,0,0,0,0,1,0,2,0,0,0.0,0.0,35.87,3.9328055446106744,5.194899407349548,1
0,0,0,12,1,0,0,0,0,0,0,0,1,1,19.35,219.35,0,0,0,1,0,0,0,1,1,1,0,19.35,0.0,16.873076923076923,3.013080911888604,5.395217191287996,0
0,0,0,24,0,0,1,0,0,0,1,1,1,1,50.6,1288.75,0,1,0,0,0,0,1,0,3,2,0,50.6,0.0,51.55,3.9435216724875173,7.162203680124759,0
0,1,1,31,1,0,1,0,1,1,1,1,1,1,81.15,2545.75,0,0,0,0,0,0,1,0,6,3,0,81.15,0.0,79.5546875,4.408546844483277,7.842573315470176,0
0,1,0,1,1,0,0,0,0,0,1,0,0,0,55.2,55.2,1,0,0,0,0,0,1,0,2,0,0,0.0,0.0,27.6,4.028916756899646,4.028916756899646,1
0,0,0,30,1,1,0,0,0,1,0,1,0,1,89.9,2723.15,0,1,1,0,1,0,0,1,4,3,1,0.0,89.9,87.84354838709677,4.509760001183433,7.909911731832617,0
0,1,1,47,1,1,1,1,0,1,1,1,2,1,85.3,4107.25,0,0,0,0,1,0,0,1,7,4,0,170.6,0.0,85.56770833333333,4.457829598089382,8.3207524260614,0
0,0,0,54,1,1,1,1,0,1,1,1,2,1,108.0,5760.65,0,1,1,0,1,0,0,1,7,4,1,216.0,108.0,104.7390909090909,4.6913478822291435,8.658979171001915,0
0,0,0,50,1,0,1,1,0,1,0,1,0,1,93.5,4747.5,0,1,1,0,1,0,0,1,5,4,1,0.0,93.5,93.08823529411765,4.548599834499697,8.465584057683007,0
0,0,0,1,1,0,1,0,0,0,0,1,0,1,84.6,84.6,1,1,1,0,0,0,1,0,3,0,0,0.0,84.6,42.3,4.449685283147696,4.449685283147696,1
0,0,0,72,1,0,0,0,0,0,0,0,2,0,20.25,1566.9,0,0,0,1,1,0,0,1,1,4,0,40.5,0.0,21.464383561643835,3.056356895370426,7.357492423366405,0
0,0,0,29,1,1,0,0,0,0,0,0,0,0,25.15,702.0,0,0,0,1,0,1,0,0,2,3,0,0.0,0.0,23.4,3.263849190510932,6.555356891810665,0
0,0,0,2,1,1,0,1,0,0,0,0,0,1,54.4,114.1,1,1,0,0,0,0,1,0,3,0,0,0.0,0.0,38.03333333333333,4.014579593753238,4.745801315727837,1
0,0,0,10,0,0,0,0,0,1,0,0,2,1,29.6,299.05,0,0,0,0,0,0,1,0,1,1,0,59.2,0.0,27.186363636363637,3.4210000089583352,5.703949127435522,0
0,1,0,18,1,1,0,0,0,0,0,0,0,1,73.15,1305.95,0,1,1,0,0,1,0,0,2,2,0,0.0,73.15,68.73421052631579,4.306090068583941,7.175451457345406,0
1,0,0,11,1,0,0,1,0,0,1,1,0,1,95.0,1120.3,1,0,1,0,0,1,0,0,4,1,1,0.0,95.0,93.35833333333333,4.564348191467836,7.022244005466835,0
0,0,0,16,1,0,0,0,0,0,0,0,2,0,19.75,284.35,0,1,0,1,0,0,1,0,1,2,0,39.5,0.0,16.726470588235294,3.0325462466767075,5.653716496982717,0
0,0,0,72,1,1,0,1,1,1,1,1,2,0,86.6,6350.5,0,0,0,0,0,0,0,1,7,4,0,173.2,0.0,86.9931506849315,4.472780997942346,8.756446284463516,0
0,0,0,72,1,1,0,1,1,1,1,1,2,0,109.2,7878.3,0,1,1,0,0,0,0,1,7,4,1,218.4,109.2,107.92191780821918,4.702296896718814,8.971994346418777,0
0,1,1,41,1,0,1,0,0,1,1,1,1,1,74.7,3187.65,0,0,0,0,1,0,0,1,5,4,0,74.7,0.0,75.89642857142857,4.3267781604434035,8.067352908713396,0
1,1,0,65,1,0,1,1,1,0,0,1,0,0,94.4,6126.15,0,0,1,0,0,1,0,0,5,4,1,0.0,94.4,92.82045454545454,4.558078578454241,8.72048499422784,0
1,0,0,13,1,0,0,1,1,0,0,0,0,1,54.8,731.3,0,0,0,0,0,1,0,0,3,2,0,0.0,0.0,52.23571428571428,4.021773869387265,6.596190266067024,0
1,0,0,4,1,0,1,0,0,0,0,0,0,0,75.35,273.4,0,1,1,0,0,1,0,0,2,0,0,0.0,75.35,54.67999999999999,4.335328031664641,5.61458689585173,1
0,0,0,41,1,1,0,0,1,0,0,1,1,0,65.0,2531.8,0,1,0,0,0,0,1,0,4,4,0,65.0,0.0,60.280952380952385,4.189654742026425,7.837080689126748,0
1,0,0,15,1,0,0,1,0,0,0,0,0,1,74.4,1074.3,1,1,1,0,0,1,0,0,2,2,0,0.0,74.4,67.14375,4.32280727501391,6.980354971396481,0
0,0,0,1,1,0,1,0,0,0,0,0,0,1,48.55,48.55,1,1,0,0,0,0,1,0,2,0,0,0.0,0.0,24.275,3.902982260775997,3.902982260775997,1
0,0,0,42,1,1,1,1,1,0,0,1,1,1,99.0,4298.45,0,1,1,0,0,1,0,0,6,4,1,99.0,99.0,99.96395348837208,4.605170185988092,8.366242386524114,0
0,1,0,51,1,0,1,1,1,0,1,0,1,1,93.5,4619.55,0,0,1,0,0,1,0,0,5,4,1,93.5,93.5,88.8375,4.548599834499697,8.438269024609227,0
0,1,1,2,1,0,0,0,0,0,0,0,0,0,70.4,147.15,1,0,1,0,0,1,0,0,1,0,0,0.0,70.4,49.050000000000004,4.268297869345539,4.998225274019575,1
1,1,0,1,0,0,0,1,0,0,1,0,0,0,40.2,40.2,1,1,0,0,0,1,0,0,2,0,0,0.0,0.0,20.1,3.7184382563554808,3.7184382563554808,1
0,0,1,32,1,1,0,1,1,1,1,1,1,0,83.7,2633.3,0,1,0,0,1,0,0,1,7,3,0,83.7,0.0,79.7969696969697,4.439115601658009,7.87637277103406,0
0,0,0,10,1,0,0,0,0,0,0,0,0,1,19.85,193.05,0,1,0,1,0,0,1,0,1,1,0,0.0,0.0,17.55,3.0373539482448106,5.268115857814915,0
0,1,1,67,0,0,0,1,1,1,1,1,2,1,59.55,4103.9,0,0,0,0,0,1,0,0,5,4,0,119.1,0.0,60.35147058823529,4.1034694699991014,8.319936661053873,0
0,1,1,61,1,1,1,1,1,1,1,1,2,0,115.1,7008.15,0,0,1,0,1,0,0,1,8,4,1,230.2,115.1,113.03467741935484,4.754451888703846,8.85497171732711,0
0,0,0,50,1,1,1,1,1,1,1,1,1,0,114.35,5791.1,0,1,1,0,1,0,0,1,8,4,1,114.35,114.35,113.55098039215687,4.747970984619762,8.664250199109881,0
0,1,0,2,1,0,0,0,0,0,0,0,0,1,44.6,80.55,1,0,0,0,1,0,0,1,1,0,0,0.0,0.0,26.849999999999998,3.8199077165203406,4.401216329067023,1
1,1,0,29,0,0,1,0,1,0,0,1,0,1,45.0,1228.65,0,0,0,0,0,1,0,0,3,3,0,0.0,0.0,40.955000000000005,3.828641396489095,7.114484855028092,0
1,0,0,3,0,0,0,0,1,0,0,1,0,1,41.15,132.2,1,1,0,0,0,1,0,0,2,0,0,0.0,0.0,33.05,3.7412346844478646,4.891851758106289,1
1,0,0,13,1,1,0,1,1,0,1,1,0,1,106.9,1364.3,1,1,1,0,0,1,0,0,6,2,1,0.0,106.9,97.45,4.681204872264089,7.219129463690706,0
1,1,0,57,1,1,0,1,0,0,0,1,0,1,89.85,4925.35,0,1,1,0,0,1,0,0,4,4,0,0.0,89.85,84.9198275862069,4.50920979484218,8.502353627719575,0
0,0,0,31,0,0,1,1,0,1,0,1,2,1,49.85,1520.1,0,0,0,0,0,0,0,1,4,3,0,99.7,0.0,47.503125,3.928880122494569,7.327189036317697,0
0,1,0,45,1,1,1,1,1,1,1,1,1,0,113.3,5032.25,0,0,1,0,0,0,1,0,8,4,1,113.3,113.3,109.39673913043478,4.738826570800765,8.52382117770646,0
0,1,1,61,1,1,1,1,1,1,1,1,2,0,88.1,5526.75,0,0,0,0,0,0,1,0,8,4,0,176.2,0.0,89.14112903225806,4.489759334476764,8.617536140112266,0
0,0,0,50,1,1,0,0,0,0,0,0,2,0,24.9,1195.25,0,1,0,1,0,0,0,1,2,4,0,49.8,0.0,23.436274509803923,3.254242968705492,7.086946942767164,0
1,0,0,19,1,0,1,1,0,1,1,1,0,1,105.0,2007.25,0,0,1,0,0,0,1,0,6,2,1,0.0,105.0,100.3625,4.663439094112067,7.605018975053922,0
0,0,0,59,1,0,0,0,0,0,0,0,2,0,19.35,1099.6,1,1,0,1,0,0,1,0,1,4,0,38.7,0.0,18.326666666666664,3.013080911888604,7.003610764625658,0
0,1,0,71,1,1,0,0,0,0,0,0,2,1,24.25,1732.95,0,0,0,1,1,0,0,1,2,4,0,48.5,0.0,24.06875,3.228826155721369,7.458157321861312,0
1,0,0,16,1,0,0,0,0,1,1,1,0,1,94.45,1511.2,1,0,1,0,0,1,0,0,4,2,1,0.0,94.45,88.89411764705882,4.558602550171757,7.32132082312417,0
0,1,0,57,1,0,1,1,0,1,0,0,2,1,59.75,3450.15,0,1,0,0,0,1,0,0,4,4,0,119.5,0.0,59.48534482758621,4.1067670822206574,8.146462787815526,0
0,0,0,1,0,0,0,0,0,0,0,0,0,0,24.8,24.8,1,1,0,0,0,0,0,1,0,0,0,0.0,0.0,12.4,3.250374491927572,3.250374491927572,1
1,1,0,20,1,1,0,1,0,1,1,1,0,0,107.05,2172.05,0,1,1,0,0,1,0,0,6,2,1,0.0,107.05,103.43095238095239,4.682594082952895,7.68388698965577,0
0,0,0,1,1,0,0,0,0,0,0,0,0,0,70.6,70.6,1,1,1,0,0,0,1,0,1,0,0,0.0,70.6,35.3,4.2710950739666,4.2710950739666,1
0,1,0,5,1,1,0,1,0,1,0,0,0,1,85.4,401.1,1,1,1,0,0,1,0,0,4,0,0,0.0,85.4,66.85000000000001,4.45898767581001,5.996700813903228,1
0,1,0,52,1,1,0,1,1,0,1,1,0,1,105.05,5624.85,1,0,1,0,0,1,0,0,6,4,1,0.0,105.05,106.12924528301888,4.663910681010692,8.635127326767599,0
1,1,0,21,1,0,1,1,0,0,0,1,0,1,64.95,1339.8,0,1,0,0,0,0,0,1,4,2,0,0.0,0.0,60.9,4.188896879163323,7.2010217297278185,0
0,0,0,14,0,0,0,0,1,1,1,1,0,1,55.0,771.95,0,1,0,0,0,1,0,0,4,2,0,0.0,0.0,51.46333333333334,4.02535169073515,6.650214363442343,0
0,0,0,5,1,0,0,1,0,0,0,0,0,0,50.55,244.75,0,0,0,0,0,0,0,1,2,0,0,0.0,0.0,40.791666666666664,3.942552210462969,5.504314759027276,1
0,0,0,6,1,0,1,1,0,0,0,0,0,0,55.15,322.9,0,0,0,0,0,0,1,0,3,0,0,0.0,0.0,46.128571428571426,4.0280266811844525,5.7804348261772835,1
0,0,0,10,1,0,0,1,0,0,0,0,0,0,51.2,498.25,0,0,0,0,0,1,0,0,2,1,0,0.0,0.0,45.29545454545455,3.955082494888593,6.2131069722959245,0
0,0,1,1,1,1,0,0,0,0,0,0,0,0,25.4,25.4,0,0,0,1,0,0,1,0,2,0,0,0.0,0.0,12.7,3.2733640101522705,3.2733640101522705,1
0,0,0,68,1,1,1,0,0,0,0,0,0,0,54.45,3687.75,0,0,0,0,0,0,1,0,3,4,0,0.0,0.0,53.44565217391305,4.015481713796376,8.213042926257149,0
0,1,1,18,1,0,0,0,1,0,1,1,0,0,95.15,1779.95,1,1,1,0,0,0,1,0,4,2,1,0.0,95.15,93.68157894736842,4.565909472034789,7.484902208779911,0
0,0,0,22,1,1,0,0,0,0,0,0,1,1,76.0,1783.6,0,0,1,0,1,0,0,1,2,2,0,76.0,76.0,77.54782608695652,4.343805421853684,7.486949579466051,0
0,0,0,20,1,0,0,0,0,0,0,0,0,1,44.35,927.15,0,0,0,0,0,1,0,0,1,2,0,0.0,0.0,44.15,3.814410176561146,6.833193357655232,0
0,1,0,1,1,0,0,0,0,0,0,0,0,0,70.0,70.0,1,1,1,0,0,1,0,0,1,0,0,0.0,70.0,35.0,4.2626798770413155,4.2626798770413155,1
1,0,0,8,1,0,0,1,0,0,0,0,0,1,74.5,606.55,1,1,1,0,0,1,0,0,2,1,0,0.0,74.5,67.39444444444445,4.324132656254979,6.409434476354621,0
0,0,0,10,1,0,0,0,0,0,0,0,0,1,44.85,435.4,1,1,0,0,1,0,0,1,1,1,0,0.0,0.0,39.58181818181818,3.825375198702474,6.0785592539589155,0
1,0,0,24,1,1,0,0,0,0,0,0,0,1,76.1,1712.7,1,1,1,0,0,1,0,0,2,2,0,0.0,76.1,68.508,4.345103280569283,7.446410054666804,0
0,0,0,35,1,0,1,1,1,0,0,0,1,0,61.2,2021.2,0,1,0,0,0,0,1,0,4,3,0,61.2,0.0,56.144444444444446,4.130354999745133,7.6119413066572985,0
0,1,1,23,1,0,0,1,1,1,0,0,1,0,86.8,1940.8,0,1,1,0,0,0,1,0,4,2,0,86.8,86.8,80.86666666666666,4.475061500641071,7.571370656936044,0
1,0,0,6,1,0,0,0,0,0,1,1,0,1,89.35,567.8,0,0,1,0,0,1,0,0,3,0,0,0.0,89.35,81.11428571428571,4.503691017038237,6.343528878489031,1
0,0,0,12,1,0,0,0,0,0,0,0,0,0,19.7,220.35,0,0,0,1,0,0,1,0,1,1,0,0.0,0.0,16.95,3.0301337002713233,5.39974515917815,0
0,0,0,1,1,0,0,0,0,0,0,0,0,0,20.25,20.25,0,1,0,1,0,0,1,0,1,0,0,0.0,0.0,10.125,3.056356895370426,3.056356895370426,1
0,1,1,71,1,0,0,0,1,0,0,0,2,0,76.05,5436.45,0,0,1,0,0,1,0,0,2,4,0,152.1,76.05,75.50625,4.344454561766125,8.601065479952362,0
1,1,0,35,1,1,0,0,1,0,1,1,0,1,100.8,3437.5,0,1,1,0,0,1,0,0,5,3,1,0.0,100.8,95.48611111111111,4.623010104116422,8.14279060875989,0
0,1,1,40,1,1,0,0,1,0,1,1,0,1,74.55,3015.75,0,1,0,0,0,1,0,0,5,4,0,0.0,0.0,73.5548780487805,4.3247946887187485,8.01193537195371,0
0,0,1,1,1,0,1,0,0,0,0,0,0,1,73.6,73.6,1,0,1,0,0,0,1,0,2,0,0,0.0,73.6,36.8,4.312140507209715,4.312140507209715,1
0,0,0,23,1,0,0,0,0,0,1,1,1,1,64.9,1509.8,0,1,0,0,0,0,0,1,3,2,0,64.9,0.0,62.90833333333333,4.188138441508461,7.320394590838302,0
1,0,0,4,1,1,0,0,0,0,1,1,0,1,95.45,396.1,1,0,1,0,0,1,0,0,4,0,1,0.0,95.45,79.22,4.569024739351738,5.984188138137206,1
0,0,0,4,1,0,0,0,1,1,0,1,0,1,90.4,356.65,0,1,1,0,0,1,0,0,4,0,1,0.0,90.4,71.33,4.515245478460105,5.879554854554393,1
0,1,1,68,0,0,0,1,1,1,1,1,2,0,60.3,4109.0,0,0,0,0,1,0,0,1,5,4,0,120.6,0.0,59.55072463768116,4.115779842942166,8.32117830749028,0
0,0,1,38,1,1,0,1,0,0,0,0,0,1,81.85,3141.7,0,1,1,0,0,0,1,0,3,4,0,0.0,81.85,80.55641025641025,4.417031743872572,8.052837582035098,0
0,1,1,52,1,1,0,0,0,0,0,0,2,0,24.8,1229.1,0,1,0,1,0,0,1,0,2,4,0,49.6,0.0,23.19056603773585,3.250374491927572,7.114850745874739,0
1,1,0,32,1,1,0,0,0,0,0,0,0,1,74.9,2303.35,1,1,1,0,0,1,0,0,2,3,0,0.0,74.9,69.79848484848485,4.3294166844015844,7.742553920000891,0
0,1,1,29,1,0,0,0,1,1,1,1,2,0,75.55,2054.4,0,1,0,0,0,0,1,0,5,3,0,151.1,0.0,68.48,4.337944122103693,7.6282257551909725,0
1,1,1,38,1,1,0,1,0,0,1,1,0,0,101.15,3741.85,0,1,1,0,0,1,0,0,5,4,1,0.0,101.15,95.94487179487179,4.626442321263631,8.227602632295108,0
0,0,1,48,1,1,1,0,1,0,1,1,1,1,78.75,3682.45,0,1,0,0,1,0,0,1,6,4,0,78.75,0.0,75.15204081632653,4.378896741664954,8.211605091984318,0
0,0,0,1,1,0,0,0,0,0,0,0,0,1,19.25,19.25,0,0,0,1,0,0,0,1,1,0,0,0.0,0.0,9.625,3.0081547935525483,3.0081547935525483,1
0,0,0,22,1,0,1,0,0,1,0,1,0,1,89.05,1886.25,0,0,1,0,0,1,0,0,4,2,0,0.0,89.05,82.01086956521739,4.500365071621965,7.542876022019734,0
0,0,0,43,1,1,1,1,1,1,1,1,2,0,115.05,4895.1,0,0,1,0,1,0,0,1,8,4,1,230.1,115.05,111.25227272727274,4.754021132720446,8.49619424882018,0
1,1,0,5,1,0,0,0,0,0,0,0,0,1,69.35,341.6,0,0,1,0,0,1,0,0,1,0,0,0.0,69.35,56.93333333333334,4.253482783560398,5.83656358589002,1
0,0,0,5,1,0,0,0,0,0,1,0,0,1,80.6,415.55,1,1,1,0,0,1,0,0,2,0,0,0.0,80.6,69.25833333333334,4.401829261970061,6.032006502420918,1
0,1,1,51,1,1,1,1,0,1,1,1,1,0,110.05,5686.4,0,1,1,0,1,0,0,1,7,4,1,110.05,110.05,109.35384615384615,4.709980550340436,8.646008480687051,0
0,0,0,71,1,0,0,0,0,0,0,0,2,1,19.9,1355.1,0,1,0,1,1,0,0,1,1,4,0,39.8,0.0,18.820833333333333,3.039749158970765,7.2123682120938994,0
0,1,1,38,1,0,1,1,0,1,1,1,1,0,80.3,3058.65,1,0,0,0,1,0,0,1,6,4,0,80.3,0.0,78.42692307692307,4.398146016553765,8.026055809319672,0
1,1,0,24,1,0,0,0,1,0,1,1,0,1,93.15,2231.05,1,1,1,0,0,1,0,0,4,2,1,0.0,93.15,89.242,4.544889255103161,7.710675724683985,0
0,1,0,35,1,1,0,0,0,1,1,0,0,1,91.5,3236.35,0,1,1,0,1,0,0,1,4,3,1,0.0,91.5,89.89861111111111,4.52720864451838,8.082510372888098,0
1,0,0,54,1,1,1,1,0,1,1,1,1,0,82.45,4350.1,1,0,0,0,0,0,0,1,7,4,0,82.45,0.0,79.09272727272727,4.424247650107844,8.378183965678819,0
0,1,1,72,0,0,0,1,1,1,1,1,2,1,60.0,4264.0,0,0,0,0,0,1,0,0,5,4,0,120.0,0.0,58.41095890410959,4.110873864173311,8.35819745992578,0
0,0,0,1,1,0,0,0,0,0,0,0,0,1,44.8,44.8,0,1,0,0,0,1,0,0,1,0,0,0.0,0.0,22.4,3.824284091120139,3.824284091120139,1
0,1,1,9,1,0,1,0,0,0,0,0,1,0,48.6,422.3,0,0,0,0,0,0,1,0,2,1,0,48.6,0.0,42.230000000000004,3.903990833730882,6.048081147526878,0
0,0,0,69,0,0,1,1,0,1,1,1,2,1,60.05,4176.7,0,1,0,0,0,0,0,1,5,4,0,120.1,0.0,59.667142857142856,4.111693200556713,8.33751613484719,0
0,1,0,52,1,1,0,1,0,1,1,1,0,1,102.7,5138.1,0,0,1,0,1,0,0,1,6,4,1,0.0,102.7,96.94528301886793,4.641502115235482,8.544633245841629,0
1,1,0,11,1,0,0,0,0,1,1,0,0,1,82.9,880.05,0,0,1,0,0,1,0,0,3,1,0,0.0,82.9,73.33749999999999,4.429625613473161,6.781114378014739,0
1,0,0,2,1,0,0,0,0,0,0,0,0,1,70.35,139.05,1,0,1,0,0,1,0,0,1,0,0,0.0,70.35,46.35,4.267597343922845,4.941999501706118,1
1,1,1,28,0,0,0,0,0,0,1,0,0,1,35.9,973.65,0,0,0,0,0,1,0,0,1,3,0,0.0,0.0,33.574137931034485,3.6082115510464816,6.882078432192154,0
1,0,0,17,1,1,0,0,1,0,0,0,0,1,82.65,1470.05,0,0,1,0,1,0,0,1,3,2,0,0.0,82.65,81.66944444444444,4.426641427432833,7.293731710506439,0
0,1,1,35,1,0,0,0,0,0,0,0,2,1,19.85,739.35,0,0,0,1,0,0,1,0,1,3,0,39.7,0.0,20.5375,3.0373539482448106,6.607123047354728,0
0,0,0,8,1,0,0,0,0,0,0,0,1,1,19.2,161.95,0,0,0,1,0,0,1,0,1,1,0,19.2,0.0,17.994444444444444,3.005682604407159,5.093443405283571,0
0,0,0,46,1,1,0,1,1,0,1,0,1,1,94.9,4422.95,0,1,1,0,1,0,0,1,5,4,1,94.9,94.9,94.10531914893616,4.563305981889393,8.394788241149152,0
0,0,0,7,1,1,0,0,0,0,0,0,0,1,73.85,511.25,1,0,1,0,0,1,0,0,2,1,0,0.0,73.85,63.90625,4.3154861108656375,6.238812787119009,0
0,0,0,2,1,1,0,0,1,0,0,0,0,0,80.6,155.8,1,0,1,0,0,0,1,0,3,0,0,0.0,80.6,51.93333333333334,4.401829261970061,5.054971107916307,1
0,1,1,68,1,1,0,1,1,1,0,1,1,1,75.8,5293.95,1,1,0,0,0,0,0,1,6,4,0,75.8,0.0,76.72391304347826,4.341204640153626,8.57450881512029,0
0,0,0,43,1,1,0,1,1,0,1,1,2,1,104.6,4759.85,1,0,1,0,0,1,0,0,6,4,1,209.2,104.6,108.1784090909091,4.659658371272161,8.468181502712058,0
0,0,0,68,1,1,1,1,1,1,1,1,2,1,88.15,6148.45,0,0,0,0,0,1,0,0,8,4,0,176.3,0.0,89.10797101449275,4.49032034430915,8.724117925907073,0
0,0,0,36,1,0,0,1,0,0,1,1,0,1,94.8,3565.65,0,0,1,0,1,0,0,1,4,3,1,0.0,94.8,96.36891891891892,4.562262684976814,8.179382058873774,0
0,1,0,63,1,1,0,1,1,0,1,1,0,1,103.4,6603.0,1,1,1,0,0,1,0,0,6,4,1,0.0,103.4,103.171875,4.648229675448539,8.795430805040018,0
1,0,0,32,1,0,0,1,0,1,0,0,0,0,54.65,1830.1,0,0,0,0,0,0,0,1,3,3,0,0.0,0.0,55.45757575757575,4.019082077721554,7.512672158147668,0
0,1,0,71,1,1,1,1,1,1,1,1,2,0,85.75,6223.8,0,0,0,0,1,0,0,1,8,4,0,171.5,0.0,86.44166666666666,4.4630304188269685,8.73629659230272,0
0,1,1,66,1,1,1,1,1,0,0,0,0,1,67.45,4508.65,0,0,0,0,0,0,0,1,5,4,0,0.0,0.0,67.29328358208954,4.226103551734458,8.413974824163768,0
0,0,0,63,1,0,0,0,0,0,0,0,1,0,20.5,1328.15,0,1,0,1,0,0,1,0,1,4,0,20.5,0.0,20.75234375,3.068052935133617,7.192294919161421,0
0,0,1,41,1,0,0,0,0,0,0,0,1,1,20.25,865.0,0,0,0,1,1,0,0,1,1,4,0,20.25,0.0,20.595238095238095,3.056356895370426,6.763884908562435,0
1,0,0,1,1,1,0,0,0,0,0,0,0,1,72.1,72.1,0,0,1,0,0,1,0,0,2,0,0,0.0,72.1,36.05,4.291828366755733,4.291828366755733,1
0,0,0,2,1,0,0,0,0,0,1,1,0,1,90.4,168.2,1,0,1,0,0,1,0,0,3,0,1,0.0,90.4,56.06666666666666,4.515245478460105,5.1310814471721224,1
0,1,0,70,1,0,0,0,0,0,0,0,2,0,19.45,1303.5,0,0,0,1,0,0,0,1,1,4,0,38.9,0.0,18.359154929577464,3.017982882488811,7.173575104576783,0
0,0,0,23,0,0,0,0,0,0,1,1,0,1,44.95,996.85,0,0,0,0,0,1,0,0,2,2,0,0.0,0.0,41.53541666666667,3.827553848801696,6.905602964413994,0
1,1,0,64,1,0,1,1,1,0,0,1,1,0,97.0,6430.9,0,0,1,0,0,0,0,1,5,4,1,97.0,97.0,98.93692307692307,4.584967478670572,8.76902526347426,0
0,1,1,37,1,1,1,0,1,1,0,0,2,1,62.8,2278.75,0,1,0,0,1,0,0,1,5,4,0,125.6,0.0,59.9671052631579,4.155753190350744,7.731821066813775,0
0,0,1,17,1,0,0,0,0,0,0,0,1,0,44.6,681.4,0,1,0,0,0,0,1,0,1,2,0,44.6,0.0,37.855555555555554,3.8199077165203406,6.52561599617747,0
1,0,0,7,1,0,0,0,0,0,1,1,0,1,89.15,574.35,0,0,1,0,0,1,0,0,3,1,0,0.0,89.15,71.79375,4.501474949649326,6.354978551269467,0
0,1,1,4,1,1,0,1,1,0,0,0,0,1,84.8,371.9,1,1,1,0,0,0,0,1,4,0,0,0.0,84.8,74.38,4.4520190064939165,5.921310287184775,1
1,0,0,21,0,0,1,0,0,0,1,0,0,1,41.9,840.1,1,0,0,0,0,1,0,0,2,2,0,0.0,0.0,38.18636363636364,3.758871825933971,6.734710558968391,0
0,0,0,10,1,0,0,0,0,0,0,1,0,1,80.25,846.0,1,0,1,0,0,0,0,1,2,1,0,0.0,80.25,76.9090909090909,4.3975308212098465,6.741700694652055,0
1,0,0,16,1,1,1,0,0,0,0,0,0,1,54.1,889.0,0,0,0,0,0,1,0,0,3,2,0,0.0,0.0,52.294117647058826,4.009149716158869,6.7912214627261855,0
0,1,0,64,1,1,0,1,0,1,1,1,2,1,105.25,6823.4,0,1,1,0,0,1,0,0,6,4,1,210.5,105.25,104.97538461538461,4.665794807804526,8.828259704100754,0
1,1,0,27,0,0,1,0,0,0,0,0,0,0,30.75,805.1,1,1,0,0,1,0,0,1,1,3,0,0.0,0.0,28.75357142857143,3.457892725338701,6.692207804289556,0
0,1,1,42,1,1,1,0,0,0,1,1,1,0,97.1,4016.75,0,1,1,0,0,1,0,0,5,4,1,97.1,97.1,93.41279069767442,4.585987366571318,8.298477323429179,0
0,0,1,5,1,0,0,0,0,0,0,0,0,0,20.2,83.75,0,1,0,1,0,0,1,0,1,0,0,0.0,0.0,13.958333333333334,3.054001181677967,4.43970574626056,1
0,0,0,41,1,0,0,1,0,1,1,1,2,1,98.8,3959.15,0,0,1,0,0,0,0,1,5,4,1,197.6,98.8,94.26547619047619,4.603168183317418,8.284037182319022,0
0,1,0,58,1,0,0,0,1,0,0,0,1,0,50.3,2878.55,0,1,0,0,1,0,0,1,2,4,0,50.3,0.0,48.78898305084746,3.937690752176724,7.9653893109216884,0
0,0,0,47,1,0,0,0,0,0,0,0,2,1,20.55,945.7,0,0,0,1,0,0,1,0,1,4,0,41.1,0.0,19.702083333333334,3.070375816549757,6.852982253134845,0
0,0,0,18,1,0,0,0,0,1,0,0,0,1,75.9,1373.05,0,1,1,0,0,0,0,1,2,2,0,0.0,75.9,72.26578947368421,4.3425058765115985,7.225517862222083,0
0,0,0,5,1,0,0,0,1,0,1,1,0,0,96.5,492.55,1,1,1,0,0,0,0,1,4,0,1,0.0,96.5,82.09166666666667,4.579852378003801,6.201624170863897,1
0,1,0,23,1,0,1,0,0,0,0,1,0,1,59.95,1406.0,0,1,0,0,0,0,0,1,3,2,0,0.0,0.0,58.583333333333336,4.110053855927281,7.249215057114389,0
0,0,0,1,1,0,0,0,0,0,0,0,0,0,19.15,19.15,0,0,0,1,0,0,1,0,1,0,0,0.0,0.0,9.575,3.0032042883926917,3.0032042883926917,1
0,1,0,71,1,1,0,0,1,0,1,1,1,1,98.65,6962.85,0,1,1,0,1,0,0,1,5,4,1,98.65,98.65,96.70625000000001,4.6016640466588035,8.848487761310901,0
0,1,1,72,1,1,1,1,1,1,1,1,2,1,112.6,8126.65,0,1,1,0,1,0,0,1,8,4,1,225.2,112.6,111.32397260273972,4.732683506287051,9.003027107867489,0
0,1,1,33,1,0,0,0,0,0,0,0,1,0,20.6,690.25,0,1,0,1,0,0,1,0,1,3,0,20.6,0.0,20.301470588235293,3.0726933146901194,6.538501552836545,0
0,0,0,2,1,1,0,0,0,0,1,0,0,1,85.65,181.5,1,1,1,0,0,1,0,0,3,0,0,0.0,85.65,60.5,4.4618770161616155,5.206750173022546,1
0,0,1,24,0,0,1,0,0,1,0,0,2,0,35.75,830.8,0,1,0,0,0,0,1,0,2,2,0,71.5,0.0,33.232,3.6041382256588457,6.723592027308811,0
0,1,1,56,1,1,0,1,1,1,0,1,1,1,99.75,5608.4,0,0,1,0,1,0,0,1,6,4,1,99.75,99.75,98.39298245614034,4.612642200826793,8.632199040925325,0
0,0,0,37,1,0,0,1,0,0,1,1,0,1,96.1,3646.8,0,1,1,0,1,0,0,1,4,4,1,0.0,96.1,95.96842105263158,4.575741375297279,8.201879525129897,0
0,0,0,43,1,1,0,1,1,1,1,1,1,0,85.1,3662.25,0,0,0,0,1,0,0,1,7,4,0,85.1,0.0,83.23295454545455,4.455509411433685,8.206106010518134,0
0,0,0,1,0,0,0,0,0,0,0,0,0,0,25.35,25.35,0,1,0,0,0,0,1,0,0,0,0,0.0,0.0,12.675,3.2714682749873716,3.2714682749873716,1
0,1,0,25,1,1,0,0,1,1,1,1,0,1,104.95,2566.5,1,0,1,0,0,0,0,1,6,3,1,0.0,104.95,98.71153846153847,4.662967284714308,7.850687941802713,0
0,0,0,61,1,1,1,1,1,1,1,1,2,0,89.65,5308.7,0,0,0,0,0,1,0,0,8,4,0,179.3,0.0,85.6241935483871,4.50700593720086,8.577290615464818,0
0,0,0,17,1,1,0,0,1,1,0,0,1,0,86.75,1410.25,0,1,1,0,0,1,0,0,4,2,0,86.75,86.75,78.34722222222223,4.4744918623459755,7.2522311154638714,0
0,1,0,41,1,0,0,1,1,1,0,0,1,1,86.2,3339.05,0,0,1,0,0,0,0,1,4,4,0,86.2,86.2,79.50119047619049,4.468204330914934,8.113741055918576,0
0,0,0,1,1,0,0,1,0,0,0,0,0,0,50.65,50.65,1,1,0,0,0,0,1,0,2,0,0,0.0,0.0,25.325,3.9444901955656477,3.9444901955656477,1
1,1,1,72,0,0,1,1,1,1,1,1,2,1,64.8,4732.35,0,1,0,0,0,0,0,1,6,4,0,129.6,0.0,64.82671232876713,4.186619838331271,8.462388476041804,0
0,0,0,1,1,1,0,1,0,0,0,1,0,1,90.85,90.85,1,1,1,0,1,0,0,1,4,0,1,0.0,90.85,45.425,4.520156811661135,4.520156811661135,1
0,0,0,48,1,1,0,1,1,0,1,1,2,1,108.1,5067.45,0,1,1,0,0,0,0,1,6,4,1,216.2,108.1,103.41734693877551,4.692264892839025,8.530790329922262,0
1,1,0,11,1,0,0,0,0,0,0,0,0,0,19.95,214.75,1,1,0,1,0,0,1,0,1,1,0,0.0,0.0,17.895833333333332,3.0421386463681466,5.374120329963537,0
1,1,0,55,1,1,0,1,1,0,0,0,0,1,85.45,4874.7,1,0,1,0,0,1,0,0,4,4,0,0.0,85.45,87.04821428571428,4.4595662121293,8.492018962867517,0
0,0,0,42,0,0,1,1,1,1,0,1,1,1,54.75,2348.45,0,0,0,0,0,1,0,0,5,4,0,54.75,0.0,54.61511627906976,4.020877410340228,7.76193653719278,0
0,0,0,44,1,1,0,0,1,0,0,1,0,1,90.4,4063.0,0,1,1,0,0,0,1,0,4,4,1,0.0,90.4,90.28888888888889,4.515245478460105,8.309922989258318,0
0,0,1,1,1,0,0,0,0,0,0,0,0,0,44.0,44.0,0,1,0,0,0,1,0,0,1,0,0,0.0,0.0,22.0,3.8066624897703196,3.8066624897703196,1
0,0,0,27,1,1,0,0,0,0,1,1,0,1,95.6,2595.25,0,0,1,0,0,0,0,1,4,3,1,0.0,95.6,92.6875,4.570578741218473,7.861823375190322,0
1,1,0,27,1,1,0,1,1,1,1,1,0,1,84.8,2309.55,0,1,0,0,0,0,0,1,7,3,0,0.0,0.0,82.48392857142858,4.4520190064939165,7.745240870413761,0
1,0,0,2,1,0,0,0,0,0,0,0,0,1,44.3,89.3,0,0,0,0,0,1,0,0,1,0,0,0.0,0.0,29.766666666666666,3.8133070324889884,4.5031374604229395,1
0,0,0,19,1,0,0,0,0,0,0,0,0,0,19.9,367.55,0,0,0,1,0,0,1,0,1,2,0,0.0,0.0,18.3775,3.039749158970765,5.909576387635298,0
1,1,0,42,1,1,0,0,0,0,1,1,0,1,95.05,3944.5,0,0,1,0,0,1,0,0,4,4,1,0.0,95.05,91.73255813953489,4.564868889214566,8.28033096796109,0
0,0,0,66,1,1,1,1,1,1,1,1,2,1,90.05,5965.95,0,0,0,0,1,0,0,1,8,4,1,180.1,0.0,89.04402985074627,4.511408806173617,8.69399118806683,0
1,1,0,33,1,1,1,0,1,1,1,1,0,1,109.9,3694.7,0,1,1,0,0,0,0,1,7,3,1,0.0,109.9,108.66764705882352,4.7086288943563215,8.214925260636038,0
0,0,0,34,1,0,0,1,0,0,0,0,0,1,73.95,2524.45,1,0,1,0,1,0,0,1,2,3,0,0.0,73.95,72.12714285714286,4.316821224548606,7.834174543652333,0
1,0,0,33,0,0,0,0,1,1,1,1,0,1,54.6,1803.7,0,1,0,0,0,1,0,0,4,3,0,0.0,0.0,53.050000000000004,4.018183201256536,7.498149651967252,0
0,1,1,23,1,0,0,0,0,0,0,0,1,0,20.05,415.1,0,0,0,1,0,0,1,0,1,2,0,20.05,0.0,17.295833333333334,3.0469005601283903,6.030925615988895,0
0,0,0,32,1,0,0,0,0,0,0,0,1,0,19.75,624.15,0,0,0,1,0,0,0,1,1,3,0,19.75,0.0,18.913636363636364,3.0325462466767075,6.437991620941009,0
0,0,0,11,1,0,0,0,0,0,0,0,1,0,20.05,237.7,0,0,0,1,1,0,0,1,1,1,0,20.05,0.0,19.808333333333334,3.0469005601283903,5.4752075333447845,0
0,1,1,69,1,1,0,0,1,0,1,1,0,1,99.45,7007.6,1,1,1,0,1,0,0,1,5,4,1,0.0,99.45,100.10857142857144,4.609660091260944,8.854893245389706,0
0,1,0,68,1,0,1,0,0,1,0,0,1,0,55.9,3848.8,0,0,0,0,0,0,0,1,3,4,0,55.9,0.0,55.77971014492754,4.041295341132285,8.255776477880534,0
0,0,0,20,1,0,0,0,0,0,0,0,2,1,19.7,419.4,0,1,0,1,0,0,1,0,1,2,0,39.4,0.0,19.97142857142857,3.0301337002713233,6.041206639002796,0
0,0,0,72,1,0,0,0,0,0,0,0,2,1,19.8,1468.75,0,1,0,1,1,0,0,1,1,4,0,39.6,0.0,20.11986301369863,3.0349529867072724,7.292847597282364,0
0,1,1,60,1,1,1,0,1,0,1,0,1,1,95.4,5812.0,0,1,1,0,0,0,0,1,5,4,1,95.4,95.4,95.27868852459017,4.5685062016165,8.66785206770135,0
1,1,1,32,1,0,0,1,0,0,1,1,0,1,93.95,2861.45,0,1,1,0,0,0,1,0,4,3,1,0.0,93.95,86.71060606060605,4.553350437258295,7.9594331804610325,0
0,0,0,1,1,0,0,0,0,0,0,0,0,1,19.9,19.9,1,0,0,1,0,0,1,0,1,0,0,0.0,0.0,9.95,3.039749158970765,3.039749158970765,1
0,0,0,1,1,0,0,0,0,0,0,0,0,1,19.6,19.6,1,1,0,1,0,0,1,0,1,0,0,0.0,0.0,9.8,3.0252910757955354,3.0252910757955354,1
1,0,0,3,1,1,0,1,0,0,0,0,0,1,81.35,233.7,1,1,1,0,0,1,0,0,3,0,0,0.0,81.35,58.425,4.410978456623649,5.458308102856978,1
0,1,0,46,1,1,0,0,0,0,0,0,1,1,24.45,1066.15,0,0,0,1,0,0,0,1,2,4,0,24.45,0.0,22.684042553191492,3.2367157429965316,6.972746822489577,0
0,1,0,29,1,1,0,0,0,0,0,0,0,1,74.95,2149.05,0,0,1,0,0,1,0,0,2,3,0,0.0,74.95,71.635,4.330075229041782,7.67324637666525,0
0,0,0,51,1,1,0,1,1,1,0,0,0,1,87.35,4473.0,0,1,1,0,0,1,0,0,5,4,0,0.0,87.35,86.01923076923077,4.481306198765705,8.406038142050075,0
1,1,0,48,1,0,0,0,0,0,0,0,0,1,70.65,3545.05,0,0,1,0,0,0,0,1,1,4,0,0.0,70.65,72.34795918367347,4.271793154274181,8.173589586929555,0
0,1,1,16,1,0,0,1,0,0,0,0,0,0,73.25,1195.75,0,0,1,0,0,0,0,1,2,2,0,0.0,73.25,70.33823529411765,4.307437777682809,7.0873648282726185,0
0,1,0,70,1,1,0,1,1,1,0,1,2,1,98.7,6858.9,0,1,1,0,0,0,0,1,6,4,1,197.4,98.7,96.60422535211266,4.602165676967792,8.833448143354206,0
0,1,1,40,1,1,0,0,0,0,0,0,2,1,24.8,1024.7,0,0,0,1,0,0,1,0,2,4,0,49.6,0.0,24.992682926829268,3.250374491927572,6.933130585313365,0
0,1,1,22,1,0,0,1,0,0,0,1,0,0,83.3,1845.9,1,0,1,0,0,1,0,0,3,2,0,0.0,83.3,80.25652173913043,4.4343818650078095,7.521263836881865,0
1,0,0,1,1,0,0,0,1,0,0,0,0,1,75.3,75.3,1,0,1,0,0,0,0,1,2,0,0,0.0,75.3,37.65,4.334672938290411,4.334672938290411,1
0,1,1,5,1,1,0,0,0,0,0,0,0,1,24.3,132.25,0,0,0,1,0,0,1,0,2,0,0,0.0,0.0,22.041666666666668,3.2308043957334744,4.892227063045954,1
0,0,0,7,1,0,0,0,0,0,0,0,0,1,69.85,515.45,0,0,1,0,0,0,0,1,1,1,0,0.0,69.85,64.43125,4.260564966136689,6.246978478452642,0
0,0,1,29,1,1,0,1,1,1,0,1,1,0,100.55,2830.45,0,1,1,0,1,0,0,1,6,3,1,100.55,100.55,94.34833333333333,4.620551288026394,7.948544226913045,0
0,1,1,44,1,1,0,0,0,0,0,0,1,0,25.7,1110.5,0,1,0,1,0,0,1,0,2,4,0,25.7,0.0,24.677777777777777,3.2846635654062037,7.013465733404251,0
0,0,0,10,0,0,1,1,1,0,0,0,0,0,40.7,449.3,0,0,0,0,0,0,0,1,3,1,0,0.0,0.0,40.845454545454544,3.730501128804756,6.109914027307526,0
1,1,0,55,1,1,0,0,0,0,0,0,0,0,51.65,2838.55,0,0,0,0,0,0,0,1,2,4,0,0.0,0.0,50.68839285714286,3.9636662385799846,7.951400867896387,0
1,1,0,52,1,1,0,1,1,0,1,1,1,1,105.1,5376.4,0,1,1,0,0,0,0,1,6,4,1,105.1,105.1,101.44150943396225,4.664382045619937,8.589960264967118,0
0,1,1,10,1,1,0,0,0,0,0,1,0,0,85.95,858.6,0,0,1,0,0,1,0,0,3,1,0,0.0,85.95,78.05454545454546,4.465333240800292,6.756467164768355,0
0,0,0,18,1,1,0,0,0,0,0,0,0,1,75.6,1395.05,0,1,1,0,0,0,0,1,2,2,0,0.0,75.6,73.42368421052632,4.338597076746545,7.24140209929983,0
0,1,0,68,1,1,1,0,0,1,0,0,1,0,58.25,3975.7,0,0,0,0,0,0,0,1,4,4,0,58.25,0.0,57.618840579710145,4.081765780015241,8.288207608618395,0
0,1,1,61,1,0,0,0,0,0,0,0,0,1,19.4,1182.55,1,0,0,1,0,0,1,0,1,4,0,0.0,0.0,19.073387096774194,3.0155349008501706,7.076273675632399,0
0,1,1,72,0,0,1,1,1,1,1,1,2,1,65.2,4784.45,0,0,0,0,1,0,0,1,6,4,0,130.4,0.0,65.5404109589041,4.192680462942962,8.473335343352353,0
0,0,0,2,1,0,1,0,1,0,0,0,0,0,53.45,119.5,0,1,0,0,0,1,0,0,3,0,0,0.0,0.0,39.833333333333336,3.9972828493789696,4.791649752930709,1
0,0,0,12,1,0,0,0,0,0,0,0,0,1,45.4,518.9,1,1,0,0,0,0,0,1,1,1,0,0.0,0.0,39.91538461538461,3.8372994592322094,6.25363648538967,0
0,1,0,41,1,0,0,0,0,0,0,0,2,1,19.75,899.45,0,1,0,1,0,1,0,0,1,4,0,39.5,0.0,21.41547619047619,3.0325462466767075,6.802894638365962,0
0,0,0,26,0,0,0,0,1,1,1,0,0,1,44.45,1183.8,0,0,0,0,1,0,0,1,3,3,0,0.0,0.0,43.84444444444444,3.816612820623488,7.077329262953589,0
0,1,0,36,1,0,0,0,0,0,0,0,1,0,20.85,720.05,0,1,0,1,0,0,0,1,1,3,0,20.85,0.0,19.46081081081081,3.084200921541599,6.580708483008079,0
0,1,1,72,1,1,1,1,1,1,1,1,2,1,114.05,8468.2,0,1,1,0,1,0,0,1,8,4,1,228.1,114.05,116.00273972602741,4.745366816481375,9.044191332181782,0
0,1,0,35,1,1,0,0,0,1,0,1,0,1,89.85,3161.2,0,1,1,0,0,0,0,1,4,3,0,0.0,89.85,87.8111111111111,4.50920979484218,8.059023266876045,0
0,0,0,1,1,0,0,0,1,1,0,0,0,0,55.05,55.05,0,1,0,0,0,0,1,0,3,0,0,0.0,0.0,27.525,4.026244149518169,4.026244149518169,1
0,1,1,16,1,1,1,0,1,1,1,1,0,1,112.95,1882.55,0,0,1,0,0,1,0,0,7,2,1,0.0,112.95,110.73823529411764,4.735759755691693,7.540913573103083,0
1,0,0,49,1,1,1,0,0,0,1,1,0,0,101.55,5070.4,0,0,1,0,1,0,0,1,5,4,1,0.0,101.55,101.40799999999999,4.63035048451839,8.531372192589506,0
0,1,0,54,1,1,1,1,1,1,1,1,1,1,114.65,6049.5,0,0,1,0,0,0,1,0,8,4,1,114.65,114.65,109.99090909090908,4.750568388677448,8.707896192238108,0
0,0,1,18,1,1,1,0,0,0,0,1,0,0,64.8,1166.7,0,0,0,0,0,1,0,0,4,2,0,0.0,0.0,61.40526315789474,4.186619838331271,7.062791281081669,0
0,1,0,36,1,0,0,0,0,0,0,1,0,0,80.4,2937.65,0,0,1,0,0,1,0,0,2,3,0,0.0,80.4,79.39594594594595,4.399375273008495,7.985705571202151,0
0,0,0,60,1,1,0,1,1,0,1,1,0,1,105.9,6396.45,1,0,1,0,0,1,0,0,6,4,1,0.0,105.9,104.85983606557377,4.671893818030999,8.763654752450451,0
0,0,0,1,1,0,0,0,0,0,0,0,0,0,69.55,69.55,1,0,1,0,0,0,1,0,1,0,0,0.0,69.55,34.775,4.256321678298823,4.256321678298823,1
0,1,1,52,1,1,0,0,0,0,0,0,2,1,25.05,1270.25,0,0,0,1,0,0,0,1,2,4,0,50.1,0.0,23.96698113207547,3.260017768199376,7.14775594736277,0
0,1,1,8,1,0,0,0,1,0,1,1,0,1,94.75,759.55,0,1,1,0,0,1,0,0,4,1,1,0.0,94.75,84.39444444444445,4.561740628060756,6.634041855757752,0
0,1,1,72,1,0,1,1,0,1,1,1,2,0,105.5,7611.55,0,1,1,0,0,0,0,1,6,4,1,211.0,105.5,104.26780821917808,4.66814498514948,8.937553480141082,0
0,0,0,64,1,1,0,0,0,0,0,0,1,0,24.7,1642.75,0,0,0,1,0,0,1,0,2,4,0,24.7,0.0,25.273076923076925,3.246490991901174,7.404735495926075,0
1,0,0,22,1,0,1,0,1,1,0,1,0,1,69.75,1545.4,0,0,0,0,0,0,1,0,5,2,0,0.0,0.0,67.19130434782609,4.259152536523347,7.343684927894121,0
0,1,0,60,0,0,0,1,1,1,1,1,0,1,60.2,3582.4,0,1,0,0,0,0,0,1,5,4,0,0.0,0.0,58.72786885245902,4.11414718951828,8.184067349365797,0
0,1,1,28,1,0,0,0,0,0,0,1,0,1,81.05,2227.1,1,0,1,0,0,1,0,0,2,3,0,0.0,81.05,76.79655172413793,4.4073288175361,7.70890448334336,0
0,1,0,61,1,1,0,0,0,0,0,0,2,0,24.4,1417.9,0,0,0,1,0,0,1,0,2,4,0,48.8,0.0,22.86935483870968,3.2347491740244907,7.257637202513267,0
0,0,0,24,1,1,0,1,1,0,1,1,0,1,104.15,2494.65,0,0,1,0,0,1,0,0,6,2,1,0.0,104.15,99.786,4.655387902148709,7.822304495297989,0
0,1,1,28,1,0,0,1,1,1,1,0,1,0,92.9,2768.35,0,1,1,0,0,0,0,1,5,3,1,92.9,92.9,95.4603448275862,4.542230386214217,7.926367914605402,0
0,1,1,30,1,0,0,1,1,1,1,1,2,0,80.8,2369.3,0,0,0,0,0,0,0,1,6,3,0,161.6,0.0,76.42903225806452,4.404277243608702,7.770771808396797,0
0,1,0,2,1,0,0,0,0,0,0,0,0,0,20.0,38.0,0,1,0,1,0,0,1,0,1,0,0,0.0,0.0,12.666666666666666,3.044522437723423,3.6635616461296463,1
0,0,0,1,1,1,0,0,0,0,0,0,0,1,75.1,75.1,0,1,1,0,0,1,0,0,2,0,0,0.0,75.1,37.55,4.33204826486764,4.33204826486764,1
0,0,1,6,1,0,0,0,0,0,0,0,0,0,19.65,100.9,0,1,0,1,0,0,1,0,1,0,0,0.0,0.0,14.414285714285715,3.027715319407042,4.623991940228679,1
0,1,0,24,1,0,0,1,0,0,1,1,0,1,69.45,1614.05,0,0,0,0,0,0,0,1,4,2,0,0.0,0.0,64.562,4.254903238344689,7.387121194929835,0
0,1,1,4,1,1,0,0,1,0,1,1,0,0,101.15,385.9,1,1,1,0,0,1,0,0,5,0,1,0.0,101.15,77.17999999999999,4.626442321263631,5.9581662617064675,1
0,0,0,7,1,1,0,1,0,0,1,1,0,1,99.8,673.25,1,1,1,0,0,1,0,0,5,1,1,0.0,99.8,84.15625,4.613138355637268,6.513600962019839,0
1,1,0,72,1,1,1,1,1,1,1,1,2,1,116.05,8404.9,0,1,1,0,0,0,0,1,8,4,1,232.1,116.05,115.13561643835617,4.76260119393692,9.036689119229727,0
0,0,0,70,0,0,0,0,0,1,0,1,2,1,40.05,2799.75,0,1,0,0,0,0,1,0,2,4,0,80.1,0.0,39.433098591549296,3.714790835898437,7.9376425174388325,0
1,1,0,64,1,1,0,0,1,1,1,1,2,0,102.1,6538.45,0,1,1,0,0,1,0,0,6,4,1,204.2,102.1,100.59153846153846,4.635699391022914,8.785608343055493,0
0,1,1,72,1,1,0,1,0,0,1,0,1,1,89.7,6588.95,0,1,1,0,0,1,0,0,4,4,0,89.7,89.7,90.2595890410959,4.507557357121091,8.793301040214356,0
0,0,1,44,1,0,0,0,0,0,0,0,2,0,19.9,868.1,0,0,0,1,0,0,1,0,1,4,0,39.8,0.0,19.29111111111111,3.039749158970765,6.767458193443415,0
0,1,1,13,1,0,0,0,0,0,0,1,0,0,55.95,734.35,1,0,0,0,0,1,0,0,2,2,0,0.0,0.0,52.45357142857143,4.0421736898931915,6.600346576346323,0
1,0,0,17,1,0,0,0,0,0,0,0,1,0,20.65,330.6,0,0,0,1,0,0,1,0,1,2,0,20.65,0.0,18.366666666666667,3.075005454448499,5.80392942326114,0
0,0,0,1,1,0,0,0,0,0,0,1,0,1,55.0,55.0,1,1,0,0,0,1,0,0,2,0,0,0.0,0.0,27.5,4.02535169073515,4.02535169073515,1
0,1,0,9,1,0,0,0,1,0,1,1,0,1,70.05,564.4,0,1,0,0,0,0,1,0,4,1,0,0.0,0.0,56.44,4.263383854543109,6.33753344525949,0
0,1,0,24,1,0,1,0,0,1,0,0,0,0,53.6,1315.35,0,1,0,0,0,0,1,0,3,2,0,0.0,0.0,52.614,4.000033882750859,7.182618033971659,0
0,1,1,1,1,0,0,1,0,0,0,0,0,1,74.7,74.7,1,0,1,0,0,1,0,0,2,0,0,0.0,74.7,37.35,4.3267781604434035,4.3267781604434035,1
0,0,0,24,1,1,0,1,0,0,0,0,0,1,80.25,1861.5,1,1,1,0,0,1,0,0,3,2,0,0.0,80.25,74.46,4.3975308212098465,7.529674950253715,0
1,1,1,35,1,0,0,1,0,1,1,1,0,1,76.05,2747.2,0,1,0,0,0,1,0,0,5,3,0,0.0,0.0,76.3111111111111,4.344454561766125,7.9187014308976735,0
0,1,1,7,1,0,1,1,1,1,1,0,0,1,75.7,554.05,0,0,0,0,0,1,0,0,6,1,0,0.0,0.0,69.25625,4.33990170837321,6.319058199778656,0
0,0,0,5,1,0,0,0,0,1,1,1,0,1,96.1,453.4,1,1,1,0,0,1,0,0,4,0,1,0.0,96.1,75.56666666666666,4.575741375297279,6.118977867406942,1
0,0,1,15,1,0,0,0,0,0,0,0,0,0,69.0,994.8,1,0,1,0,0,0,0,1,1,2,0,0.0,69.0,62.175,4.248495242049359,6.903546434208082,0
0,1,1,11,1,0,0,0,0,0,0,0,2,0,19.65,225.75,0,1,0,1,0,0,1,0,1,1,0,39.3,0.0,18.8125,3.027715319407042,5.423848088995246,0
0,1,0,48,0,0,1,0,1,0,0,1,0,1,45.3,2145.0,1,0,0,0,0,0,0,1,3,4,0,0.0,0.0,43.775510204081634,3.835141961092188,7.671360923190644,0
1,0,0,20,1,0,0,0,0,0,0,1,0,1,81.45,1671.6,0,0,1,0,0,1,0,0,2,2,0,0.0,81.45,79.6,4.412192049005608,7.422134580947425,0
0,1,0,72,1,1,0,1,1,1,1,1,1,1,108.5,8003.8,0,0,1,0,0,0,0,1,7,4,1,108.5,108.5,109.64109589041097,4.695924549256556,8.98779664073394,0
0,1,1,8,1,0,0,1,0,0,1,0,0,1,83.55,680.05,1,0,1,0,0,1,0,0,3,1,0,0.0,83.55,75.5611111111111,4.4373430753445895,6.52363572489335,0
0,1,1,72,1,1,0,0,0,0,0,1,2,1,84.5,6130.85,0,1,1,0,1,0,0,1,3,4,0,169.0,84.5,83.98424657534247,4.448516375942715,8.721251777852979,0
0,0,0,15,1,1,0,1,0,0,1,1,0,1,100.15,1415.0,0,0,1,0,0,1,0,0,5,2,1,0.0,100.15,88.4375,4.6166045636137545,7.255591274253665,0
0,0,0,72,1,1,0,1,1,1,1,1,2,1,88.6,6201.95,0,1,0,0,0,0,0,1,7,4,0,177.2,0.0,84.95821917808219,4.4953553199808844,8.7327802643248,0
0,1,1,0,0,0,1,0,1,1,1,0,2,1,52.55,0.0,0,0,0,0,0,0,0,1,4,0,0,105.1,0.0,0.0,3.980615796893758,0.0,1
0,0,1,1,1,1,0,0,0,0,0,0,0,1,74.35,74.35,1,1,1,0,0,1,0,0,2,0,0,0.0,74.35,37.175,4.3221439250725044,4.3221439250725044,1
0,1,1,63,1,1,0,1,1,0,1,1,2,1,104.8,6597.25,0,1,1,0,0,0,0,1,6,4,1,209.6,104.8,103.08203125,4.661550519424199,8.794559741340487,0
0,0,0,2,1,0,0,1,0,0,1,0,0,1,59.0,114.15,0,0,0,0,0,1,0,0,3,0,0,0.0,0.0,38.050000000000004,4.0943445622221,4.746235626266694,1
0,1,0,2,1,0,1,0,0,0,0,0,0,1,74.4,139.4,1,0,1,0,0,1,0,0,2,0,0,0.0,74.4,46.46666666666667,4.32280727501391,4.944495491591711,1
1,1,0,61,1,1,0,1,0,0,0,1,1,0,64.05,3902.6,0,1,0,0,0,0,0,1,4,4,0,64.05,0.0,62.94516129032258,4.1751562049585145,8.269654483267306,0
0,0,0,1,1,0,0,0,0,0,0,0,0,0,20.4,20.4,0,1,0,1,0,0,1,0,1,0,0,0.0,0.0,10.2,3.0633909220278057,3.0633909220278057,1
0,0,0,22,0,0,0,1,1,0,0,1,1,1,43.75,903.6,1,1,0,0,0,0,0,1,3,2,0,43.75,0.0,39.28695652173913,3.8010914447208646,6.8074928570437425,0
0,1,0,28,1,0,1,1,0,1,0,0,0,0,60.9,1785.65,0,1,0,0,0,0,1,0,4,3,0,0.0,0.0,61.574137931034485,4.12552017969055,7.48809763699502,0
0,1,0,70,1,0,0,0,0,0,0,0,2,0,19.8,1397.65,0,0,0,1,0,0,0,1,1,4,0,39.6,0.0,19.685211267605634,3.0349529867072724,7.2432627646664995,0
1,0,0,5,0,0,0,1,0,0,0,0,0,0,28.45,131.05,1,0,0,0,0,1,0,0,1,0,0,0.0,0.0,21.84166666666667,3.3826939100975957,4.883180638743141,1
0,0,0,12,1,1,1,1,1,0,0,1,0,1,99.7,1238.45,1,0,1,0,0,0,0,1,6,1,1,0.0,99.7,95.26538461538462,4.612145799724517,7.122423011815303,0
0,0,0,34,1,1,1,1,1,1,1,1,1,0,116.25,3899.05,0,1,1,0,1,0,0,1,8,3,1,116.25,116.25,111.40142857142858,4.764308407326388,8.268744652548376,0
1,1,0,71,1,1,1,0,0,0,0,0,2,1,80.7,5676.0,0,0,1,0,1,0,0,1,3,4,0,161.4,80.7,78.83333333333333,4.403054001865957,8.644178203170727,0
0,1,1,70,1,1,1,0,0,0,0,1,1,0,65.2,4543.15,0,0,0,0,0,0,0,1,4,4,0,65.2,0.0,63.98802816901408,4.192680462942962,8.421595970419531,0
0,1,1,52,1,0,1,0,1,1,0,0,0,1,84.05,4326.8,0,0,1,0,0,0,0,1,4,4,0,0.0,84.05,81.63773584905661,4.44323931884187,8.372814608737682,0
0,0,1,69,1,1,1,1,1,1,1,0,2,1,79.45,5502.55,0,1,0,0,1,0,0,1,7,4,0,158.9,0.0,78.60785714285714,4.387635873438392,8.613148617549824,0
1,0,0,20,1,1,0,1,1,0,0,1,0,1,94.1,1782.4,1,0,1,0,0,1,0,0,5,2,1,0.0,94.1,84.87619047619049,4.554928969551344,7.486276933700779,0
0,0,1,11,1,1,0,0,1,0,0,0,0,1,78.0,851.8,0,1,1,0,0,0,1,0,3,1,0,0.0,78.0,70.98333333333333,4.3694478524670215,6.74852505341158,0
0,1,0,2,1,0,0,0,0,1,1,1,0,1,94.2,167.5,1,1,1,0,0,1,0,0,4,0,1,0.0,94.2,55.833333333333336,4.55597994179732,5.126935749792416,1
0,1,1,6,1,1,0,0,0,1,0,0,0,1,80.5,502.85,1,0,1,0,0,1,0,0,3,0,0,0.0,80.5,71.83571428571429,4.400603020246817,6.222278604726411,1
0,0,0,1,1,0,0,0,0,0,0,0,0,0,19.85,19.85,0,0,0,1,0,0,1,0,1,0,0,0.0,0.0,9.925,3.0373539482448106,3.0373539482448106,1
1,1,1,20,1,0,1,0,1,1,0,1,1,0,94.3,1818.3,0,1,1,0,1,0,0,1,5,2,1,94.3,94.3,86.58571428571429,4.557029810660157,7.506207090702758,0
0,0,0,61,1,1,1,0,1,0,1,1,0,1,106.45,6300.15,0,1,1,0,0,1,0,0,6,4,1,0.0,106.45,101.61532258064516,4.67702562308852,8.748487435403822,0
1,1,0,5,1,1,0,0,0,0,0,0,0,1,74.35,334.8,1,0,1,0,0,1,0,0,2,0,0,0.0,74.35,55.800000000000004,4.3221439250725044,5.81651574464344,1
0,0,0,56,1,1,0,1,0,1,1,1,0,1,105.45,5916.95,0,0,1,0,0,0,0,1,6,4,1,0.0,105.45,103.80614035087719,4.667675391339489,8.685745384124193,0
0,0,0,30,1,1,1,1,1,1,0,0,0,1,95.0,2852.4,0,1,1,0,1,0,0,1,6,3,1,0.0,95.0,92.01290322580645,4.564348191467836,7.956266544680714,0
0,0,0,40,1,1,0,0,1,1,1,1,0,0,104.8,4131.95,1,1,1,0,0,0,0,1,6,4,1,0.0,104.8,100.77926829268293,4.661550519424199,8.326746716688735,0
0,0,0,28,1,0,1,0,0,1,0,0,1,0,54.3,1546.3,0,0,0,0,0,0,1,0,3,3,0,54.3,0.0,53.320689655172416,4.012772908528289,7.344266755495627,0
1,1,0,5,1,0,0,0,0,0,0,0,0,0,70.05,302.6,0,0,1,0,0,1,0,0,1,0,0,0.0,70.05,50.43333333333334,4.263383854543109,5.715711045521475,1
1,1,0,27,1,0,1,0,0,0,0,0,0,1,75.2,1929.35,1,0,1,0,0,0,0,1,2,3,0,0.0,75.2,68.90535714285714,4.333361462692601,7.565456612607783,0
0,0,0,12,1,0,0,0,0,0,0,0,0,0,20.05,265.45,0,1,0,1,1,0,0,1,1,1,0,0.0,0.0,20.41923076923077,3.0469005601283903,5.5851866087427915,0
0,1,1,67,1,1,0,1,1,0,1,1,1,1,105.4,6989.45,0,1,1,0,0,1,0,0,6,4,1,105.4,105.4,102.7860294117647,4.667205576907544,8.852300210838106,0
1,1,0,29,1,1,0,0,0,0,0,0,0,1,51.6,1442.0,0,1,0,0,0,1,0,0,2,3,0,0.0,0.0,48.06666666666667,3.9627161197436642,7.274479558773871,0
0,1,1,55,1,1,0,0,0,0,0,1,0,0,85.5,4713.4,0,1,1,0,0,0,0,1,3,4,0,0.0,85.5,84.16785714285713,4.460144413937834,8.458376933523704,0
0,0,0,23,1,1,0,0,0,0,0,0,0,0,75.6,1758.6,1,0,1,0,0,0,0,1,2,2,0,0.0,75.6,73.27499999999999,4.338597076746545,7.472841789474565,0
0,1,0,34,1,1,0,0,1,0,1,1,0,1,100.05,3480.0,1,1,1,0,0,1,0,0,5,3,1,0.0,100.05,99.42857142857143,4.61561544384963,8.15507488781144,0
0,0,0,52,1,0,1,0,1,0,1,0,1,0,91.25,4738.3,0,1,1,0,0,1,0,0,4,4,1,91.25,91.25,89.40188679245283,4.524502282920636,8.463644724458563,0
1,1,1,72,1,1,1,1,1,1,1,1,2,1,115.75,8399.15,0,1,1,0,1,0,0,1,8,4,1,231.5,115.75,115.05684931506849,4.760034896549007,9.036004841814826,0
0,1,1,58,1,1,0,1,0,1,1,0,1,1,94.7,5430.35,0,1,1,0,1,0,0,1,5,4,1,94.7,94.7,92.03983050847458,4.5612182984589085,8.599943000811983,0
0,1,1,35,1,0,0,0,0,0,0,0,2,0,19.6,686.95,0,1,0,1,0,0,1,0,1,3,0,39.2,0.0,19.081944444444446,3.0252910757955354,6.5337161608738255,0
1,0,0,56,1,1,0,1,1,1,1,0,2,1,99.9,5706.3,0,0,1,0,0,0,0,1,6,4,1,199.8,99.9,100.11052631578947,4.6141299273595635,8.649501336178066,0
0,1,1,24,1,0,0,0,0,0,0,0,2,1,21.1,490.65,0,0,0,1,1,0,0,1,1,2,0,42.2,0.0,19.625999999999998,3.095577608523707,6.197767081226165,0
0,1,1,70,1,0,0,0,0,0,0,0,2,0,20.05,1360.25,0,1,0,1,1,0,0,1,1,4,0,40.1,0.0,19.158450704225352,3.0469005601283903,7.21615867424717,0
0,0,0,2,1,0,0,0,0,0,1,0,0,1,79.95,174.45,0,1,1,0,0,1,0,0,2,0,0,0.0,79.95,58.15,4.393831680123644,5.167354102029224,1
1,1,1,68,1,1,0,0,1,1,1,1,1,1,107.15,7379.8,0,1,1,0,1,0,0,1,6,4,1,107.15,107.15,106.9536231884058,4.683519152399068,8.906637312803555,0
0,0,0,1,1,1,0,0,0,0,0,1,0,1,85.0,85.0,1,0,1,0,0,1,0,0,3,0,0,0.0,85.0,42.5,4.454347296253507,4.454347296253507,1
0,0,0,12,1,1,0,0,1,0,1,0,0,1,89.55,1021.75,0,1,1,0,0,1,0,0,4,1,0,0.0,89.55,78.59615384615384,4.505902184329423,6.930250356809508,0
0,1,0,63,1,1,0,1,0,0,0,0,0,1,81.55,5029.05,0,0,1,0,0,0,0,1,3,4,0,0.0,81.55,78.57890625,4.413404170366137,8.523185203402234,0
0,1,1,33,1,0,1,1,1,0,0,0,1,1,58.45,1955.4,0,0,0,0,0,0,1,0,4,3,0,58.45,0.0,57.51176470588236,4.085135623136791,7.5788613286652025,0
0,1,0,69,1,0,0,1,0,0,1,1,1,1,95.65,6744.2,0,0,1,0,1,0,0,1,4,4,1,95.65,95.65,96.34571428571428,4.57109620565434,8.81658641979603,0
0,1,1,60,1,0,0,1,1,1,1,1,2,1,80.6,4946.7,0,0,0,0,0,0,0,1,6,4,0,161.2,0.0,81.09344262295082,4.401829261970061,8.50667810111647,0
0,1,1,72,1,1,1,1,1,1,1,1,2,1,113.1,8248.5,0,0,1,0,0,0,0,1,8,4,1,226.2,113.1,112.9931506849315,4.73707525686803,9.017907871431499,0
0,0,0,11,1,1,0,0,0,0,0,1,0,1,58.95,601.6,0,0,0,0,0,0,1,0,3,1,0,0.0,0.0,50.13333333333333,4.093510881473524,6.401253626696201,0
0,0,0,1,1,0,0,0,0,0,0,0,0,0,19.55,19.55,0,0,0,1,0,0,1,0,1,0,0,0.0,0.0,9.775,3.022860940942244,3.022860940942244,1
0,0,0,10,1,1,0,0,0,0,1,0,0,1,86.05,834.1,1,1,1,0,0,0,0,1,3,1,0,0.0,86.05,75.82727272727273,4.466482666214198,6.727551478159183,0
0,0,0,13,0,0,1,0,0,1,1,0,0,1,45.55,597.0,1,1,0,0,1,0,0,1,3,2,0,0.0,0.0,42.642857142857146,3.840527003723076,6.393590753950631,0
0,1,1,34,1,0,0,0,0,0,0,1,1,1,78.95,2647.2,0,1,1,0,0,0,0,1,2,3,0,78.95,78.95,75.63428571428571,4.381401439279963,7.881635442905656,0
0,1,1,39,1,0,0,1,0,0,1,0,0,1,86.3,3266.0,1,1,1,0,0,0,1,0,3,4,0,0.0,86.3,81.65,4.469350462845557,8.09162741160107,0
0,0,0,65,1,1,0,1,0,1,1,1,1,1,105.05,6744.25,0,0,1,0,0,0,0,1,6,4,1,105.05,105.05,102.18560606060606,4.663910681010692,8.816593832447202,0
1,1,0,50,1,1,1,1,1,0,1,0,1,1,101.9,5265.5,0,1,1,0,0,0,0,1,6,4,1,101.9,101.9,103.24509803921569,4.633757642840004,8.569121284276596,0
0,0,0,15,1,0,0,0,0,0,0,0,0,0,19.75,311.6,0,1,0,1,0,0,1,0,1,2,0,0.0,0.0,19.475,3.0325462466767075,5.744924417987376,0
0,1,1,72,1,1,1,1,1,0,1,1,2,1,110.3,7966.9,0,1,1,0,0,0,0,1,7,4,1,220.6,110.3,109.13561643835617,4.712229258281499,8.983176248984876,0
0,1,1,72,1,1,1,1,1,1,1,1,2,1,115.6,8220.4,0,0,1,0,0,0,0,1,8,4,1,231.2,115.6,112.60821917808218,4.758749273916392,9.014495789849754,0
0,1,1,55,1,0,0,0,0,0,0,0,2,0,19.35,1153.25,0,1,0,1,0,0,0,1,1,4,0,38.7,0.0,20.59375,3.013080911888604,7.051206061387099,0
0,1,1,23,1,1,0,0,0,0,0,0,2,1,25.6,514.75,0,0,0,1,1,0,0,1,2,2,0,51.2,0.0,21.447916666666668,3.2809112157876537,6.245622151951361,0
0,0,0,32,1,1,0,1,0,0,0,0,0,1,80.35,2596.15,1,1,1,0,0,0,0,1,3,3,0,0.0,80.35,78.67121212121212,4.3987608336650466,7.862169968947402,0
0,1,1,56,1,1,1,0,1,0,0,1,1,1,68.75,3808.0,0,0,0,0,0,0,0,1,5,4,0,68.75,0.0,66.80701754385964,4.244917420701475,8.245121966478605,0
0,0,0,1,1,0,0,0,0,0,0,0,0,0,19.9,19.9,0,0,0,1,0,0,0,1,1,0,0,0.0,0.0,9.95,3.039749158970765,3.039749158970765,1
0,0,0,38,1,0,1,1,0,1,1,0,1,0,70.6,2708.2,0,1,0,0,0,0,1,0,5,4,0,70.6,0.0,69.44102564102563,4.2710950739666,7.904408667340748,0
0,0,0,11,1,0,0,0,0,0,0,0,0,0,70.2,760.05,0,1,1,0,0,1,0,0,1,1,0,0.0,70.2,63.3375,4.26549281841793,6.634699058725675,0
0,0,0,1,1,0,0,0,0,1,0,0,0,1,49.3,49.3,0,1,0,0,0,1,0,0,2,0,0,0.0,0.0,24.65,3.9180050771056933,3.9180050771056933,1
0,1,0,56,1,1,0,1,0,1,1,1,1,1,107.25,6033.3,0,1,1,0,0,1,0,0,6,4,1,107.25,107.25,105.84736842105264,4.684443366882599,8.70521513674627,0
0,1,0,3,1,1,0,0,0,0,0,0,0,1,23.6,89.05,0,1,0,1,0,0,1,0,2,0,0,0.0,0.0,22.2625,3.202746442938317,4.500365071621965,1
0,1,1,7,1,0,1,0,0,0,1,1,0,0,69.7,516.15,0,1,0,0,1,0,0,1,4,1,0,0.0,0.0,64.51875,4.258445572902527,6.248332967823813,0
0,1,1,59,1,1,0,0,1,0,1,1,2,1,99.5,5861.75,0,1,1,0,1,0,0,1,5,4,1,199.0,99.5,97.69583333333334,4.61015772749913,8.67637405576855,0
0,0,0,7,1,0,0,0,1,1,1,0,0,0,64.3,445.95,0,1,0,0,0,0,0,1,4,1,0,0.0,0.0,55.74375,4.178992036282385,6.1024467315338615,0
0,1,1,71,1,0,1,0,1,1,0,1,2,1,70.85,4973.4,0,1,0,0,1,0,0,1,5,4,0,141.7,0.0,69.07499999999999,4.274580612525034,8.512060039304489,0
0,1,1,15,1,0,1,0,0,1,1,1,1,0,101.9,1667.25,0,1,1,0,0,1,0,0,5,2,1,101.9,101.9,104.203125,4.633757642840004,7.419530451783716,0
0,1,0,71,1,1,1,1,0,1,1,0,2,0,73.5,5357.75,0,1,0,0,1,0,0,1,6,4,0,147.0,0.0,74.41319444444444,4.310799125385514,8.586486017912186,0
0,0,0,35,1,1,0,0,1,0,1,1,0,1,100.25,3527.6,1,0,1,0,0,1,0,0,5,3,1,0.0,100.25,97.98888888888888,4.617592705986649,8.168656470693966,0
0,0,0,11,0,0,0,1,1,1,0,0,1,1,40.4,422.6,0,0,0,0,1,0,0,1,3,1,0,40.4,0.0,35.21666666666667,3.7232808808312687,6.048789613727251,0
0,1,1,60,1,0,0,0,0,0,0,0,2,1,19.25,1103.25,0,0,0,1,1,0,0,1,1,4,0,38.5,0.0,18.08606557377049,3.0081547935525483,7.006921650476636,0
1,0,0,47,1,1,0,1,0,1,0,0,2,0,59.6,2754.0,0,1,0,0,0,0,0,1,4,4,0,119.2,0.0,57.375,4.104294893075269,7.9211727215870145,0
0,0,0,11,1,0,0,0,1,1,0,1,1,0,64.9,697.25,0,0,0,0,1,0,0,1,4,1,0,64.9,0.0,58.104166666666664,4.188138441508461,6.548577204825286,0
0,1,0,56,1,1,0,1,0,0,1,1,1,0,100.3,5614.45,1,1,1,0,1,0,0,1,5,4,1,100.3,100.3,98.49912280701754,4.618086411254637,8.633277006436819,0
1,1,0,28,1,1,0,1,1,1,1,1,0,1,110.85,3204.4,0,0,1,0,0,1,0,0,7,3,1,0.0,110.85,110.49655172413793,4.717158687936139,8.072592166559476,0
0,1,0,61,1,0,1,1,0,1,1,1,2,1,81.05,4747.65,0,1,0,0,0,0,1,0,6,4,0,162.1,0.0,76.57499999999999,4.4073288175361,8.465615646106905,0
0,1,1,31,1,1,1,0,1,0,1,0,1,0,98.05,3082.1,0,1,1,0,0,0,0,1,5,3,1,98.05,98.05,96.315625,4.59562477314456,8.033690863299137,0
0,0,0,9,1,0,0,0,0,0,0,0,0,1,70.5,597.9,0,1,1,0,0,1,0,0,1,1,0,0.0,70.5,59.79,4.269697449699962,6.395094639270416,0
1,1,0,35,1,1,1,1,0,0,0,1,0,1,94.55,3365.4,0,1,1,0,0,1,0,0,5,3,1,0.0,94.55,93.48333333333333,4.559649670686282,8.121599203103337,0
0,0,0,2,1,0,0,0,0,0,0,0,0,1,19.65,38.8,0,1,0,1,0,0,1,0,1,0,0,0.0,0.0,12.933333333333332,3.027715319407042,3.6838669122903918,1
0,1,1,12,1,0,0,0,0,0,0,0,0,0,19.0,233.55,1,0,0,1,0,0,1,0,1,1,0,0.0,0.0,17.965384615384615,2.995732273553991,5.457668784774467,0
0,0,0,1,1,0,1,0,0,0,0,0,0,0,75.3,75.3,1,0,1,0,0,0,1,0,2,0,0,0.0,75.3,37.65,4.334672938290411,4.334672938290411,1
1,0,0,4,1,1,0,0,1,0,1,0,0,1,89.2,346.2,1,0,1,0,0,1,0,0,4,0,0,0.0,89.2,69.24,4.502029427068578,5.849900982786195,1
0,1,1,1,1,0,0,0,0,0,0,0,0,1,19.0,19.0,0,0,0,1,0,0,1,0,1,0,0,0.0,0.0,9.5,2.995732273553991,2.995732273553991,1
0,0,0,3,1,0,0,0,0,0,0,0,0,1,20.0,61.7,0,0,0,1,0,0,1,0,1,0,0,0.0,0.0,15.425,3.044522437723423,4.138361447638875,1
1,0,0,1,1,1,0,0,0,0,1,0,0,1,85.7,85.7,1,0,1,0,0,1,0,0,3,0,0,0.0,85.7,42.85,4.462453883786496,4.462453883786496,1
0,0,0,52,1,0,1,1,0,0,1,0,2,1,63.25,3342.45,0,1,0,0,1,0,0,1,4,4,0,126.5,0.0,63.06509433962264,4.162781723775329,8.114758486993102,0
0,1,1,5,1,0,0,0,0,0,0,0,1,0,20.1,85.1,0,1,0,1,0,0,1,0,1,0,0,20.1,0.0,14.183333333333332,3.0492730404820207,4.455509411433685,1
0,1,0,72,1,1,1,1,1,0,0,1,2,1,99.15,7422.1,0,1,1,0,0,1,0,0,6,4,1,198.3,99.15,101.67260273972603,4.606669062111827,8.912352038668999,0
0,1,1,71,1,1,1,1,1,1,1,1,2,0,90.4,6668.05,0,1,0,0,0,1,0,0,8,4,1,180.8,0.0,92.61180555555556,4.515245478460105,8.80523269998012,0
0,1,0,72,1,1,1,0,1,1,1,1,2,1,111.9,8071.05,0,1,1,0,1,0,0,1,7,4,1,223.8,111.9,110.56232876712329,4.726502471155617,8.996162756265996,0
0,1,1,46,1,1,0,0,0,0,0,0,1,0,24.9,1174.8,0,1,0,1,0,1,0,0,2,4,0,24.9,0.0,24.995744680851065,3.254242968705492,7.069704045968154,0
0,1,1,63,1,1,1,1,1,0,1,1,2,0,83.5,5435.0,0,1,0,0,1,0,0,1,7,4,0,167.0,0.0,84.921875,4.436751534363128,8.600798775271034,0
0,0,0,30,1,0,1,1,1,0,0,0,0,1,84.3,2438.6,0,1,1,0,1,0,0,1,4,3,0,0.0,84.3,78.66451612903225,4.446174454497633,7.799589370422301,0
0,0,0,1,1,0,0,0,0,0,0,0,0,0,45.6,45.6,0,1,0,0,0,0,1,0,1,0,0,0.0,0.0,22.8,3.8416005411316,3.8416005411316,1
0,0,0,12,1,1,1,0,1,1,0,0,0,1,61.65,713.75,1,0,0,0,0,0,1,0,5,1,0,0.0,0.0,54.90384615384615,4.137563681342077,6.571932831202421,0
0,0,0,16,0,0,1,1,1,1,1,0,2,0,54.85,916.15,0,1,0,0,0,0,1,0,5,2,0,109.7,0.0,53.891176470588235,4.02266952551521,6.821271035760359,0
0,0,0,4,1,1,0,0,0,1,0,1,0,0,65.55,237.2,0,1,0,0,0,0,1,0,4,0,0,0.0,0.0,47.44,4.197953544841121,5.473110656921199,1
0,1,0,51,1,1,0,1,0,0,0,1,1,1,90.35,4614.55,0,1,1,0,1,0,0,1,4,4,1,90.35,90.35,88.74134615384615,4.514698282824016,8.437186316434035,0
0,1,0,65,1,0,0,0,0,0,0,0,2,1,20.4,1414.45,0,1,0,1,1,0,0,1,1,4,0,40.8,0.0,21.43106060606061,3.0633909220278057,7.255202780720728,0
0,0,0,16,1,0,0,0,0,1,0,0,0,1,74.55,1170.5,0,1,1,0,1,0,0,1,2,2,0,0.0,74.55,68.8529411764706,4.3247946887187485,7.066040257947851,0
0,0,0,2,1,0,0,0,0,0,0,0,1,0,19.95,47.7,0,1,0,1,0,0,1,0,1,0,0,19.95,0.0,15.9,3.0421386463681466,3.885679030088544,1
0,1,1,66,1,1,0,0,0,0,0,0,1,1,74.25,4859.25,0,0,1,0,0,0,0,1,2,4,0,74.25,74.25,72.52611940298507,4.3208159036289855,8.48884515590075,0
0,0,0,46,1,1,0,1,1,1,1,1,2,0,108.65,4903.2,0,1,1,0,0,1,0,0,7,4,1,217.3,108.65,104.32340425531915,4.697293474863897,8.4978472598187,0
0,0,0,32,1,1,1,0,1,1,1,1,1,1,109.55,3608.0,0,0,1,0,0,0,0,1,7,3,1,109.55,109.55,109.33333333333333,4.705467907303455,8.19118600464279,0
0,1,0,72,1,1,1,0,1,1,1,1,2,0,86.65,6094.25,0,1,0,0,1,0,0,1,7,4,0,173.3,0.0,83.48287671232876,4.473351611367243,8.715265058301425,0
0,1,1,38,1,0,1,0,1,1,1,1,2,0,81.0,3084.9,0,1,0,0,1,0,0,1,6,4,0,162.0,0.0,79.10000000000001,4.406719247264253,8.034598627991073,0
0,0,1,51,1,0,0,0,0,1,0,0,1,0,47.85,2356.75,0,1,0,0,1,0,0,1,2,4,0,47.85,0.0,45.32211538461539,3.888754378488792,7.765463053423995,0
0,1,1,72,1,1,1,1,1,1,1,1,2,0,114.55,8306.05,0,1,1,0,0,0,0,1,8,4,1,229.1,114.55,113.78150684931506,4.74970333672039,9.024859830841061,0
1,1,0,65,1,1,1,0,1,0,1,1,0,0,105.25,6786.4,1,0,1,0,0,0,0,1,6,4,1,0.0,105.25,102.82424242424241,4.665794807804526,8.82282323116865,0
0,1,1,9,0,0,0,1,0,0,0,0,0,1,29.95,248.95,1,1,0,0,0,1,0,0,1,1,0,0.0,0.0,24.895,3.432372999130605,5.521260897859579,0
0,1,1,9,1,0,1,1,1,1,0,0,0,0,65.0,663.05,1,0,0,0,0,0,1,0,5,1,0,0.0,0.0,66.30499999999999,4.189654742026425,6.49835744784626,0
0,0,1,66,1,0,0,0,0,0,0,0,2,0,20.55,1357.1,0,1,0,1,0,0,1,0,1,4,0,41.1,0.0,20.255223880597015,3.070375816549757,7.2138419431100225,0
1,0,0,44,1,1,1,1,1,0,1,1,1,1,109.8,4860.35,0,0,1,0,1,0,0,1,7,4,1,109.8,109.8,108.00777777777779,4.707726774313183,8.489071456099213,0
0,0,0,50,1,1,0,0,1,1,0,1,2,0,69.5,3418.2,0,1,0,0,0,0,0,1,5,4,0,139.0,0.0,67.0235294117647,4.255612709818223,8.137161884564883,0
0,0,0,15,1,1,0,0,0,0,0,0,0,0,48.85,631.4,0,0,0,0,0,0,1,0,2,2,0,0.0,0.0,39.4625,3.9090184964078474,6.449522105335317,0
0,0,0,8,0,0,0,0,0,0,0,0,0,1,25.25,186.3,0,1,0,0,1,0,0,1,0,1,0,0.0,0.0,20.700000000000003,3.2676659890376327,5.2327116094500425,0
1,0,0,66,1,1,0,0,1,1,1,1,1,1,102.85,6976.75,0,0,1,0,1,0,0,1,6,4,1,102.85,102.85,104.13059701492537,4.642947550322122,8.850481794220427,0
0,0,0,57,1,1,1,1,0,1,0,0,0,1,87.55,4884.85,0,0,1,0,0,0,0,1,5,4,0,0.0,87.55,84.22155172413794,4.4835673642288425,8.494098551387365,0
0,0,0,7,1,1,0,1,0,0,0,0,0,1,78.55,522.95,0,0,1,0,0,0,0,1,3,1,0,0.0,78.55,65.36875,4.376385754783795,6.261396259920951,0
1,1,1,10,0,0,0,0,0,0,0,1,0,1,34.55,362.6,0,1,0,0,0,0,0,1,1,1,0,0.0,0.0,32.96363636363637,3.5709401562492498,5.896054362303324,0
0,0,0,62,1,1,1,1,1,0,0,0,1,1,92.05,5755.8,0,0,1,0,0,1,0,0,5,4,1,92.05,92.05,91.36190476190477,4.5331369830882595,8.658137043756215,0
0,1,1,40,1,0,0,0,1,0,1,0,1,1,85.05,3355.65,0,1,1,0,0,1,0,0,3,4,0,85.05,85.05,81.84512195121951,4.454928522657548,8.118698731788875,0
0,0,0,20,1,0,0,0,0,0,0,0,2,0,19.7,406.95,0,0,0,1,0,0,1,0,1,2,0,39.4,0.0,19.378571428571426,3.0301337002713233,6.011144617874809,0
0,0,0,7,1,0,0,0,0,0,0,0,0,0,20.0,137.6,1,0,0,1,0,0,0,1,1,1,0,0.0,0.0,17.2,3.044522437723423,4.931592086755803,0
0,1,0,25,1,0,0,0,0,1,1,1,0,1,95.15,2395.7,0,0,1,0,0,1,0,0,4,3,1,0.0,95.15,92.14230769230768,4.565909472034789,7.781848070156106,0
0,1,0,23,1,1,0,1,1,0,0,0,0,0,84.25,1968.1,0,1,1,0,0,1,0,0,4,2,0,0.0,84.25,82.00416666666666,4.445588116163626,7.585331864551124,0
1,1,0,66,1,1,0,1,1,0,1,1,1,0,104.6,6819.45,0,0,1,0,1,0,0,1,6,4,1,104.6,104.6,101.78283582089551,4.659658371272161,8.827680731065456,0
1,0,0,72,1,1,0,1,1,1,1,1,2,0,111.65,7943.45,0,0,1,0,0,1,0,0,7,4,1,223.3,111.65,108.81438356164384,4.724285666878253,8.980228850646334,0
1,1,0,49,1,1,0,1,0,0,0,1,0,0,90.05,4547.25,1,1,1,0,1,0,0,1,4,4,1,0.0,90.05,90.945,4.511408806173617,8.422497822576913,0
1,1,1,43,1,1,0,1,1,1,1,1,0,1,110.75,4687.9,1,1,1,0,0,0,0,1,7,4,1,0.0,110.75,106.54318181818181,4.716264233493678,8.452953292353323,0
0,1,0,46,1,1,1,0,0,0,0,0,0,0,55.0,2473.95,0,0,0,0,0,0,0,1,3,4,0,0.0,0.0,52.63723404255319,4.02535169073515,7.813975472778525,0
0,1,1,72,1,1,1,1,1,1,1,1,2,0,89.85,6562.9,0,1,0,0,1,0,0,1,8,4,0,179.7,0.0,89.90273972602739,4.50920979484218,8.789340217480893,0
0,0,0,10,1,0,0,0,0,0,0,0,1,0,20.35,176.3,0,1,0,1,0,0,1,0,1,1,0,20.35,0.0,16.027272727272727,3.0610517396746335,5.177843213080163,0
0,0,0,40,0,0,1,0,0,1,1,1,1,1,54.55,2236.2,0,0,0,0,0,0,0,1,4,4,0,54.55,0.0,54.541463414634144,4.017283516085639,7.712980362947433,0
0,1,1,65,1,1,0,1,1,0,1,1,0,1,105.5,6985.65,1,0,1,0,0,1,0,0,6,4,1,0.0,105.5,105.84318181818182,4.66814498514948,8.85175646426784,0
0,0,0,31,1,0,0,0,1,1,1,1,2,0,99.45,3109.9,0,1,1,0,0,0,0,1,5,3,1,198.9,99.45,97.184375,4.609660091260944,8.042667352375865,0
0,1,0,68,1,1,1,1,1,1,0,0,2,0,70.9,4911.35,0,0,0,0,1,0,0,1,6,4,0,141.8,0.0,71.17898550724638,4.275276264727001,8.499507721360189,0
1,1,1,56,1,1,1,0,1,0,1,1,1,1,104.55,5794.65,1,1,1,0,0,0,0,1,6,4,1,104.55,104.55,101.66052631578947,4.65918477429433,8.664862915143807,0
0,1,0,10,1,1,0,0,0,0,0,1,0,1,85.25,855.3,1,1,1,0,0,1,0,0,3,1,0,0.0,85.25,77.75454545454545,4.457250055911469,6.752620782032146,0
0,1,1,68,1,1,0,0,0,0,0,0,2,0,25.4,1620.2,0,1,0,1,0,0,0,1,2,4,0,50.8,0.0,23.481159420289856,3.2733640101522705,7.390921894754154,0
0,1,1,43,1,0,0,0,0,0,1,0,0,0,56.15,2499.3,1,0,0,0,0,1,0,0,2,4,0,0.0,0.0,56.80227272727273,4.04567939024082,7.8241660036568685,0
0,0,0,1,1,0,0,0,0,0,1,1,0,1,89.55,89.55,1,1,1,0,0,1,0,0,3,0,0,0.0,89.55,44.775,4.505902184329423,4.505902184329423,1
1,0,0,49,1,0,0,1,1,0,0,1,1,1,89.85,4287.2,0,0,1,0,0,0,0,1,4,4,0,89.85,89.85,85.744,4.50920979484218,8.363622343453988,0
0,1,1,15,1,1,0,0,0,0,0,0,0,1,25.25,394.85,0,0,0,1,0,1,0,0,2,2,0,0.0,0.0,24.678125,3.2676659890376327,5.981035351617443,0
1,1,0,20,1,1,0,0,0,0,1,1,0,1,94.55,1899.65,1,1,1,0,0,1,0,0,4,2,1,0.0,94.55,90.45952380952382,4.559649670686282,7.549951211913027,0
0,0,0,1,1,0,0,0,0,0,0,0,0,1,45.7,45.7,1,1,0,0,0,0,1,0,1,0,0,0.0,0.0,22.85,3.8437441646748516,3.8437441646748516,1
0,1,1,50,1,1,0,0,1,1,1,0,1,1,69.65,3442.15,0,1,0,0,0,1,0,0,5,4,0,69.65,0.0,67.49313725490197,4.257738109130536,8.14414202904651,0
1,0,0,2,1,1,0,1,0,0,0,1,0,0,89.5,161.5,1,0,1,0,0,1,0,0,4,0,0,0.0,89.5,53.833333333333336,4.505349850705881,5.090678001769792,1
1,0,0,24,1,0,0,0,0,0,0,0,0,0,70.0,1732.6,0,1,1,0,1,0,0,1,1,2,0,0.0,70.0,69.304,4.2626798770413155,7.4579554502221495,0
0,0,0,3,1,0,0,0,0,0,0,0,0,1,69.55,222.3,1,0,1,0,0,0,0,1,1,0,0,0.0,69.55,55.575,4.256321678298823,5.408516158846112,1
0,0,0,1,1,0,0,0,1,0,0,0,0,1,74.6,74.6,1,0,1,0,0,0,1,0,2,0,0,0.0,74.6,37.3,4.3254562831854875,4.3254562831854875,1
0,1,1,35,1,0,0,0,0,0,0,0,2,0,20.1,655.3,0,1,0,1,0,0,1,0,1,3,0,40.2,0.0,18.202777777777776,3.0492730404820207,6.486618001479677,0
0,0,0,17,1,1,0,0,0,0,0,0,0,0,24.8,475.25,0,0,0,1,0,0,1,0,2,2,0,0.0,0.0,26.40277777777778,3.250374491927572,6.165942926440911,0
1,0,0,8,1,0,0,0,0,0,0,0,0,0,19.65,164.3,1,0,0,1,0,1,0,0,1,1,0,0.0,0.0,18.255555555555556,3.027715319407042,5.107762004826979,0
0,0,0,10,1,0,0,0,0,1,1,1,0,1,95.1,865.1,0,1,1,0,1,0,0,1,4,1,1,0.0,95.1,78.64545454545454,4.565389315976247,6.764000375336999,0
0,1,1,68,1,1,1,1,1,1,1,1,2,1,88.85,6132.7,0,1,0,0,1,0,0,1,8,4,0,177.7,0.0,88.87971014492753,4.498141613229568,8.721553435750755,0
0,1,0,45,1,0,1,1,1,0,1,1,1,0,78.8,3597.5,0,1,0,0,0,0,0,1,6,4,0,78.8,0.0,78.20652173913044,4.379523504455763,8.188272370947859,0
0,1,1,2,1,0,0,0,0,0,0,0,1,0,19.85,35.9,1,1,0,1,0,0,1,0,1,0,0,19.85,0.0,11.966666666666667,3.0373539482448106,3.6082115510464816,1
0,1,0,37,1,0,0,0,0,0,0,0,0,0,20.35,697.65,0,1,0,1,0,0,0,1,1,4,0,0.0,0.0,18.35921052631579,3.0610517396746335,6.549149901526457,0
0,0,0,4,0,0,0,0,0,0,0,0,0,1,24.25,96.05,1,0,0,0,0,0,1,0,0,0,0,0.0,0.0,19.21,3.228826155721369,4.57522630961502,1
0,0,0,10,1,0,0,0,0,0,0,0,0,0,45.25,428.7,0,0,0,0,0,0,1,0,1,1,0,0.0,0.0,38.97272727272727,3.834061463958434,6.063087290780949,0
0,0,0,1,1,0,0,0,0,0,0,0,0,0,20.05,20.05,0,1,0,1,0,0,1,0,1,0,0,0.0,0.0,10.025,3.0469005601283903,3.0469005601283903,1
0,1,1,65,1,1,1,1,0,0,0,1,2,1,69.55,4459.15,0,1,0,0,0,0,1,0,5,4,0,139.1,0.0,67.56287878787879,4.256321678298823,8.402937676735553,0
0,1,1,57,1,0,0,0,0,0,0,0,2,0,19.5,1167.6,0,0,0,1,0,0,0,1,1,4,0,39.0,0.0,20.13103448275862,3.0204248861443626,7.063561730120337,0
0,0,0,3,1,0,0,0,1,0,0,0,0,1,74.75,238.1,0,0,1,0,0,0,1,0,2,0,0,0.0,74.75,59.525,4.327438444389479,5.476881874464279,1
0,0,0,2,1,0,0,0,0,0,0,0,0,0,69.65,145.15,1,0,1,0,0,1,0,0,1,0,0,0.0,69.65,48.38333333333333,4.257738109130536,4.984633491557255,1
0,0,0,49,0,0,0,0,1,0,0,0,0,1,30.2,1453.1,0,1,0,0,0,0,0,1,1,4,0,0.0,0.0,29.061999999999998,3.4404180948154366,7.28214243151944,0
0,0,0,4,1,0,0,0,0,0,0,0,0,0,45.65,191.05,1,0,0,0,0,0,1,0,1,0,0,0.0,0.0,38.21,3.8426729272933526,5.257755754791914,1
0,1,0,70,0,0,0,1,1,1,1,1,2,0,57.8,4039.3,0,0,0,0,0,0,0,1,5,4,0,115.6,0.0,56.89154929577465,4.074141854904581,8.304074225623992,0
0,1,1,53,1,0,0,0,0,0,0,0,1,1,19.85,1039.45,0,0,0,1,0,0,0,1,1,4,0,19.85,0.0,19.249074074074073,3.0373539482448106,6.947408590858789,0
0,1,1,53,1,1,0,0,0,0,0,0,2,0,25.55,1336.1,0,1,0,1,1,0,0,1,2,4,0,51.1,0.0,24.74259259259259,3.279029747687948,7.198258368620619,0
0,0,0,1,1,1,0,0,0,0,0,0,0,1,75.05,75.05,1,0,1,0,0,0,1,0,2,0,0,0.0,75.05,37.525,4.331391018705302,4.331391018705302,1
0,0,0,22,1,1,0,0,0,0,0,0,0,1,24.85,493.4,0,1,0,1,1,0,0,1,2,2,0,0.0,0.0,21.452173913043477,3.2523106009544382,6.203344906143481,0
1,0,0,52,0,0,0,1,0,0,1,1,0,1,49.15,2550.9,1,1,0,0,0,1,0,0,3,4,0,0.0,0.0,48.130188679245286,3.9150185144079446,7.844593458743952,0
1,0,0,65,1,1,1,0,1,1,1,1,2,1,110.35,7246.15,0,1,1,0,0,1,0,0,7,4,1,220.7,110.35,109.7901515151515,4.712678393703377,8.888363567115029,0
0,0,0,48,1,1,0,0,0,0,0,0,1,0,24.55,1203.95,0,0,0,1,0,0,0,1,2,4,0,24.55,0.0,24.570408163265306,3.2406373166497136,7.094193351287931,0
0,0,0,2,0,0,0,0,0,0,0,1,0,1,34.7,62.25,1,0,0,0,0,1,0,0,1,0,0,0.0,0.0,20.75,3.5751506887855933,4.1470951276076295,1
0,0,0,3,1,1,0,1,1,0,1,1,0,0,107.95,313.6,0,1,1,0,0,0,1,0,6,0,1,0.0,107.95,78.4,4.690889061390629,5.751301990624177,1
0,1,0,45,1,1,0,1,0,0,0,0,0,0,81.4,3775.85,0,1,1,0,0,0,0,1,3,4,0,0.0,81.4,82.08369565217392,4.411585436915426,8.236645607865055,0
0,1,1,1,1,0,0,0,0,0,0,1,0,0,80.0,80.0,1,1,1,0,0,1,0,0,2,0,0,0.0,80.0,40.0,4.394449154672439,4.394449154672439,1
0,1,1,61,1,0,0,0,1,1,1,1,2,1,73.8,4616.05,0,0,0,0,0,0,0,1,5,4,0,147.6,0.0,74.45241935483871,4.314817884980432,8.437511251991344,0
0,0,0,3,1,0,1,0,0,1,1,0,0,1,64.4,195.65,0,1,0,0,1,0,0,1,4,0,0,0.0,0.0,48.9125,4.180522258463153,5.281425498877819,1
1,0,0,40,1,1,0,0,1,1,1,1,1,1,103.75,4188.4,0,0,1,0,1,0,0,1,6,4,1,103.75,103.75,102.1560975609756,4.6515765588022475,8.340312804571665,0
0,0,0,1,1,0,0,0,0,0,0,0,0,0,71.1,71.1,0,0,1,0,0,0,1,0,1,0,0,0.0,71.1,35.55,4.278054044290903,4.278054044290903,1
0,0,0,1,1,0,0,0,0,1,0,0,0,1,49.9,49.9,0,0,0,0,0,1,0,0,2,0,0,0.0,0.0,24.95,3.929862923556477,3.929862923556477,1
0,0,0,51,1,1,0,0,0,0,0,0,1,1,24.6,1266.4,0,1,0,1,0,0,0,1,2,4,0,24.6,0.0,24.353846153846156,3.242592351485517,7.144722836889416,0
1,0,0,2,1,0,1,0,0,0,0,0,0,1,49.25,91.1,1,1,0,0,0,1,0,0,2,0,0,0.0,0.0,30.366666666666664,3.917010546939185,4.522874943261261,1
0,0,0,52,0,0,0,1,0,0,0,0,1,0,30.1,1623.4,0,1,0,0,0,0,1,0,1,4,0,30.1,0.0,30.630188679245286,3.4372078191851885,7.392893795812142,0
0,0,0,51,1,1,0,0,0,0,0,1,0,0,83.4,4149.45,0,1,1,0,0,0,0,1,3,4,0,0.0,83.4,79.79711538461538,4.4355674016019115,8.330972041081171,0
0,0,0,1,1,0,0,0,0,0,0,0,0,1,20.45,20.45,0,1,0,1,0,0,1,0,1,0,0,0.0,0.0,10.225,3.065724645374026,3.065724645374026,1
0,1,1,31,1,1,1,1,0,1,0,1,1,1,75.25,2344.5,0,1,0,0,0,0,0,1,6,3,0,75.25,0.0,73.265625,4.334017415487521,7.760253877768513,0
0,0,1,47,1,0,0,0,0,0,0,0,1,0,20.55,1013.05,0,1,0,1,1,0,0,1,1,4,0,20.55,0.0,21.105208333333334,3.070375816549757,6.921707492600141,0
0,0,0,3,1,1,0,0,0,0,0,0,0,1,75.1,270.7,1,0,1,0,1,0,0,1,2,0,0,0.0,75.1,67.675,4.33204826486764,5.604698516432302,1
1,0,0,22,1,0,0,0,0,0,0,0,1,1,20.05,417.0,0,0,0,1,0,0,1,0,1,2,0,20.05,0.0,18.130434782608695,3.0469005601283903,6.035481432524756,0
0,1,0,1,1,0,0,0,0,0,0,0,0,1,20.65,20.65,0,0,0,1,0,0,1,0,1,0,0,0.0,0.0,10.325,3.075005454448499,3.075005454448499,1
0,1,0,72,1,1,0,1,1,1,1,1,2,1,85.15,6316.2,0,1,0,0,0,0,0,1,7,4,0,170.3,0.0,86.52328767123288,4.456089962973938,8.7510313509959,0
0,1,1,3,1,0,0,0,1,0,0,0,0,1,50.15,168.15,1,1,0,0,0,1,0,0,2,0,0,0.0,0.0,42.0375,3.9347624923976356,5.130785895226717,1
1,1,1,47,1,0,0,1,0,0,1,0,1,1,84.95,4018.05,0,1,1,0,0,0,0,1,3,4,0,84.95,84.95,83.70937500000001,4.453765731828859,8.298800835277511,0
0,1,1,72,1,1,1,0,1,1,0,0,2,1,66.5,4811.6,0,1,0,0,1,0,0,1,5,4,0,133.0,0.0,65.9123287671233,4.212127597878484,8.478992757600935,0
0,1,1,66,1,1,0,0,1,0,1,0,2,1,63.3,4189.7,0,1,0,0,0,0,0,1,4,4,0,126.6,0.0,62.53283582089552,4.163559631243574,8.340623063401615,0
0,0,0,35,1,1,0,0,0,0,1,0,0,0,83.15,2848.45,0,1,1,0,0,1,0,0,3,3,0,0.0,83.15,79.1236111111111,4.432600920636815,7.954881272183045,0
0,0,0,29,1,1,0,0,0,0,0,1,0,1,84.9,2516.2,0,1,1,0,0,1,0,0,3,3,0,0.0,84.9,83.87333333333332,4.45318382899021,7.830902451652778,0
0,0,0,2,1,0,0,0,0,0,0,0,0,1,20.55,33.6,0,0,0,1,0,0,1,0,1,0,0,0.0,0.0,11.200000000000001,3.070375816549757,3.543853682063679,1
0,0,0,4,1,0,0,1,0,0,0,0,0,0,49.25,208.45,0,1,0,0,0,0,1,0,2,0,0,0.0,0.0,41.69,3.917010546939185,5.344485047393044,1
0,0,0,25,1,0,1,1,0,0,0,0,0,1,79.85,2015.35,1,0,1,0,0,0,0,1,3,3,0,0.0,79.85,77.51346153846154,4.392595586023115,7.609044225233705,0
0,0,0,65,1,0,1,1,0,1,0,0,2,1,59.6,3739.8,0,0,0,0,0,0,1,0,4,4,0,119.2,0.0,56.663636363636364,4.104294893075269,8.22705477127775,0
1,0,0,27,1,1,0,1,0,1,1,1,1,1,104.65,2964.0,0,1,1,0,0,0,0,1,6,3,1,104.65,104.65,105.85714285714286,4.660131744062066,7.994632311431825,0
0,1,0,29,1,0,0,0,1,0,0,0,0,1,75.3,2263.4,0,1,1,0,1,0,0,1,2,3,0,0.0,75.3,75.44666666666667,4.334672938290411,7.725065102162505,0
0,1,1,29,1,1,0,1,1,0,1,1,0,0,80.1,2211.8,0,1,0,0,1,0,0,1,6,3,0,0.0,0.0,73.72666666666667,4.395682961121367,7.702013960910494,0
0,0,0,1,1,0,0,0,0,0,0,0,0,0,19.55,19.55,1,1,0,1,0,0,1,0,1,0,0,0.0,0.0,9.775,3.022860940942244,3.022860940942244,1
0,1,0,20,1,0,0,0,1,1,0,0,0,1,81.0,1683.7,0,0,1,0,0,0,1,0,3,2,0,0.0,81.0,80.17619047619048,4.406719247264253,7.4293427853921585,0
0,0,0,58,1,1,0,0,0,0,0,0,2,1,24.7,1519.0,0,0,0,1,1,0,0,1,2,4,0,49.4,0.0,25.74576271186441,3.246490991901174,7.326465613840322,0
0,0,1,14,1,1,1,0,0,1,0,0,0,1,86.0,1164.05,0,0,1,0,0,0,1,0,4,2,0,0.0,86.0,77.60333333333332,4.465908118654584,7.060519283533766,0
0,1,0,72,1,1,0,0,0,0,0,0,2,0,25.4,1710.9,0,1,0,1,0,0,1,0,2,4,0,50.8,0.0,23.436986301369863,3.2733640101522705,7.445359143780733,0
0,0,0,46,1,1,1,0,0,0,1,0,0,1,89.15,4245.55,0,1,1,0,1,0,0,1,4,4,0,0.0,89.15,90.3308510638298,4.501474949649326,8.353862167553196,0
0,1,0,71,0,0,0,1,1,1,1,1,2,0,58.25,4145.9,0,0,0,0,0,0,0,1,5,4,0,116.5,0.0,57.58194444444444,4.081765780015241,8.330116346138421,0
0,0,0,32,1,1,0,0,0,0,0,1,0,1,85.65,2664.3,0,1,1,0,0,0,0,1,3,3,0,0.0,85.65,80.73636363636365,4.4618770161616155,7.888071900620851,0
0,0,0,26,0,0,0,0,1,0,1,1,0,1,50.35,1277.5,0,0,0,0,1,0,0,1,3,3,0,0.0,0.0,47.31481481481482,3.9386649363745674,7.153442794731241,0
1,1,0,68,1,1,0,0,1,0,0,0,0,1,80.35,5589.3,0,1,1,0,1,0,0,1,3,4,0,0.0,80.35,81.00434782608696,4.3987608336650466,8.628788231972079,0
0,1,1,2,1,0,0,0,0,0,0,0,1,0,20.2,34.75,0,1,0,1,0,0,1,0,1,0,0,20.2,0.0,11.583333333333334,3.054001181677967,3.5765502691400166,1
0,1,1,61,1,0,0,0,0,0,0,0,2,0,20.55,1305.95,0,1,0,1,1,0,0,1,1,4,0,41.1,0.0,21.063709677419357,3.070375816549757,7.175451457345406,0
0,1,1,4,1,1,0,0,0,0,0,1,0,1,85.95,381.3,1,0,1,0,0,1,0,0,3,0,0,0.0,85.95,76.26,4.465333240800292,5.946205640702368,1
0,0,0,3,1,0,0,0,0,0,0,0,0,1,45.35,141.5,1,1,0,0,0,1,0,0,1,0,0,0.0,0.0,35.375,3.836221292011864,4.959341999708705,1
1,1,0,33,1,1,0,0,0,0,1,1,0,1,94.5,3105.55,1,1,1,0,0,1,0,0,4,3,1,0.0,94.5,91.33970588235294,4.5591262474866845,8.041268064658302,0
1,1,0,9,1,0,0,0,0,0,0,0,0,1,21.25,204.55,0,1,0,1,0,0,1,0,1,1,0,0.0,0.0,20.455000000000002,3.1023420086122493,5.325689313343887,0
0,0,0,22,1,1,0,0,0,0,0,0,2,0,26.25,605.9,0,0,0,1,0,0,1,0,2,2,0,52.5,0.0,26.343478260869563,3.305053521109253,6.408364032841809,0
0,1,1,5,1,0,0,0,0,0,1,0,0,1,80.85,356.1,0,0,1,0,0,1,0,0,2,0,0,0.0,80.85,59.35,4.404888303817144,5.878015854600402,1
1,0,0,30,1,1,1,1,1,0,0,0,0,0,91.7,2758.15,1,0,1,0,1,0,0,1,5,3,1,0.0,91.7,88.97258064516129,4.529368472571809,7.922677940263891,0
0,0,0,65,1,1,0,1,1,1,0,1,2,1,74.2,4805.65,0,1,0,0,1,0,0,1,6,4,0,148.4,0.0,72.81287878787879,4.320151230955794,8.47775565475844,0
0,0,0,45,1,1,0,0,1,1,0,0,0,1,87.25,3941.7,1,0,1,0,0,1,0,0,4,4,0,0.0,87.25,85.6891304347826,4.480173695813406,8.27962104678323,0
0,0,0,5,1,0,0,0,0,0,0,0,0,0,20.35,92.75,0,1,0,1,0,0,1,0,1,0,0,0.0,0.0,15.458333333333334,3.0610517396746335,4.54063166485052,1
0,1,1,25,1,0,0,1,0,0,0,0,0,1,75.5,1901.05,0,1,1,0,0,1,0,0,2,3,0,0.0,75.5,73.11730769230769,4.33729074083249,7.55068753087758,0
0,1,1,72,1,1,1,0,0,0,0,0,2,0,79.05,5730.7,0,0,1,0,0,0,0,1,3,4,0,158.1,79.05,78.5027397260274,4.382651439442724,8.653767449825429,0
0,1,0,27,1,1,0,0,1,0,0,1,0,0,90.15,2423.4,0,0,1,0,0,0,0,1,4,3,1,0.0,90.15,86.55,4.512506501124672,7.79333935007713,0
0,1,1,32,0,0,0,0,1,0,1,1,0,0,50.6,1653.45,0,1,0,0,1,0,0,1,3,3,0,0.0,0.0,50.10454545454546,3.9435216724875173,7.411223906294559,0
0,0,0,30,1,1,0,1,1,1,1,1,1,0,110.45,3327.05,0,0,1,0,1,0,0,1,7,3,1,110.45,110.45,107.3241935483871,4.713576059831878,8.110141825866702,0
0,1,0,70,1,0,1,1,1,1,0,1,2,0,101.0,7085.5,0,1,1,0,1,0,0,1,6,4,1,202.0,101.0,99.79577464788733,4.624972813284271,8.86594684460696,0
1,0,0,42,1,1,0,1,0,0,0,0,0,1,79.35,3344.1,0,1,1,0,0,0,0,1,3,4,0,0.0,79.35,77.76976744186047,4.386392092183521,8.115251867481689,0
1,1,0,72,1,1,1,1,1,1,1,1,2,1,89.85,6697.35,0,0,0,0,0,0,0,1,8,4,0,179.7,0.0,91.74452054794521,4.50920979484218,8.809616506393237,0
0,0,0,47,1,1,1,0,1,1,0,0,2,1,65.0,2879.9,0,0,0,0,0,0,1,0,5,4,0,130.0,0.0,59.99791666666667,4.189654742026425,7.965858024312037,0
0,0,0,2,1,0,1,0,1,0,0,0,0,1,80.45,137.1,0,0,1,0,0,1,0,0,3,0,0,0.0,80.45,45.699999999999996,4.399989335048054,4.9279780604152466,1
0,0,0,10,1,1,1,0,0,0,1,1,0,0,98.55,1008.55,1,1,1,0,0,1,0,0,5,1,1,0.0,98.55,91.68636363636364,4.6006600305102054,6.917259965996383,0
0,1,1,61,1,1,0,0,0,0,0,0,2,1,24.1,1551.6,0,0,0,1,0,0,1,0,2,4,0,48.2,0.0,25.0258064516129,3.2228678461377385,7.34768622397158,0
0,0,0,5,1,0,0,0,0,0,0,0,0,1,44.05,202.15,0,0,0,0,1,0,0,1,1,0,0,0.0,0.0,33.69166666666667,3.807772984054347,5.313944622433736,1
1,1,0,72,1,1,0,1,1,1,1,1,2,1,110.8,7882.25,0,0,1,0,1,0,0,1,7,4,1,221.6,110.8,107.97602739726027,4.716711560720999,8.972495534371573,0
1,1,1,72,1,1,1,1,1,1,1,1,2,1,114.95,8196.4,0,1,1,0,0,0,0,1,8,4,1,229.9,114.95,112.27945205479452,4.753159063701541,9.011572309803286,0
1,0,0,3,1,0,0,0,1,0,0,0,0,0,75.05,202.9,0,0,1,0,0,0,1,0,2,0,0,0.0,75.05,50.725,4.331391018705302,5.31762967758041,1
0,1,0,48,1,0,0,0,0,0,0,0,2,0,19.25,855.1,0,1,0,1,0,0,1,0,1,4,0,38.5,0.0,17.451020408163266,3.0081547935525483,6.75238719174844,0
0,0,0,63,1,0,0,0,1,1,1,0,1,1,90.05,5817.0,0,0,1,0,1,0,0,1,4,4,1,90.05,90.05,90.890625,4.511408806173617,8.668711839055147,0
0,0,0,27,1,0,1,1,0,0,0,0,0,1,56.7,1652.95,0,0,0,0,0,0,1,0,3,3,0,0.0,0.0,59.033928571428575,4.055257173514054,7.410921645380639,0
0,1,1,70,1,0,1,1,1,0,1,1,2,1,80.15,5600.15,0,1,0,0,1,0,0,1,6,4,0,160.3,0.0,78.87535211267605,4.396299293960601,8.630727212783206,0
0,1,1,7,1,0,1,0,1,1,0,1,0,1,71.35,515.75,0,1,0,0,1,0,0,1,5,1,0,0.0,0.0,64.46875,4.281515453077493,6.247559198561878,0
0,0,1,0,1,0,0,0,0,0,0,0,2,0,20.25,0.0,0,1,0,1,0,0,1,0,1,0,0,40.5,0.0,0.0,3.056356895370426,0.0,1
0,1,0,2,1,0,1,1,0,0,1,0,0,0,90.35,190.5,0,0,1,0,0,1,0,0,4,0,1,0.0,90.35,63.5,4.514698282824016,5.2548878086207,1
1,0,0,20,1,1,0,0,1,0,1,1,0,1,98.55,1842.8,1,1,1,0,0,1,0,0,5,2,1,0.0,98.55,87.75238095238095,4.6006600305102054,7.519583938364494,0
0,0,0,66,1,0,0,0,0,0,0,0,2,0,19.7,1253.8,0,1,0,1,0,0,0,1,1,4,0,39.4,0.0,18.713432835820896,3.0301337002713233,7.1347314763165235,0
0,0,0,3,1,0,0,0,0,0,0,0,0,0,19.85,57.2,0,0,0,1,0,0,1,0,1,0,0,0.0,0.0,14.3,3.0373539482448106,4.063885354737392,1
0,0,1,15,1,0,0,1,0,0,0,1,0,1,85.9,1269.55,1,0,1,0,0,0,0,1,3,2,0,0.0,85.9,79.346875,4.464758032271346,7.1472051565706565,0
0,1,1,72,1,1,1,1,0,1,0,0,2,1,90.35,6563.4,0,0,1,0,0,0,0,1,5,4,1,180.7,90.35,89.90958904109588,4.514698282824016,8.789416388805472,0
0,0,0,1,1,0,0,0,0,0,0,0,0,0,20.8,20.8,0,1,0,1,0,0,1,0,1,0,0,0.0,0.0,10.4,3.0819099697950434,3.0819099697950434,1
0,0,0,22,1,0,0,0,0,0,1,1,0,0,89.25,1907.85,1,0,1,0,0,1,0,0,3,2,0,0.0,89.25,82.95,4.502583597212991,7.554256245468311,0
0,1,0,3,1,0,0,0,0,0,0,0,0,1,70.3,208.85,1,1,1,0,0,1,0,0,1,0,0,0.0,70.3,52.2125,4.26689632742025,5.346392989779599,1
0,1,1,72,1,1,1,0,1,1,0,0,2,0,66.85,4758.8,0,0,0,0,0,0,0,1,5,4,0,133.7,0.0,65.18904109589042,4.217299386280878,8.467960929536012,0
0,1,1,65,1,0,0,0,0,0,0,0,2,0,19.9,1292.6,0,1,0,1,0,0,1,0,1,4,0,39.8,0.0,19.584848484848482,3.039749158970765,7.165184308262897,0
0,0,0,11,0,0,0,0,0,0,1,0,0,1,35.8,363.15,0,0,0,0,0,0,1,0,1,1,0,0.0,0.0,30.2625,3.6054978451748854,5.897565870663924,0
0,0,0,22,1,1,0,1,0,0,0,0,0,1,78.85,1600.25,0,1,1,0,0,0,1,0,3,2,0,0.0,78.85,69.57608695652173,4.380149874661021,7.378539853210944,0
0,0,0,14,1,0,0,0,0,0,0,0,1,0,20.4,275.7,0,1,0,1,0,0,0,1,1,2,0,20.4,0.0,18.38,3.0633909220278057,5.62293388679288,0
0,0,0,41,1,0,0,0,0,1,0,0,0,1,74.25,3089.1,0,1,1,0,0,1,0,0,2,4,0,0.0,74.25,73.55,4.3208159036289855,8.035958731827685,0
0,1,0,17,1,0,1,1,0,0,0,1,1,0,64.8,1175.6,0,1,0,0,0,0,1,0,4,2,0,64.8,0.0,65.3111111111111,4.186619838331271,7.070384202430356,0
0,0,0,11,1,0,0,0,0,0,0,0,0,1,20.45,237.3,0,1,0,1,1,0,0,1,1,1,0,0.0,0.0,19.775000000000002,3.065724645374026,5.473530384104697,0
0,0,0,15,1,1,0,0,0,0,1,1,0,1,93.35,1444.65,1,1,1,0,0,1,0,0,4,2,1,0.0,93.35,90.290625,4.547011271814559,7.2763143263943215,0
0,0,0,1,1,0,0,0,0,0,0,0,0,0,19.9,19.9,1,0,0,1,0,0,1,0,1,0,0,0.0,0.0,9.95,3.039749158970765,3.039749158970765,1
0,1,0,5,1,0,1,0,1,0,0,1,0,1,88.9,454.15,1,0,1,0,0,0,1,0,4,0,0,0.0,88.9,75.69166666666666,4.498697941477575,6.120627034951298,1
0,1,0,33,1,0,0,0,1,0,1,1,1,1,95.8,3036.75,1,1,1,0,0,1,0,0,4,3,1,95.8,95.8,89.31617647058823,4.572646994282532,8.01887238878872,0
0,1,0,72,1,1,1,1,1,0,1,1,2,1,110.65,8065.65,0,0,1,0,1,0,0,1,7,4,1,221.3,110.65,110.48835616438356,4.7153689782861665,8.99549355735883,0
0,1,1,3,0,0,0,1,0,0,0,1,0,0,40.3,92.5,0,0,0,0,0,0,1,0,2,0,0,0.0,0.0,23.125,3.720862499966987,4.537961436294641,1
0,0,0,2,1,1,0,1,0,0,0,0,0,1,82.0,184.65,1,1,1,0,0,1,0,0,3,0,0,0.0,82.0,61.550000000000004,4.418840607796598,5.2238631806230895,1
0,1,0,59,1,1,1,1,1,1,0,1,1,1,107.0,6152.3,0,0,1,0,1,0,0,1,7,4,1,107.0,107.0,102.53833333333334,4.68213122712422,8.724743802255968,0
0,0,0,2,1,0,0,0,0,0,0,0,0,0,45.35,89.5,1,1,0,0,0,1,0,0,1,0,0,0.0,0.0,29.833333333333332,3.836221292011864,4.505349850705881,1
0,1,1,71,1,0,0,1,0,1,1,1,2,1,73.35,5154.5,0,1,0,0,1,0,0,1,5,4,0,146.7,0.0,71.59027777777777,4.308783672906164,8.547819384957998,0
0,1,1,5,1,0,0,0,0,0,0,0,0,0,44.8,220.45,0,0,0,0,0,0,1,0,1,0,0,0.0,0.0,36.74166666666667,3.824284091120139,5.400196830369207,1
0,1,1,27,1,0,1,1,0,0,0,0,0,1,54.75,1510.3,0,1,0,0,1,0,0,1,3,3,0,0.0,0.0,53.93928571428571,4.020877410340228,7.320725486576075,0
0,0,0,1,1,0,0,0,0,1,0,0,0,1,52.2,52.2,1,0,0,0,0,1,0,0,2,0,0,0.0,0.0,26.1,3.9740583963475986,3.9740583963475986,1
0,0,1,63,0,0,1,1,0,1,0,0,1,1,40.6,2588.95,0,1,0,0,0,0,0,1,3,4,0,40.6,0.0,40.45234375,3.728100167267218,7.859393849487934,0
1,0,0,46,1,1,1,1,1,0,1,1,1,1,110.0,4874.8,1,0,1,0,0,1,0,0,7,4,1,110.0,110.0,103.71914893617021,4.709530201312334,8.492039472532698,0
0,1,1,72,1,1,1,0,0,0,0,0,2,0,55.3,3983.6,0,1,0,0,0,0,0,1,3,4,0,110.6,0.0,54.56986301369863,4.030694535145645,8.290192209774723,0
0,1,0,34,1,1,1,0,0,1,0,0,0,1,60.85,2003.6,0,0,0,0,0,0,0,1,4,3,0,0.0,0.0,57.245714285714286,4.124712098838497,7.603199818590766,0
0,1,1,24,1,1,1,1,0,0,1,1,1,0,78.4,1832.4,0,0,0,0,0,1,0,0,6,2,0,78.4,0.0,73.296,4.37449836825309,7.513927445527675,0
0,0,0,72,1,1,1,1,1,1,0,0,2,0,69.65,4908.25,0,1,0,0,0,0,0,1,6,4,0,139.3,0.0,67.23630136986301,4.257738109130536,8.49887645963034,0
0,1,1,60,0,0,1,0,1,1,1,1,2,0,59.85,3590.2,0,0,0,0,1,0,0,1,5,4,0,119.7,0.0,58.85573770491803,4.108411819433536,8.186241687467723,0
0,0,0,68,1,1,1,1,1,0,0,1,1,1,76.9,5023.0,0,1,0,0,1,0,0,1,6,4,0,76.9,0.0,72.79710144927536,4.355425952876702,8.521981708148035,0
0,1,1,8,1,0,0,0,0,0,0,0,2,1,19.85,146.6,0,0,0,1,0,0,1,0,1,1,0,39.7,0.0,16.288888888888888,3.0373539482448106,4.994505912166372,0
0,0,1,34,1,0,1,0,1,1,1,0,2,0,67.65,2339.3,0,0,0,0,1,0,0,1,5,3,0,135.3,0.0,66.83714285714287,4.229021132213981,7.758034405262377,0
0,0,0,6,0,0,0,0,0,0,1,1,0,0,45.0,298.7,0,0,0,0,1,0,0,1,2,0,0,0.0,0.0,42.67142857142857,3.828641396489095,5.702781974322617,1
0,1,0,2,1,0,0,1,0,1,0,1,0,1,64.2,143.65,0,1,0,0,0,0,1,0,4,0,0,0.0,0.0,47.88333333333333,4.177459468932607,4.974317031422144,1
0,0,0,31,1,1,0,0,0,1,0,0,1,0,81.7,2548.65,0,1,1,0,1,0,0,1,3,3,0,81.7,81.7,79.6453125,4.415219602029645,7.843711373830195,0
0,1,1,20,1,1,0,0,0,0,0,0,0,1,25.55,507.4,0,0,0,1,0,0,0,1,2,2,0,0.0,0.0,24.16190476190476,3.279029747687948,6.231268539315299,0
0,1,1,1,1,0,0,0,0,0,0,0,0,0,20.0,20.0,0,0,0,1,0,1,0,0,1,0,0,0.0,0.0,10.0,3.044522437723423,3.044522437723423,1
0,0,0,62,1,1,0,0,1,0,1,1,1,1,96.75,6125.4,1,1,1,0,0,1,0,0,5,4,1,96.75,96.75,97.22857142857143,4.582413198865475,8.72036258072303,0
1,1,0,70,1,1,0,0,0,0,0,0,2,1,75.65,5411.4,0,0,1,0,1,0,0,1,2,4,0,151.3,75.65,76.2169014084507,4.339249605317823,8.596447896389488,0
0,0,0,10,1,1,0,0,0,1,1,1,0,1,98.5,1058.25,1,0,1,0,0,1,0,0,5,1,1,0.0,98.5,96.20454545454545,4.600157644164547,6.965316389506668,0
0,1,1,39,1,1,0,0,0,0,0,0,2,1,23.8,903.8,0,1,0,1,0,0,1,0,2,4,0,47.6,0.0,22.595,3.2108436531709366,6.80771392480191,0
0,1,0,46,1,0,0,1,0,1,1,0,2,1,64.2,3009.5,0,0,0,0,1,0,0,1,4,4,0,128.4,0.0,64.03191489361703,4.177459468932607,8.009861456904503,0
0,0,0,6,1,0,0,1,0,0,1,0,0,1,85.35,489.45,1,1,1,0,0,1,0,0,3,0,0,0.0,85.35,69.92142857142856,4.458408804592688,6.195323337010325,1
0,1,1,72,1,1,0,0,1,0,1,1,2,1,76.8,5468.45,0,0,0,0,0,0,0,1,5,4,0,153.6,0.0,74.91027397260274,4.354141431184346,8.606933341914624,0
0,0,0,18,1,0,0,0,1,1,0,0,0,0,55.2,1058.1,0,1,0,0,1,0,0,1,3,2,0,0.0,0.0,55.68947368421052,4.028916756899646,6.965174769849623,0
0,1,0,71,1,1,1,0,1,1,1,1,2,1,108.55,7616.0,0,1,1,0,1,0,0,1,7,4,1,217.1,108.55,105.77777777777777,4.696381066041475,8.938137870372788,0
0,1,0,40,1,1,0,1,0,0,1,1,0,1,101.3,4113.1,1,1,1,0,0,1,0,0,5,4,1,0.0,101.3,100.31951219512196,4.627909672957581,8.322175377161045,0
0,0,0,1,1,0,0,0,0,0,0,0,0,1,69.55,69.55,1,1,1,0,0,1,0,0,1,0,0,0.0,69.55,34.775,4.256321678298823,4.256321678298823,1
0,0,0,58,1,1,0,1,1,0,1,1,1,1,103.25,6017.65,1,1,1,0,0,0,0,1,6,4,1,103.25,103.25,101.99406779661017,4.646791860678911,8.702618260662822,0
0,0,0,70,1,1,1,0,0,1,1,1,2,1,104.0,7250.15,1,1,1,0,1,0,0,1,6,4,1,208.0,104.0,102.11478873239436,4.653960350157523,8.888915355959444,0
0,1,0,42,1,1,0,0,0,0,0,0,2,0,25.25,1108.2,0,0,0,1,0,1,0,0,2,4,0,50.5,0.0,25.772093023255817,3.2676659890376327,7.011394313741623,0
0,1,1,34,0,0,1,0,0,0,0,0,1,0,30.4,938.65,0,1,0,0,0,0,0,1,1,3,0,30.4,0.0,26.818571428571428,3.4468078929142076,6.84550746550261,0
1,0,0,5,1,0,0,0,0,0,0,0,0,0,20.05,94.15,0,1,0,1,0,0,0,1,1,0,0,0.0,0.0,15.691666666666668,3.0469005601283903,4.555454593742159,1
0,0,0,25,1,1,0,0,0,0,1,0,0,1,84.6,2088.05,0,0,1,0,0,0,1,0,3,3,0,0.0,84.6,80.3096153846154,4.449685283147696,7.644464696167211,0
0,0,0,2,1,0,0,0,1,0,0,1,0,1,86.2,178.7,1,0,1,0,0,0,1,0,3,0,0,0.0,86.2,59.56666666666666,4.468204330914934,5.191288793789513,1
0,1,1,55,1,0,0,1,1,1,1,1,1,1,103.7,5656.75,0,0,1,0,0,0,0,1,6,4,1,103.7,103.7,101.01339285714286,4.651099117876491,8.640781565660856,0
0,1,0,21,1,1,0,1,1,1,1,1,0,1,111.2,2317.1,1,1,1,0,0,1,0,0,7,2,1,0.0,111.2,105.32272727272726,4.720282993088596,7.748503163607648,0
0,1,0,70,1,1,1,1,0,1,0,0,2,1,88.0,5986.45,0,1,1,0,1,0,0,1,5,4,0,176.0,88.0,84.3161971830986,4.48863636973214,8.697420890953614,0
0,1,0,61,1,1,0,0,1,1,1,1,0,1,106.35,6751.35,0,0,1,0,0,1,0,0,6,4,1,0.0,106.35,108.89274193548388,4.67609452432479,8.817645871425219,0
0,1,1,43,1,0,1,0,1,1,1,1,2,1,79.15,3566.6,0,1,0,0,1,0,0,1,6,4,0,158.3,0.0,81.05909090909091,4.383899879055562,8.179648379792052,0
0,0,0,47,1,1,0,1,1,0,1,1,1,1,103.1,4889.3,0,1,1,0,0,1,0,0,6,4,1,103.1,103.1,101.86041666666667,4.645351975620923,8.495008930280354,0
0,0,0,5,1,0,0,0,1,1,1,0,0,1,63.95,318.1,0,1,0,0,1,0,0,1,4,0,0,0.0,0.0,53.01666666666667,4.173617743116608,5.765504533284198,1
0,0,0,62,1,1,0,0,0,0,0,0,2,1,25.8,1563.95,0,0,0,1,1,0,0,1,2,4,0,51.6,0.0,24.824603174603176,3.288401887516811,7.355609153582088,0
0,1,1,16,1,0,0,1,1,0,1,0,0,1,89.45,1430.25,1,0,1,0,1,0,0,1,4,2,0,0.0,89.45,84.13235294117646,4.504797211841304,7.26630346730255,0
1,1,0,7,1,1,0,0,0,0,1,1,0,1,95.6,644.35,1,1,1,0,0,0,0,1,4,1,1,0.0,95.6,80.54375,4.570578741218473,6.469792805281196,0
0,1,1,14,1,1,0,0,0,0,0,0,0,0,25.55,372.45,0,0,0,1,0,0,1,0,2,2,0,0.0,0.0,24.83,3.279029747687948,5.922784126803076,0
0,1,1,60,1,0,0,1,1,0,1,0,1,0,90.95,5453.4,1,1,1,0,0,1,0,0,4,4,1,90.95,90.95,89.39999999999999,4.52124495105033,8.604177901383638,0
0,1,1,34,0,0,0,0,1,1,1,0,0,1,44.85,1442.6,0,1,0,0,0,1,0,0,3,3,0,0.0,0.0,41.21714285714285,3.825375198702474,7.274895272768633,0
0,1,0,50,1,1,1,1,0,1,1,1,1,0,108.55,5610.7,1,0,1,0,0,1,0,0,7,4,1,108.55,108.55,110.01372549019608,4.696381066041475,8.632608982915363,0
0,1,1,38,1,1,0,0,0,0,0,0,2,0,25.05,963.95,0,1,0,1,1,0,0,1,2,4,0,50.1,0.0,24.71666666666667,3.260017768199376,6.872076286525119,0
0,1,1,70,1,0,1,1,1,1,0,1,1,0,74.1,5222.3,0,0,0,0,1,0,0,1,6,4,0,74.1,0.0,73.55352112676057,4.318820558770089,8.560884665040662,0
0,1,1,37,1,1,0,1,0,0,1,0,0,1,88.8,3340.55,0,0,1,0,0,1,0,0,4,4,0,0.0,88.8,87.90921052631579,4.497584975308154,8.114190050178992,0
1,0,0,4,1,0,0,0,0,0,1,0,0,1,78.85,292.8,1,0,1,0,0,1,0,0,2,0,0,0.0,78.85,58.56,4.380149874661021,5.682899263739777,1
1,1,1,60,1,1,1,1,0,0,0,1,0,1,93.25,5774.55,0,1,1,0,0,1,0,0,5,4,1,0.0,93.25,94.66475409836066,4.54595082632812,8.661388768950372,0
0,1,1,62,1,0,1,0,1,1,0,1,1,0,71.4,4487.3,0,1,0,0,1,0,0,1,5,4,0,71.4,0.0,71.22698412698414,4.282206299391671,8.409229289888296,0
0,0,0,1,1,0,0,0,0,0,0,0,0,0,44.4,44.4,1,1,0,0,0,0,1,0,1,0,0,0.0,0.0,22.2,3.8155121050473024,3.8155121050473024,1
0,0,0,36,1,0,1,0,1,1,1,1,0,1,79.2,2854.95,0,1,0,0,1,0,0,1,6,3,0,0.0,0.0,77.1608108108108,4.384523514872469,7.957159816303425,0
0,0,0,44,1,0,0,0,0,0,0,0,2,0,20.4,905.55,0,1,0,1,1,0,0,1,1,4,0,40.8,0.0,20.12333333333333,3.0633909220278057,6.809646185871817,0
1,0,0,55,1,1,0,0,1,0,1,1,1,1,100.0,5509.3,1,0,1,0,0,1,0,0,5,4,1,100.0,100.0,98.38035714285715,4.61512051684126,8.614374347125786,0
0,1,0,72,1,1,1,0,1,0,1,1,2,1,105.0,7589.8,0,0,1,0,1,0,0,1,6,4,1,210.0,105.0,103.96986301369863,4.663439094112067,8.934692266679823,0
0,1,1,12,1,0,0,0,0,0,0,0,1,0,19.8,229.6,1,0,0,1,0,0,0,1,1,1,0,19.8,0.0,17.661538461538463,3.0349529867072724,5.440684607834958,0
0,0,0,13,0,0,1,0,0,0,0,0,0,1,30.85,394.1,0,0,0,0,0,0,0,1,1,2,0,0.0,0.0,28.150000000000002,3.4610373820181723,5.979138897417345,0
0,0,0,1,1,0,0,0,0,0,1,1,0,1,89.9,89.9,1,1,1,0,0,1,0,0,3,0,1,0.0,89.9,44.95,4.509760001183433,4.509760001183433,1
0,1,1,15,1,0,0,0,0,0,0,0,1,0,20.55,295.95,0,0,0,1,0,0,1,0,1,2,0,20.55,0.0,18.496875,3.070375816549757,5.693563774461869,0
0,0,0,65,1,0,1,1,1,1,1,1,2,1,84.85,5459.2,0,0,0,0,0,0,0,1,7,4,0,169.7,0.0,82.71515151515152,4.4526015873434845,8.605240698104717,0
0,1,1,12,0,0,1,0,0,1,0,0,1,0,33.15,444.75,0,0,0,0,1,0,0,1,2,1,0,33.15,0.0,34.21153846153846,3.530762586016799,6.09975825674325,0
0,1,0,72,1,1,1,1,1,1,1,1,2,1,92.0,6782.15,0,1,0,0,1,0,0,1,8,4,1,184.0,0.0,92.90616438356165,4.532599493153256,8.822196874810368,0
0,1,1,72,1,1,1,1,1,1,1,1,2,0,89.8,6510.45,0,0,0,0,1,0,0,1,8,4,0,179.6,0.0,89.18424657534246,4.508659285607248,8.781317444656016,0
0,1,1,72,1,1,1,1,1,1,1,1,2,1,115.8,8476.5,0,0,1,0,0,0,0,1,8,4,1,231.6,115.8,116.11643835616438,4.760463070394127,9.045170873999794,0
0,0,1,52,1,1,1,1,0,1,1,1,2,1,85.15,4461.85,0,1,0,0,0,0,1,0,7,4,0,170.3,0.0,84.18584905660379,4.456089962973938,8.403542854384865,0
0,0,0,2,1,1,0,0,0,0,0,0,0,0,24.85,62.0,0,1,0,1,0,0,1,0,2,0,0,0.0,0.0,20.666666666666668,3.2523106009544382,4.143134726391533,1
0,0,0,5,1,0,1,0,0,1,1,0,0,1,64.35,352.65,0,0,0,0,0,1,0,0,4,0,0,0.0,0.0,58.775,4.179757440070231,5.8683077234819985,1
0,0,0,68,1,0,0,0,0,0,0,0,2,0,20.5,1424.9,0,0,0,1,1,0,0,1,1,4,0,41.0,0.0,20.65072463768116,3.068052935133617,7.262558472288074,0
0,0,1,62,1,1,0,0,1,0,1,1,1,1,100.15,6413.65,1,0,1,0,0,1,0,0,5,4,1,100.15,100.15,101.80396825396825,4.6166045636137545,8.766339715935429,0
0,0,0,72,1,1,1,1,0,1,1,1,2,0,86.05,6309.65,0,1,0,0,1,0,0,1,7,4,0,172.1,0.0,86.43356164383562,4.466482666214198,8.749993961323483,0
0,0,0,1,1,0,0,1,0,0,0,0,0,0,50.8,50.8,1,1,0,0,0,1,0,0,2,0,0,0.0,0.0,25.4,3.9473901492654373,3.9473901492654373,1
0,1,0,66,1,1,1,1,0,1,0,0,1,0,89.0,5898.6,0,0,1,0,0,1,0,0,5,4,0,89.0,89.0,88.03880597014926,4.499809670330265,8.682639830985348,0
0,1,1,72,0,0,1,1,1,1,1,1,2,1,64.8,4719.75,0,1,0,0,1,0,0,1,6,4,0,129.6,0.0,64.6541095890411,4.186619838331271,8.459722964261687,0
0,0,0,26,1,0,0,0,0,0,0,0,1,0,19.8,457.3,0,1,0,1,1,0,0,1,1,3,0,19.8,0.0,16.937037037037037,3.0349529867072724,6.127523991515078,0
0,1,1,64,1,1,1,0,1,0,0,1,2,0,93.4,5822.3,0,1,1,0,0,0,0,1,5,4,1,186.8,93.4,89.57384615384616,4.547541073151455,8.669622390345156,0
1,1,0,20,1,0,0,1,0,0,0,0,0,1,73.65,1463.5,1,1,1,0,0,1,0,0,2,2,0,0.0,73.65,69.69047619047619,4.312810523985199,7.289269166267788,0
0,0,0,3,1,0,0,1,0,0,1,1,0,1,95.1,307.4,1,0,1,0,0,1,0,0,4,0,1,0.0,95.1,76.85,4.565389315976247,5.731397641689174,1
0,0,0,22,1,1,0,0,0,0,1,1,0,1,94.65,2104.55,1,1,1,0,1,0,0,1,4,2,1,0.0,94.65,91.50217391304349,4.560695695886262,7.652331994648445,0
0,1,0,4,1,0,0,0,1,1,0,0,0,1,80.6,319.15,1,1,1,0,0,0,1,0,3,0,0,0.0,80.6,63.83,4.401829261970061,5.768789635964811,1
0,1,0,62,0,0,0,0,0,1,1,0,2,1,39.0,2337.45,0,1,0,0,0,0,0,1,2,4,0,78.0,0.0,37.10238095238095,3.6888794541139363,7.757243595710077,0
0,0,0,5,1,0,0,0,0,0,0,0,0,1,20.5,104.3,0,0,0,1,0,0,1,0,1,0,0,0.0,0.0,17.383333333333333,3.068052935133617,4.6568134191399295,1
0,1,0,59,1,1,0,0,0,0,0,1,1,0,85.55,5084.65,1,1,1,0,0,1,0,0,3,4,0,85.55,85.55,84.74416666666666,4.4607222816222185,8.53417812725548,0
0,0,1,3,1,1,0,0,0,0,0,0,2,1,26.4,121.25,0,1,0,1,0,0,1,0,2,0,0,52.8,0.0,30.3125,3.3105430133940246,4.8060681283549815,1
0,1,0,72,1,1,1,0,1,1,1,0,2,1,98.2,7015.9,0,0,1,0,0,0,0,1,6,4,1,196.4,98.2,96.10821917808218,4.597138014290827,8.85607680404628,0
0,1,1,57,1,0,0,1,1,0,1,1,1,1,97.55,5598.0,0,1,1,0,1,0,0,1,5,4,1,97.55,97.55,96.51724137931035,4.590564033598729,8.630343289348893,0
0,0,1,66,1,0,0,0,0,0,0,0,2,0,19.95,1269.1,0,1,0,1,1,0,0,1,1,4,0,39.9,0.0,18.941791044776117,3.0421386463681466,7.146850916510274,0
0,0,0,60,0,0,0,1,0,0,1,1,0,1,50.8,3027.4,1,0,0,0,0,1,0,0,3,4,0,0.0,0.0,49.62950819672131,3.9473901492654373,8.015789706229151,0
0,0,1,45,1,1,0,0,1,0,1,1,2,0,99.7,4634.35,0,1,1,0,0,0,0,1,5,4,1,199.4,99.7,100.74673913043479,4.612145799724517,8.441466987554646,0
0,0,0,3,0,0,0,0,0,0,1,0,0,1,34.8,113.95,0,0,0,0,1,0,0,1,1,0,0,0.0,0.0,28.4875,3.5779478934066544,4.74449725120919,1
0,0,0,15,1,0,1,0,1,1,1,1,0,0,105.1,1582.75,1,0,1,0,0,1,0,0,6,2,1,0.0,105.1,98.921875,4.664382045619937,7.367550731635349,0
0,0,1,51,0,0,1,0,1,1,1,1,1,0,60.15,3077.0,0,0,0,0,0,0,0,1,5,4,0,60.15,0.0,59.17307692307692,4.113329862133181,8.032035314398824,0
0,0,0,60,1,1,1,0,1,1,0,0,1,0,64.75,4039.5,0,0,0,0,0,1,0,0,5,4,0,64.75,0.0,66.22131147540983,4.185859671057874,8.304123725673502,0
0,0,0,33,1,1,0,1,0,0,0,0,0,1,54.65,1665.2,0,1,0,0,0,0,0,1,3,3,0,0.0,0.0,48.976470588235294,4.019082077721554,7.418300863540809,0
0,0,0,10,1,0,1,1,1,1,1,1,0,1,110.1,1043.3,1,1,1,0,0,1,0,0,7,1,1,0.0,110.1,94.84545454545454,4.7104306966455844,6.951102083485503,0
1,0,0,26,1,0,0,0,0,0,0,0,1,0,19.3,504.2,0,1,0,1,1,0,0,1,1,3,0,19.3,0.0,18.674074074074074,3.0106208860477417,6.224954390476336,0
0,0,0,6,1,0,0,0,1,0,0,1,0,0,83.9,497.55,1,0,1,0,0,1,0,0,3,0,0,0.0,83.9,71.07857142857144,4.441474093317302,6.211703885274802,1
0,1,0,67,1,1,1,0,1,1,1,1,1,1,111.25,7511.65,0,0,1,0,0,1,0,0,7,4,1,111.25,111.25,110.46544117647058,4.720728526622364,8.924343545366261,0
0,1,1,49,0,0,1,0,0,1,0,0,1,1,35.8,1782.0,0,0,0,0,1,0,0,1,2,4,0,35.8,0.0,35.64,3.6054978451748854,7.48605261786314,0
0,0,0,1,1,0,0,0,0,0,0,0,0,1,20.05,20.05,0,1,0,1,0,0,1,0,1,0,0,0.0,0.0,10.025,3.0469005601283903,3.0469005601283903,1
1,0,0,7,1,0,0,0,1,0,1,0,0,1,84.35,609.65,0,0,1,0,0,1,0,0,3,1,0,0.0,84.35,76.20625,4.4467604492404496,6.414523963617097,0
1,0,0,27,1,1,1,1,1,0,1,1,1,1,110.5,2857.6,0,0,1,0,0,0,0,1,7,3,1,110.5,110.5,102.05714285714285,4.7140245909001735,7.958087273475015,0
0,1,1,37,1,0,0,0,0,0,1,1,1,0,91.2,3247.55,0,1,1,0,1,0,0,1,3,4,1,91.2,91.2,85.46184210526316,4.523960130562548,8.08596402192139,0
0,1,1,63,1,1,1,1,1,0,1,0,0,1,100.55,6215.35,1,0,1,0,0,1,0,0,6,4,1,0.0,100.55,97.11484375,4.620551288026394,8.734938196768649,0
0,1,1,31,1,1,1,0,1,1,0,0,0,0,89.3,2823.0,0,1,1,0,0,1,0,0,5,3,0,0.0,89.3,88.21875,4.5031374604229395,7.945909598613133,0
0,1,1,50,1,1,0,1,1,0,1,1,0,1,103.85,5017.9,1,1,1,0,0,0,0,1,6,4,1,0.0,103.85,98.39019607843136,4.652530757347929,8.520966065168736,0
1,0,0,32,1,1,0,0,1,0,0,0,0,1,81.1,2619.25,0,1,1,0,1,0,0,1,3,3,0,0.0,81.1,79.37121212121212,4.407938016458383,7.8710250120502865,0
0,0,0,1,0,0,0,0,0,0,0,0,0,0,24.6,24.6,1,0,0,0,0,1,0,0,0,0,0,0.0,0.0,12.3,3.242592351485517,3.242592351485517,1
0,1,0,63,1,1,0,0,0,1,0,0,1,1,81.2,4965.1,0,0,1,0,1,0,0,1,3,4,0,81.2,81.2,77.5796875,4.409155302062135,8.510390102796498,0
0,0,0,30,1,1,1,1,0,0,0,1,0,1,94.3,2679.7,0,1,1,0,1,0,0,1,5,3,1,0.0,94.3,86.44193548387096,4.557029810660157,7.893833233429531,0
0,1,0,71,1,1,1,1,1,1,1,1,2,1,116.1,8310.55,0,1,1,0,0,0,0,1,8,4,1,232.2,116.1,115.42430555555555,4.763028270603671,9.025401392718713,0
0,0,0,53,1,1,0,1,1,0,1,1,2,0,105.55,5682.25,0,0,1,0,0,1,0,0,6,4,1,211.1,105.55,105.22685185185185,4.668614358544626,8.645278531179455,0
0,0,0,12,1,0,1,0,0,1,1,1,0,1,98.9,1120.95,1,0,1,0,0,0,0,1,5,1,1,0.0,98.9,86.22692307692309,4.604169685654508,7.022823521809812,0
0,1,0,50,1,1,1,1,0,0,0,1,0,1,94.4,4914.9,0,1,1,0,1,0,0,1,5,4,1,0.0,94.4,96.37058823529411,4.558078578454241,8.500230128737776,0
0,0,0,2,1,0,0,0,0,0,0,0,0,0,19.5,27.55,0,0,0,1,0,0,1,0,1,0,0,0.0,0.0,9.183333333333334,3.0204248861443626,3.351656936102019,1
0,0,0,9,1,1,0,0,1,0,1,1,0,0,98.3,923.5,1,0,1,0,1,0,0,1,5,1,1,0.0,98.3,92.35,4.598145571051127,6.829253050827179,0
0,0,0,17,1,0,1,0,0,0,1,1,0,0,93.85,1625.65,1,1,1,0,0,1,0,0,4,2,1,0.0,93.85,90.3138888888889,4.552296696381023,7.394277964224954,0
0,1,0,56,1,0,1,1,1,0,1,1,1,1,105.6,6068.65,0,0,1,0,1,0,0,1,6,4,1,105.6,105.6,106.46754385964911,4.669083511731744,8.711056221765077,0
0,1,1,67,1,0,1,1,1,0,1,1,2,0,81.35,5398.6,0,1,0,0,1,0,0,1,6,4,0,162.7,0.0,79.39117647058823,4.410978456623649,8.594080155734671,0
1,0,0,9,1,1,0,0,1,0,1,1,0,1,100.5,918.6,1,1,1,0,0,1,0,0,5,1,1,0.0,100.5,91.86,4.620058798481842,6.8239387928890265,0
0,0,0,4,1,0,0,0,0,0,1,0,0,1,56.4,234.85,0,1,0,0,0,1,0,0,2,0,0,0.0,0.0,46.97,4.050044303325521,5.463196009730271,1
0,0,0,19,1,0,0,1,0,1,0,1,1,1,65.35,1231.85,0,1,0,0,0,0,0,1,4,2,0,65.35,0.0,61.592499999999994,4.194943760778217,7.117083841262619,0
0,0,1,8,1,0,0,0,0,0,0,0,0,0,19.95,170.9,0,0,0,1,0,0,1,0,1,1,0,0.0,0.0,18.98888888888889,3.0421386463681466,5.146912912388804,0
0,0,0,71,1,1,0,1,1,1,1,1,2,1,111.25,7984.15,0,0,1,0,0,1,0,0,7,4,1,222.5,111.25,110.89097222222222,4.720728526622364,8.985338845694965,0
1,0,0,10,1,0,0,1,0,0,0,0,0,1,72.85,688.65,1,1,1,0,0,1,0,0,2,1,0,0.0,72.85,62.60454545454545,4.302036008977389,6.536184222521529,0
1,0,0,15,1,1,0,1,0,0,1,0,0,0,89.0,1288.3,0,0,1,0,1,0,0,1,4,2,0,0.0,89.0,80.51875,4.499809670330265,7.1618547144167914,0
0,1,1,72,1,1,1,0,1,0,1,1,1,1,106.1,7848.5,0,1,1,0,0,0,0,1,6,4,1,106.1,106.1,107.51369863013699,4.673762977453703,8.968205114480373,0
0,0,0,12,1,0,0,0,0,0,0,0,1,0,20.05,267.0,0,1,0,1,1,0,0,1,1,1,0,20.05,0.0,20.53846153846154,3.0469005601283903,5.5909869805108565,0
0,1,1,72,1,1,0,0,0,0,0,0,2,1,25.2,1798.9,0,1,0,1,0,0,0,1,2,4,0,50.4,0.0,24.64246575342466,3.265759410767051,7.4954863867854336,0
1,1,0,1,1,1,0,0,0,0,0,0,0,1,73.55,73.55,1,1,1,0,0,1,0,0,2,0,0,0.0,73.55,36.775,4.311470041210748,4.311470041210748,1
1,0,0,23,1,0,1,0,0,0,0,0,0,1,75.4,1643.55,0,0,1,0,0,0,0,1,2,2,0,0.0,75.4,68.48125,4.335982696172475,7.405222069545139,0
0,0,0,72,0,0,1,1,1,1,1,1,2,1,65.55,4807.45,0,1,0,0,0,0,0,1,6,4,0,131.1,0.0,65.8554794520548,4.197953544841121,8.47813006584538,0
0,0,0,26,1,1,0,0,1,0,0,0,0,1,80.7,2193.0,0,0,1,0,0,1,0,0,3,3,0,0.0,80.7,81.22222222222223,4.403054001865957,7.693481640835175,0
0,0,0,21,1,0,0,1,1,1,1,1,1,1,104.55,2239.4,0,0,1,0,0,0,1,0,6,2,1,104.55,104.55,101.7909090909091,4.65918477429433,7.714409700335677,0
0,1,0,60,1,1,0,0,0,0,0,0,1,0,24.15,1505.9,0,1,0,1,0,0,0,1,2,4,0,24.15,0.0,24.686885245901642,3.224857896545748,7.3178098394241085,0
0,0,0,12,1,0,0,0,0,0,0,0,0,0,20.45,255.35,0,1,0,1,0,0,1,0,1,1,0,0.0,0.0,19.642307692307693,3.065724645374026,5.546543698229709,0
0,1,0,16,1,1,0,0,0,0,0,0,0,1,75.4,1189.4,0,1,1,0,0,1,0,0,2,2,0,0.0,75.4,69.96470588235294,4.335982696172475,7.082044664078827,0
0,1,0,63,1,1,1,1,0,0,1,1,1,1,79.7,4786.15,0,0,0,0,1,0,0,1,6,4,0,79.7,0.0,74.78359375,4.390738575275903,8.473690523766843,0
1,0,0,22,1,0,1,1,0,0,0,0,0,0,81.7,1820.9,0,0,1,0,0,1,0,0,3,2,0,0.0,81.7,79.16956521739131,4.415219602029645,7.507635191571639,0
0,1,1,32,1,0,1,1,1,1,0,1,0,0,76.3,2404.15,0,0,0,0,0,0,0,1,6,3,0,0.0,0.0,72.85303030303031,4.3476939555933765,7.7853675506573,0
1,0,0,3,1,1,0,1,0,0,0,0,0,1,79.4,205.05,1,0,1,0,0,1,0,0,3,0,0,0.0,79.4,51.2625,4.387014176184921,5.328118857784826,1
0,0,0,13,1,0,0,1,1,0,0,0,0,1,81.15,952.3,1,0,1,0,0,1,0,0,3,2,0,0.0,81.15,68.02142857142857,4.408546844483277,6.8599296494995325,0
0,1,1,68,1,1,0,1,0,1,1,1,2,1,103.75,7039.45,0,0,1,0,1,0,0,1,6,4,1,207.5,103.75,102.02101449275362,4.6515765588022475,8.859427367563809,0
0,1,1,30,1,0,0,0,1,0,0,1,1,0,86.45,2538.05,0,0,1,0,0,1,0,0,3,3,0,86.45,86.45,81.87258064516129,4.471067201464611,7.839545274303216,0
0,0,0,16,1,0,0,1,0,0,0,0,0,0,75.1,1212.85,0,0,1,0,0,0,0,1,2,2,0,0.0,75.1,71.34411764705882,4.33204826486764,7.101552405501116,0
0,0,0,33,1,0,0,1,0,1,0,0,2,0,80.6,2651.1,0,1,1,0,0,0,0,1,3,3,0,161.2,80.6,77.9735294117647,4.401829261970061,7.883107057985496,0
0,1,0,72,1,0,0,0,0,0,0,0,2,0,19.3,1304.8,0,1,0,1,1,0,0,1,1,4,0,38.6,0.0,17.873972602739727,3.0106208860477417,7.174571158752533,0
1,0,0,4,1,1,0,0,0,0,0,1,0,1,84.6,360.1,1,0,1,0,0,1,0,0,3,0,0,0.0,84.6,72.02000000000001,4.449685283147696,5.889154928283412,1
0,0,0,12,0,0,1,0,0,1,0,0,1,1,33.6,435.45,0,0,0,0,0,0,1,0,2,1,0,33.6,0.0,33.496153846153845,3.543853682063679,6.078673821181359,0
1,1,0,4,1,1,0,0,0,0,1,0,0,1,83.25,308.05,0,0,1,0,0,1,0,0,3,0,0,0.0,83.25,61.61,4.433788569232471,5.733503076105283,1
0,1,1,0,1,0,1,1,1,0,1,1,2,0,80.85,0.0,0,0,0,0,0,0,1,0,6,0,0,161.7,0.0,0.0,4.404888303817144,0.0,1
0,0,0,6,1,1,1,0,0,0,0,0,0,1,79.05,434.5,1,0,1,0,0,1,0,0,3,0,0,0.0,79.05,62.07142857142857,4.382651439442724,6.0764947962925575,1
0,1,0,65,1,1,0,1,1,1,1,1,1,1,108.05,7118.9,0,0,1,0,1,0,0,1,7,4,1,108.05,108.05,107.86212121212121,4.691806492647638,8.870648959363571,0
0,0,0,15,1,0,0,0,0,0,0,0,0,0,19.9,320.45,0,0,0,1,0,0,1,0,1,2,0,0.0,0.0,20.028125,3.039749158970765,5.772842010587696,0
0,0,1,24,1,0,0,0,0,0,0,0,1,0,21.05,531.55,0,0,0,1,0,0,0,1,1,2,0,21.05,0.0,21.261999999999997,3.093312601892855,6.277676789889175,0
0,0,1,13,0,0,0,1,0,0,0,0,0,0,30.15,382.2,0,0,0,0,0,1,0,0,1,2,0,0.0,0.0,27.3,3.4388142452334622,5.948557046096705,0
0,0,0,24,1,0,0,0,0,0,0,1,0,1,79.85,2001.0,0,1,1,0,1,0,0,1,2,2,0,0.0,79.85,80.04,4.392595586023115,7.601901959875166,0
0,1,0,72,0,0,1,1,1,1,1,1,2,0,65.5,4919.7,0,0,0,0,0,0,0,1,6,4,0,131.0,0.0,67.3931506849315,4.197201947661808,8.501206075788788,0
0,1,1,54,1,1,1,1,0,0,1,1,0,1,104.1,5645.8,0,0,1,0,0,0,0,1,6,4,1,0.0,104.1,102.6509090909091,4.6549122778829055,8.638844292010045,0
0,0,0,3,1,1,0,0,0,0,0,0,0,0,74.4,215.8,1,0,1,0,0,0,0,1,2,0,0,0.0,74.4,53.95,4.32280727501391,5.378975269565491,1
0,1,1,4,1,0,0,0,0,0,0,0,0,1,20.5,77.6,0,1,0,1,0,0,1,0,1,0,0,0.0,0.0,15.52,3.068052935133617,4.364371699435161,1
1,1,1,32,1,1,0,0,1,0,1,0,0,1,91.35,2896.55,0,0,1,0,0,0,1,0,4,3,1,0.0,91.35,87.77424242424243,4.5255857066452485,7.971620831320412,0
1,0,0,35,1,1,0,0,1,0,1,1,0,1,99.05,3395.8,1,1,1,0,0,1,0,0,5,3,1,0.0,99.05,94.32777777777778,4.605670061029742,8.130589090948991,0
0,1,1,35,1,0,0,0,0,0,0,0,2,0,20.5,759.35,0,1,0,1,0,0,0,1,1,3,0,41.0,0.0,21.093055555555555,3.068052935133617,6.633778853586468,0
1,0,0,2,1,0,0,0,0,0,0,0,0,0,44.95,85.15,1,1,0,0,0,0,1,0,1,0,0,0.0,0.0,28.383333333333336,3.827553848801696,4.456089962973938,1
0,0,0,8,1,0,0,1,0,0,0,0,0,0,75.6,535.55,0,0,1,0,0,1,0,0,2,1,0,0.0,75.6,59.50555555555555,4.338597076746545,6.285159754373137,0
0,0,0,22,1,0,1,0,0,1,0,0,0,0,55.1,1253.15,0,1,0,0,0,0,1,0,3,2,0,0.0,0.0,54.48478260869565,4.027135812528651,7.134213331264177,0
0,0,0,15,1,0,1,0,1,1,0,0,0,0,58.95,955.15,0,0,0,0,0,1,0,0,4,2,0,0.0,0.0,59.696875,4.093510881473524,6.862914804508983,0
0,0,0,22,1,1,0,0,0,0,1,1,0,1,95.1,2162.6,0,1,1,0,0,1,0,0,4,2,1,0.0,95.1,94.02608695652174,4.565389315976247,7.679528779997272,0
0,1,0,1,1,0,0,0,0,0,0,0,0,0,44.7,44.7,1,1,0,0,1,0,0,1,1,0,0,0.0,0.0,22.35,3.822098297900159,3.822098297900159,1
0,1,1,71,1,1,0,0,0,0,0,0,2,0,25.45,1813.35,0,0,0,1,0,0,0,1,2,4,0,50.9,0.0,25.185416666666665,3.2752561583043085,7.503482555834499,0
0,0,0,4,1,0,1,0,1,0,0,0,0,0,56.75,245.15,0,1,0,0,0,1,0,0,3,0,0,0.0,0.0,49.03,4.056123349401903,5.50594110620421,1
0,0,0,25,1,1,1,1,1,1,0,1,0,0,81.75,2028.8,0,1,0,0,0,0,0,1,7,3,0,0.0,0.0,78.03076923076922,4.415824014257172,7.615692545014718,0
0,1,1,32,1,0,0,1,0,0,1,0,0,1,86.1,2723.75,0,0,1,0,0,1,0,0,3,3,0,0.0,86.1,82.53787878787878,4.467056883858457,7.910131959769421,0
1,1,0,7,0,0,1,0,0,0,0,0,0,0,29.8,220.45,0,1,0,0,0,0,0,1,1,1,0,0.0,0.0,27.55625,3.427514689979529,5.400196830369207,0
0,0,0,17,1,0,0,0,0,0,0,0,1,1,20.5,365.8,0,1,0,1,0,0,1,0,1,2,0,20.5,0.0,20.322222222222223,3.068052935133617,5.9048167403823095,0
1,1,0,8,1,0,1,0,0,0,1,0,0,0,60.9,551.95,0,1,0,0,0,0,0,1,3,1,0,0.0,0.0,61.32777777777778,4.12552017969055,6.315267581521369,0
1,0,0,56,1,1,1,0,1,1,0,1,2,0,73.25,4054.2,0,0,0,0,0,0,0,1,6,4,0,146.5,0.0,71.12631578947368,4.307437777682809,8.30775528715814,0
0,0,0,1,1,0,0,0,0,0,0,0,0,1,45.7,45.7,1,1,0,0,0,0,1,0,1,0,0,0.0,0.0,22.85,3.8437441646748516,3.8437441646748516,1
1,0,0,8,1,0,1,0,0,1,1,1,0,0,100.3,832.35,1,1,1,0,1,0,0,1,5,1,1,0.0,100.3,92.48333333333333,4.618086411254637,6.725453721988185,0
0,0,0,7,1,0,0,0,0,0,0,0,0,0,19.25,112.3,1,1,0,1,0,1,0,0,1,1,0,0.0,0.0,14.0375,3.0081547935525483,4.730039168033961,0
0,0,1,3,1,0,0,0,0,0,0,0,0,0,20.85,60.65,0,1,0,1,0,0,1,0,1,0,0,0.0,0.0,15.1625,3.084200921541599,4.121473229610353,1
0,0,0,71,1,0,1,1,1,1,1,0,2,0,77.35,5550.1,0,0,0,0,1,0,0,1,6,4,0,154.7,0.0,77.08472222222223,4.36118596880203,8.62175138530001,0
0,0,0,2,1,1,0,0,0,0,1,1,0,1,96.0,174.8,1,0,1,0,0,1,0,0,4,0,1,0.0,96.0,58.26666666666667,4.574710978503383,5.169346985251076,1
0,0,0,1,1,0,0,0,0,0,1,1,0,0,90.55,90.55,1,0,1,0,0,1,0,0,3,0,1,0.0,90.55,45.275,4.51688527112052,4.51688527112052,1
0,1,0,49,1,1,1,1,0,0,1,0,0,1,93.85,4733.1,0,1,1,0,0,0,0,1,5,4,1,0.0,93.85,94.662,4.552296696381023,8.462546913636208,0
0,0,0,58,1,0,0,1,1,1,1,0,2,0,70.1,4048.95,0,1,0,0,0,0,0,1,5,4,0,140.2,0.0,68.62627118644068,4.264087336809195,8.306459814345365,0
1,1,0,44,0,0,0,1,0,0,0,0,0,1,30.35,1359.7,1,1,0,0,0,1,0,0,1,4,0,0.0,0.0,30.215555555555557,3.4452142670789296,7.215754552196813,0
0,1,1,59,1,0,0,1,0,1,1,1,2,1,75.95,4542.35,0,0,0,0,1,0,0,1,5,4,0,151.9,0.0,75.70583333333335,4.343155860284888,8.421419904394316,0
0,0,0,71,1,1,1,0,1,1,1,1,2,1,108.05,7532.15,1,1,1,0,0,1,0,0,7,4,1,216.1,108.05,104.61319444444445,4.691806492647638,8.92706856001295,0
0,0,0,1,1,0,0,0,0,0,0,0,0,1,69.9,69.9,1,1,1,0,0,1,0,0,1,0,0,0.0,69.9,34.95,4.2612704335380815,4.2612704335380815,1
0,0,0,11,1,1,0,0,0,0,0,0,0,0,75.25,888.65,0,0,1,0,0,1,0,0,2,1,0,0.0,75.25,74.05416666666666,4.334017415487521,6.790828126952845,0
1,1,0,62,1,1,0,1,1,0,1,1,1,1,103.75,6383.35,1,1,1,0,0,1,0,0,6,4,1,103.75,103.75,101.32301587301588,4.6515765588022475,8.761604962188237,0
0,1,1,35,1,0,1,0,0,1,0,0,1,1,54.95,1916.0,0,0,0,0,0,0,0,1,3,3,0,54.95,0.0,53.22222222222222,4.024458434757935,7.558516743045645,0
0,0,0,20,1,0,0,0,0,0,0,0,0,1,19.5,413.0,0,0,0,1,0,0,0,1,1,2,0,0.0,0.0,19.666666666666668,3.0204248861443626,6.025865973825314,0
0,1,1,40,1,0,0,0,0,0,0,0,2,0,19.6,808.95,0,1,0,1,0,0,1,0,1,4,0,39.2,0.0,19.73048780487805,3.0252910757955354,6.696972517366147,0
0,0,0,39,1,0,1,0,0,0,0,0,1,1,47.85,1886.4,0,0,0,0,0,1,0,0,2,4,0,47.85,0.0,47.160000000000004,3.888754378488792,7.542955499587233,0
0,0,0,1,1,1,0,0,0,0,0,1,0,1,86.6,86.6,1,1,1,0,0,1,0,0,3,0,0,0.0,86.6,43.3,4.472780997942346,4.472780997942346,1
0,1,1,72,1,1,0,0,0,0,0,0,2,0,23.75,1679.25,0,0,0,1,0,0,0,1,2,4,0,47.5,0.0,23.003424657534246,3.2088254890146994,7.4266978708500755,0
1,1,0,33,1,1,0,1,0,0,0,0,0,1,80.6,2656.5,1,0,1,0,0,0,0,1,3,3,0,0.0,80.6,78.13235294117646,4.401829261970061,7.885141110216103,0
0,0,0,12,1,0,0,0,0,0,0,0,0,0,43.8,540.95,0,0,0,0,0,0,0,1,1,1,0,0.0,0.0,41.611538461538466,3.8022081394209395,6.295173746261759,0
0,0,0,1,1,0,0,0,0,0,0,0,0,0,19.75,19.75,0,1,0,1,0,0,0,1,1,0,0,0.0,0.0,9.875,3.0325462466767075,3.0325462466767075,1
0,0,1,27,1,0,0,0,0,0,0,0,0,0,19.15,537.35,0,1,0,1,0,0,1,0,1,3,0,0.0,0.0,19.19107142857143,3.0032042883926917,6.288508906261726,0
0,1,1,34,1,0,0,0,0,0,0,0,1,0,19.6,678.8,0,1,0,1,1,0,0,1,1,3,0,19.6,0.0,19.39428571428571,3.0252910757955354,6.521798637262015,0
0,1,0,56,1,0,1,0,1,0,0,0,2,0,80.3,4513.65,0,0,1,0,0,0,0,1,3,4,0,160.6,80.3,79.18684210526315,4.398146016553765,8.415082943466459,0
0,0,0,58,1,1,0,0,0,0,0,0,2,0,24.35,1423.85,0,0,0,1,1,0,0,1,2,4,0,48.7,0.0,24.133050847457625,3.232778730037192,7.261821824004301,0
0,1,1,22,1,1,0,0,0,0,0,0,2,0,25.25,555.4,0,0,0,1,1,0,0,1,2,2,0,50.5,0.0,24.14782608695652,3.2676659890376327,6.321487460049288,0
0,1,1,10,1,1,0,0,0,0,0,0,2,0,26.1,225.55,0,0,0,1,1,0,0,1,2,1,0,52.2,0.0,20.504545454545454,3.299533727885655,5.422965671113147,0
0,0,0,13,1,0,0,0,0,0,0,0,2,0,20.0,268.45,0,1,0,1,1,0,0,1,1,2,0,40.0,0.0,19.175,3.044522437723423,5.596382844379506,0
0,0,0,35,1,1,0,1,0,1,0,0,0,0,85.3,2917.5,1,0,1,0,1,0,0,1,4,3,0,0.0,85.3,81.04166666666667,4.457829598089382,7.978825064643845,0
0,0,0,34,1,0,0,0,0,0,0,0,0,1,70.0,2416.1,1,0,1,0,1,0,0,1,1,3,0,0.0,70.0,69.03142857142856,4.2626798770413155,7.7903237534512595,0
1,0,0,4,1,1,0,0,0,0,1,1,0,1,94.3,424.45,1,0,1,0,0,1,0,0,4,0,1,0.0,94.3,84.89,4.557029810660157,6.0531474322955665,1
0,1,0,72,1,0,0,0,0,0,0,0,2,0,20.7,1492.1,0,1,0,1,0,0,0,1,1,4,0,41.4,0.0,20.43972602739726,3.077312260546414,7.308609774532618,0
0,0,0,2,1,0,0,0,0,1,1,1,0,0,70.3,132.4,0,1,0,0,0,1,0,0,4,0,0,0.0,0.0,44.13333333333333,4.26689632742025,4.893352133481524,1
0,0,0,7,1,0,0,0,1,0,1,1,0,1,95.35,660.9,1,0,1,0,0,1,0,0,4,1,1,0.0,95.35,82.6125,4.567987394860375,6.495114487124877,0
1,1,0,27,1,1,0,0,0,0,0,0,0,1,75.5,1893.95,1,1,1,0,0,1,0,0,2,3,0,0.0,75.5,67.64107142857144,4.33729074083249,7.546947731944156,0
0,1,1,4,1,0,0,0,0,0,0,0,0,1,69.55,284.9,0,1,1,0,0,0,1,0,1,0,0,0.0,69.55,56.98,4.256321678298823,5.655642099328266,1
0,0,0,37,1,0,0,0,0,0,0,0,2,0,19.85,784.25,0,0,0,1,0,0,1,0,1,4,0,39.7,0.0,20.638157894736842,3.0373539482448106,6.666002138418756,0
0,0,0,21,1,0,0,0,0,0,0,0,0,0,20.0,417.7,0,1,0,1,0,0,1,0,1,2,0,0.0,0.0,18.986363636363635,3.044522437723423,6.037154673025098,0
1,1,0,53,1,1,0,0,0,0,1,1,1,1,95.85,5016.25,0,0,1,0,1,0,0,1,4,4,1,95.85,95.85,92.89351851851852,4.573163389853005,8.520637253818792,0
0,0,0,18,1,1,0,0,0,1,0,1,0,1,90.1,1612.75,1,0,1,0,0,1,0,0,4,2,1,0.0,90.1,84.88157894736842,4.511957804265912,7.386315942160852,0
0,0,0,2,1,0,0,0,0,0,0,0,0,0,68.95,119.75,1,0,1,0,0,1,0,0,1,0,0,0.0,68.95,39.916666666666664,4.24778070111149,4.793722292532682,1
0,1,1,32,1,1,1,0,0,0,1,1,0,1,99.55,3204.65,1,1,1,0,1,0,0,1,5,3,1,0.0,99.55,97.11060606060606,4.610655116218661,8.07267015690431,0
1,1,0,23,1,0,0,0,0,0,0,0,1,1,20.75,485.2,0,1,0,1,0,1,0,0,1,2,0,20.75,0.0,20.216666666666665,3.079613757534693,6.186620061882023,0
0,0,0,3,1,0,1,0,0,0,0,0,0,1,50.15,160.85,0,1,0,0,0,0,1,0,2,0,0,0.0,0.0,40.2125,3.9347624923976356,5.086669980372253,1
0,1,1,71,0,0,1,1,0,1,1,1,2,0,58.65,4145.25,0,0,0,0,0,0,1,0,5,4,0,117.3,0.0,57.572916666666664,4.0884941485439255,8.329959590261263,0
0,0,0,9,1,0,0,0,0,1,1,1,0,1,95.9,827.45,0,1,1,0,0,0,0,1,4,1,1,0.0,95.9,82.745,4.5736795188967205,6.719556485015306,0
0,0,0,1,1,0,0,1,0,0,0,0,0,0,49.5,49.5,0,0,0,0,0,1,0,0,2,0,0,0.0,0.0,24.75,3.9219733362813143,3.9219733362813143,1
0,1,1,18,1,0,0,0,1,0,0,1,0,0,57.45,990.85,1,1,0,0,0,1,0,0,3,2,0,0.0,0.0,52.15,4.068171687918078,6.899571886174118,0
0,1,1,12,1,0,0,0,0,0,0,1,1,0,53.65,696.35,1,1,0,0,1,0,0,1,2,1,0,53.65,0.0,53.565384615384616,4.000949214622548,6.547287436804703,0
0,1,0,71,1,1,1,1,1,1,0,1,2,1,80.1,5585.4,0,1,0,0,0,0,1,0,7,4,0,160.2,0.0,77.57499999999999,4.395682961121367,8.628090351531826,0
0,0,0,64,1,1,0,0,0,0,0,0,1,1,24.4,1601.2,0,0,0,1,0,0,0,1,2,4,0,24.4,0.0,24.633846153846154,3.2347491740244907,7.379132963781016,0
0,0,0,4,0,0,0,0,0,1,0,1,0,1,40.05,162.45,0,1,0,0,0,1,0,0,2,0,0,0.0,0.0,32.489999999999995,3.714790835898437,5.09650713317022,1
0,0,0,23,1,0,0,0,0,0,0,0,0,1,19.5,470.2,0,0,0,1,0,0,1,0,1,2,0,0.0,0.0,19.591666666666665,3.0204248861443626,6.155282632337377,0
0,1,1,39,1,0,1,0,0,0,0,0,0,0,51.05,2066.0,0,0,0,0,1,0,0,1,2,4,0,0.0,0.0,51.65,3.952204795060978,7.633853559681768,0
0,1,0,28,1,0,1,0,0,1,0,0,1,0,54.35,1426.45,0,1,0,0,0,0,1,0,3,3,0,54.35,0.0,49.18793103448276,4.013676659154646,7.2636449146470285,0
1,0,0,5,1,0,0,1,0,0,1,0,0,1,84.7,392.5,0,0,1,0,0,1,0,0,3,0,0,0.0,84.7,65.41666666666667,4.450852825603734,5.975081067857458,1
1,1,0,45,1,0,0,0,1,0,0,1,0,1,86.1,3861.45,0,0,1,0,0,1,0,0,3,4,0,0.0,86.1,83.9445652173913,4.467056883858457,8.259056976138394,0
0,0,0,37,1,0,0,0,0,0,0,0,0,1,70.35,2552.9,0,1,1,0,0,0,1,0,1,4,0,0.0,70.35,67.18157894736842,4.267597343922845,7.8453768815581215,0
1,1,0,60,1,0,1,1,1,1,1,1,2,1,110.0,6668.35,0,0,1,0,0,0,0,1,7,4,1,220.0,110.0,109.31721311475411,4.709530201312334,8.805277682886622,0
1,0,0,8,1,1,0,0,1,0,1,1,0,1,100.6,819.4,1,1,1,0,0,1,0,0,5,1,1,0.0,100.6,91.04444444444444,4.6210435351443815,6.709792026198225,0
0,0,0,47,1,1,1,0,1,0,1,0,1,0,94.9,4615.25,0,0,1,0,1,0,0,1,5,4,1,94.9,94.9,96.15104166666667,4.563305981889393,8.437337966166773,0
0,1,1,26,1,1,0,0,0,0,1,0,0,1,83.75,2070.6,1,1,1,0,0,1,0,0,3,3,0,0.0,83.75,76.68888888888888,4.43970574626056,7.636076534549736,0
1,1,1,3,1,0,1,0,0,1,1,0,0,1,88.3,273.75,1,0,1,0,0,0,1,0,4,0,0,0.0,88.3,68.4375,4.492001487882454,5.61586159328373,1
0,1,1,50,1,0,0,0,0,0,0,0,0,1,69.75,3557.7,0,0,1,0,0,0,0,1,1,4,0,0.0,69.75,69.75882352941176,4.259152536523347,8.177150588616483,0
0,1,1,27,1,1,0,0,0,1,1,1,0,0,71.6,1957.1,0,1,0,0,0,0,0,1,5,3,0,0.0,0.0,69.89642857142857,4.28496492183075,7.579729894309281,0
1,0,0,8,1,0,0,0,1,0,1,1,0,1,92.1,729.95,1,0,1,0,0,1,0,0,4,1,1,0.0,92.1,81.10555555555555,4.533674184283021,6.594345057957625,0
0,1,0,62,1,1,0,0,0,0,0,0,2,0,23.65,1416.75,0,0,0,1,0,0,0,1,2,4,0,47.3,0.0,22.488095238095237,3.204776900488699,7.256826386894137,0
0,1,0,71,1,0,1,0,1,1,1,1,2,0,81.85,5924.4,0,0,0,0,0,0,0,1,6,4,0,163.7,0.0,82.28333333333333,4.417031743872572,8.687003474273121,0
0,0,0,66,1,1,0,0,0,0,0,0,2,0,25.1,1697.7,0,1,0,1,0,0,1,0,2,4,0,50.2,0.0,25.338805970149256,3.261935314328648,7.437618531625265,0
0,1,1,68,1,1,1,1,1,1,1,1,2,1,114.7,7849.85,0,1,1,0,0,0,0,1,8,4,1,229.4,114.7,113.7659420289855,4.751000634199631,8.968377085169347,0
0,0,0,13,0,0,0,0,1,0,1,1,0,0,49.15,649.4,0,0,0,0,0,1,0,0,3,2,0,0.0,0.0,46.385714285714286,3.9150185144079446,6.4775875582336,0
0,1,0,56,1,0,0,0,0,0,0,1,1,1,80.9,4557.5,0,1,1,0,0,1,0,0,2,4,0,80.9,80.9,79.95614035087719,4.405498990859024,8.424748901024957,0
0,1,0,38,1,0,1,1,0,0,0,0,0,1,79.45,3013.05,1,1,1,0,0,1,0,0,3,4,0,0.0,79.45,77.25769230769231,4.387635873438392,8.011039968299007,0
1,0,0,14,1,0,0,0,0,0,1,1,0,0,90.45,1266.1,1,1,1,0,1,0,0,1,3,2,1,0.0,90.45,84.40666666666667,4.515792374836875,7.144486103804862,0
0,0,1,16,1,0,0,0,0,0,0,0,1,1,19.3,360.35,0,0,0,1,0,0,0,1,1,2,0,19.3,0.0,21.197058823529414,3.0106208860477417,5.88984701772899,0
0,1,1,14,1,0,0,0,0,0,0,0,0,0,70.2,1046.5,0,0,1,0,0,1,0,0,1,2,0,0.0,70.2,69.76666666666667,4.26549281841793,6.9541616517962925,0
0,1,1,32,1,0,0,0,0,0,0,0,0,1,69.75,2347.9,1,1,1,0,0,0,0,1,1,3,0,0.0,69.75,71.14848484848486,4.259152536523347,7.76170241244579,0
0,0,0,8,1,0,1,0,0,1,0,0,1,0,54.25,447.75,0,0,0,0,0,0,0,1,3,1,0,54.25,0.0,49.75,4.0118683403978626,6.106465939802488,0
0,1,1,43,1,1,0,0,1,0,1,1,0,1,99.3,4209.95,0,0,1,0,0,0,0,1,5,4,1,0.0,99.3,95.68068181818181,4.60816569496789,8.345443554427222,0
0,0,0,52,1,1,1,0,1,1,1,0,1,0,74.0,3877.65,0,0,0,0,1,0,0,1,6,4,0,74.0,0.0,73.16320754716982,4.31748811353631,8.263242433928468,0
0,0,0,3,1,0,0,0,0,1,0,0,0,1,50.25,152.3,0,1,0,0,0,0,1,0,2,0,0,0.0,0.0,38.075,3.9367156180185177,5.0323967858777685,1
0,0,0,29,1,0,0,0,0,0,0,0,1,1,19.8,572.2,0,1,0,1,0,0,1,0,1,3,0,19.8,0.0,19.073333333333334,3.0349529867072724,6.351234695954017,0
0,0,0,1,1,0,0,0,0,0,0,0,0,0,19.65,19.65,1,0,0,1,0,0,1,0,1,0,0,0.0,0.0,9.825,3.027715319407042,3.027715319407042,1
1,0,0,12,0,0,0,0,1,1,0,1,0,1,43.65,526.95,1,1,0,0,0,1,0,0,3,1,0,0.0,0.0,40.534615384615385,3.798854307322508,6.269001582252524,0
0,1,1,16,0,0,0,0,0,0,0,1,0,1,35.5,552.7,0,0,0,0,1,0,0,1,1,2,0,0.0,0.0,32.51176470588236,3.597312260588446,6.316623023828922,0
0,0,0,40,1,1,0,0,1,1,1,1,1,1,80.75,3208.65,0,0,0,0,0,0,1,0,6,4,0,80.75,0.0,78.25975609756098,4.403665809777363,8.07391717591148,0
0,0,0,5,0,0,0,0,1,0,0,1,0,0,39.5,210.75,1,0,0,0,0,1,0,0,2,0,0,0.0,0.0,35.125,3.7013019741124933,5.355406333532164,1
0,1,0,40,1,1,0,0,0,0,1,1,0,1,97.1,3706.95,1,1,1,0,0,0,0,1,4,4,1,0.0,97.1,90.41341463414633,4.585987366571318,8.218234442236687,0
0,0,0,36,1,0,0,0,0,0,0,0,1,0,19.55,620.75,0,0,0,1,0,0,1,0,1,3,0,19.55,0.0,16.777027027027028,3.022860940942244,6.432538082683514,0
0,0,0,5,1,0,0,0,0,0,0,1,0,1,80.0,412.5,1,0,1,0,0,1,0,0,2,0,0,0.0,80.0,68.75,4.394449154672439,6.024657514463746,1
0,0,0,10,1,0,1,0,0,0,1,0,0,1,84.7,832.05,1,0,1,0,0,0,1,0,3,1,0,0.0,84.7,75.64090909090909,4.450852825603734,6.725093664375078,0
0,1,1,2,1,0,0,0,0,0,1,1,0,1,89.55,185.55,1,1,1,0,0,0,0,1,3,0,0,0.0,89.55,61.85,4.505902184329423,5.228699299667167,1
0,0,0,23,1,1,0,0,0,1,1,0,0,1,90.6,1943.2,1,1,1,0,0,1,0,0,4,2,1,0.0,90.6,80.96666666666667,4.517431271680085,7.572605860386969,0
0,1,1,26,1,0,0,0,0,0,0,0,1,1,20.05,505.9,0,1,0,1,0,0,0,1,1,3,0,20.05,0.0,18.737037037037037,3.0469005601283903,6.228313745478304,0
1,1,0,72,1,1,1,1,1,0,1,1,2,1,112.4,8046.85,0,0,1,0,0,1,0,0,7,4,1,224.8,112.4,110.23082191780823,4.730921391293652,8.993160253994853,0
0,1,0,34,1,0,0,0,0,1,0,0,0,0,50.2,1815.3,0,0,0,0,0,0,0,1,2,3,0,0.0,0.0,51.86571428571428,3.9357395320454622,7.504556743755398,0
0,0,0,10,1,0,1,0,0,1,1,0,0,0,62.25,612.95,0,1,0,0,0,0,0,1,4,1,0,0.0,0.0,55.722727272727276,4.1470951276076295,6.419913491606522,0
0,0,0,14,1,0,1,0,0,1,0,0,1,0,55.7,795.15,0,0,0,0,0,0,1,0,3,2,0,55.7,0.0,53.01,4.037774210733707,6.679787610302435,0
0,0,0,23,1,1,1,0,0,0,1,0,0,1,90.05,2169.8,1,0,1,0,0,0,0,1,4,2,1,0.0,90.05,90.40833333333335,4.511408806173617,7.68285104218925,0
0,1,0,47,1,0,0,0,0,0,0,0,2,0,19.65,973.1,0,1,0,1,0,0,1,0,1,4,0,39.3,0.0,20.272916666666667,3.027715319407042,6.88151396777691,0
0,1,0,24,1,0,1,0,0,1,0,1,0,1,89.25,2210.2,0,1,1,0,0,1,0,0,4,2,0,0.0,89.25,88.40799999999999,4.502583597212991,7.70129063357335,0
0,1,0,49,1,1,0,1,0,0,1,1,0,1,99.05,4853.75,1,1,1,0,0,0,0,1,5,4,1,0.0,99.05,97.075,4.605670061029742,8.48771288609373,0
1,0,0,20,1,0,1,0,0,1,0,0,1,0,54.0,1055.9,0,1,0,0,0,0,1,0,3,2,0,54.0,0.0,50.280952380952385,4.007333185232471,6.963095374015301,0
0,0,0,2,1,0,0,0,0,0,0,0,0,0,69.75,144.55,1,0,1,0,0,0,0,1,1,0,0,0.0,69.75,48.18333333333334,4.259152536523347,4.980519670191632,1
0,0,0,2,1,0,0,1,0,0,0,0,0,1,49.05,91.1,1,0,0,0,1,0,0,1,2,0,0,0.0,0.0,30.366666666666664,3.9130225057612296,4.522874943261261,1
0,0,0,22,0,0,0,0,1,1,1,1,2,0,56.75,1304.85,0,1,0,0,0,0,0,1,4,2,0,113.5,0.0,56.73260869565217,4.056123349401903,7.17460944872248,0
0,0,0,7,1,1,0,0,1,0,1,1,0,1,98.05,713.0,1,1,1,0,0,0,0,1,5,1,1,0.0,98.05,89.125,4.59562477314456,6.570882962339584,0
0,0,0,1,1,0,0,0,0,0,0,0,0,0,21.1,21.1,0,1,0,1,0,0,1,0,1,0,0,0.0,0.0,10.55,3.095577608523707,3.095577608523707,1
0,1,1,59,1,1,0,1,0,1,0,1,0,1,96.65,5580.8,0,0,1,0,0,0,0,1,5,4,1,0.0,96.65,93.01333333333334,4.581389657322688,8.627266584002568,0
0,1,1,58,1,1,0,0,0,0,0,0,1,1,24.5,1497.9,0,0,0,1,1,0,0,1,2,4,0,24.5,0.0,25.38813559322034,3.2386784521643803,7.31248678473655,0
0,0,0,41,1,1,1,1,1,1,1,1,0,1,114.5,4527.45,1,0,1,0,0,0,0,1,8,4,1,0.0,114.5,107.79642857142856,4.749270529961848,8.418134996570434,0
1,0,0,59,1,1,0,1,0,0,0,0,2,1,79.2,4590.35,0,0,1,0,1,0,0,1,3,4,0,158.4,79.2,76.50583333333334,4.384523514872469,8.431929377457534,0
0,1,1,3,1,0,0,0,0,0,0,0,0,1,69.55,200.2,0,0,1,0,0,1,0,0,1,0,0,0.0,69.55,50.05,4.256321678298823,5.304299438225584,1
0,0,0,32,1,0,0,0,0,0,0,0,2,1,20.05,614.45,0,1,0,1,0,0,0,1,1,3,0,40.1,0.0,18.61969696969697,3.0469005601283903,6.422353707556304,0
1,1,0,46,1,1,0,0,1,0,1,1,0,1,98.85,4564.9,0,1,1,0,0,1,0,0,5,4,1,0.0,98.85,97.12553191489361,4.603669059861824,8.426370925842464,0
0,1,1,0,1,1,0,0,0,0,0,0,2,0,25.75,0.0,0,1,0,1,0,0,1,0,2,0,0,51.5,0.0,0.0,3.2865344733420154,0.0,1
0,0,0,2,1,0,0,0,0,0,0,1,0,1,80.95,171.15,1,1,1,0,0,1,0,0,2,0,0,0.0,80.95,57.050000000000004,4.406109305189839,5.148366189784533,1
0,1,1,52,1,0,0,0,0,0,0,0,1,0,19.6,1012.4,0,0,0,1,1,0,0,1,1,4,0,19.6,0.0,19.10188679245283,3.0252910757955354,6.921066293041809,0
1,0,0,13,1,0,0,0,1,0,0,0,0,1,74.3,940.35,1,0,1,0,0,1,0,0,2,2,0,0.0,74.3,67.16785714285714,4.321480134805848,6.847315015170721,0
1,0,0,11,1,0,0,0,0,0,1,1,0,0,89.7,1047.7,1,0,1,0,0,0,0,1,3,1,0,0.0,89.7,87.30833333333334,4.507557357121091,6.955306580840359,0
0,0,0,32,1,1,1,0,0,1,0,0,0,0,87.65,2766.4,0,1,1,0,0,0,0,1,4,3,0,0.0,87.65,83.83030303030303,4.484696032520217,7.925663530235284,0
1,1,0,17,1,1,0,0,1,0,1,1,0,1,100.45,1622.45,1,1,1,0,1,0,0,1,5,2,1,0.0,100.45,90.13611111111112,4.619566066271823,7.392308793409265,0
0,0,0,16,1,1,0,0,0,0,0,0,0,1,74.75,1129.35,0,0,1,0,1,0,0,1,2,2,0,0.0,74.75,66.43235294117646,4.327438444389479,7.030282598261829,0
0,0,0,51,1,1,1,1,1,0,1,1,1,0,107.45,5680.9,0,0,1,0,0,0,0,1,7,4,1,107.45,107.45,109.24807692307692,4.6862892372728835,8.645040962822444,0
0,0,0,29,1,0,0,0,1,1,1,1,1,1,75.35,2243.9,0,1,0,0,0,0,0,1,5,3,0,75.35,0.0,74.79666666666667,4.335328031664641,7.716416255754423,0
0,1,0,70,1,0,1,1,1,1,0,0,2,0,64.95,4523.25,0,1,0,0,1,0,0,1,5,4,0,129.9,0.0,63.70774647887324,4.188896879163323,8.417207096540311,0
0,1,1,71,1,1,1,0,1,1,0,1,2,0,100.45,7159.7,0,0,1,0,0,1,0,0,6,4,1,200.9,100.45,99.44027777777778,4.619566066271823,8.876363020539099,0
0,1,1,41,1,1,0,1,1,0,1,0,1,0,68.5,2839.95,0,1,0,0,0,0,0,1,5,4,0,68.5,0.0,67.61785714285713,4.241326752570746,7.9518937822624975,0
0,0,0,1,1,0,0,0,0,0,1,0,0,1,80.55,80.55,0,1,1,0,0,1,0,0,2,0,0,0.0,80.55,40.275,4.401216329067023,4.401216329067023,1
0,1,0,7,1,0,1,0,1,1,1,1,0,0,81.25,580.1,0,0,0,0,0,0,0,1,6,1,0,0.0,0.0,72.5125,4.409763389645481,6.36492285908106,0
0,1,1,25,1,0,0,0,0,0,1,1,1,1,90.4,2178.6,1,1,1,0,0,1,0,0,3,3,1,90.4,90.4,83.79230769230769,4.515245478460105,7.686896652708943,0
0,1,1,67,1,1,1,1,0,1,0,0,1,0,89.55,6038.55,0,1,1,0,0,1,0,0,5,4,0,89.55,89.55,88.80220588235295,4.505902184329423,8.706084784842092,0
0,1,1,5,1,1,0,0,0,1,0,0,0,1,55.7,259.4,0,1,0,0,0,0,1,0,3,0,0,0.0,0.0,43.23333333333333,4.037774210733707,5.562218910334414,1
0,0,1,15,1,1,0,0,0,0,0,0,0,1,24.8,324.15,0,1,0,1,0,1,0,0,2,2,0,0.0,0.0,20.259375,3.250374491927572,5.78428661431516,0
0,1,1,20,1,0,0,0,0,0,0,0,0,0,20.0,417.65,0,0,0,1,0,1,0,0,1,2,0,0.0,0.0,19.888095238095236,3.044522437723423,6.037035248650441,0
0,1,1,3,1,0,0,1,1,0,0,0,0,1,56.15,168.15,1,1,0,0,0,0,1,0,3,0,0,0.0,0.0,42.0375,4.04567939024082,5.130785895226717,1
0,1,1,54,1,1,0,1,0,1,1,1,1,1,105.2,5637.85,0,1,1,0,0,1,0,0,6,4,1,105.2,105.2,102.50636363636364,4.665324108807838,8.63743542299231,0
0,0,0,42,1,0,0,0,0,0,0,0,1,1,19.55,839.4,0,1,0,1,0,0,1,0,1,4,0,19.55,0.0,19.52093023255814,3.022860940942244,6.7338779689708455,0
0,1,0,9,1,0,0,0,0,0,0,1,0,1,79.75,769.1,0,0,1,0,0,1,0,0,2,1,0,0.0,79.75,76.91,4.391357962102766,6.6465203765452046,0
0,0,0,63,1,1,0,1,0,0,1,1,2,0,97.45,6253.0,0,0,1,0,0,0,0,1,5,4,1,194.9,97.45,97.703125,4.589548805085134,8.740976538017787,0
0,1,0,69,1,1,0,0,0,0,0,0,2,0,24.25,1641.8,0,0,0,1,0,0,0,1,2,4,0,48.5,0.0,23.454285714285714,3.228826155721369,7.404157382082404,0
0,0,0,69,1,1,0,0,0,0,0,0,2,0,24.6,1678.05,0,0,0,1,1,0,0,1,2,4,0,49.2,0.0,23.972142857142856,3.242592351485517,7.425983436264869,0
0,1,0,40,1,0,0,1,0,0,0,0,0,1,50.15,2058.5,0,1,0,0,0,0,1,0,2,4,0,0.0,0.0,50.207317073170735,3.9347624923976356,7.630218513876136,0
0,0,0,60,0,0,1,1,1,0,0,0,2,0,39.6,2424.5,0,1,0,0,0,0,0,1,3,4,0,79.2,0.0,39.74590163934426,3.703768066607687,7.793792967685271,0
0,0,0,4,1,0,1,0,1,1,0,1,0,1,94.4,387.2,1,0,1,0,0,0,0,1,5,0,1,0.0,94.4,77.44,4.558078578454241,5.9615206707349095,1
1,0,0,71,1,1,1,1,1,1,1,1,2,0,89.85,6293.45,0,0,0,0,0,0,1,0,8,4,0,179.7,0.0,87.40902777777778,4.50920979484218,8.747423571732076,0
0,1,0,37,1,1,0,0,1,0,0,0,0,1,78.95,2839.65,1,0,1,0,1,0,0,1,3,4,0,0.0,78.95,74.72763157894737,4.381401439279963,7.951788178207204,0
0,1,0,32,1,1,0,1,0,0,1,1,0,1,98.85,3145.9,0,1,1,0,1,0,0,1,5,3,1,0.0,98.85,95.33030303030303,4.603669059861824,8.054173120264645,0
0,0,0,39,1,1,0,0,0,1,0,0,2,1,53.85,2200.7,0,1,0,0,1,0,0,1,3,4,0,107.7,0.0,55.0175,4.00460218672124,7.696985068219127,0
0,0,0,38,1,1,0,0,0,0,0,0,1,1,24.25,914.4,0,0,0,1,0,1,0,0,2,4,0,24.25,0.0,23.446153846153845,3.228826155721369,6.819361128219541,0
0,0,0,52,1,1,0,0,1,0,0,1,2,1,89.45,4577.75,0,1,1,0,1,0,0,1,4,4,0,178.9,89.45,86.37264150943396,4.504797211841304,8.429181314093023,0
0,1,1,48,1,1,1,1,0,0,1,1,0,1,105.25,4997.5,0,0,1,0,1,0,0,1,6,4,1,0.0,105.25,101.98979591836735,4.665794807804526,8.516893146407236,0
0,1,1,70,0,0,1,0,1,1,1,1,2,0,59.5,4144.8,0,1,0,0,0,0,0,1,5,4,0,119.0,0.0,58.3774647887324,4.102643365036796,8.329851052565411,0
0,0,0,20,1,0,0,0,0,0,0,0,0,0,70.55,1493.55,0,1,1,0,1,0,0,1,1,2,0,0.0,70.55,71.12142857142857,4.27039650600246,7.309580437169706,0
0,0,0,50,1,1,1,0,1,1,1,1,1,1,82.5,4179.1,0,0,0,0,1,0,0,1,7,4,0,82.5,0.0,81.94313725490197,4.42484663185681,8.338090448677617,0
0,0,0,19,0,0,0,0,0,0,1,1,1,1,44.85,893.55,1,0,0,0,1,0,0,1,2,2,0,44.85,0.0,44.677499999999995,3.825375198702474,6.796320798535832,0
0,1,1,25,1,0,1,1,1,0,0,0,1,1,61.6,1611.0,0,1,0,0,0,0,0,1,4,3,0,61.6,0.0,61.96153846153846,4.136765278106052,7.385230923066573,0
0,0,0,12,1,0,0,1,0,0,0,0,0,1,49.05,593.05,0,1,0,0,0,0,0,1,2,1,0,0.0,0.0,45.61923076923077,3.9130225057612296,6.3869634909042965,0
1,1,0,39,1,1,0,1,1,0,1,1,0,1,105.65,4284.8,1,1,1,0,0,1,0,0,6,4,1,0.0,105.65,107.12,4.669552444917359,8.363062511388982,0
0,0,0,7,1,0,0,0,1,0,0,0,0,0,74.65,544.55,1,1,1,0,0,0,1,0,2,1,0,0.0,74.65,68.06875,4.326117440234365,6.3017944601011076,0
0,1,1,23,1,0,1,1,1,1,0,0,1,1,66.25,1533.8,0,0,0,0,0,0,1,0,5,2,0,66.25,0.0,63.90833333333333,4.208417018481948,7.336155358372797,0
0,0,0,27,1,0,0,0,0,0,0,0,0,1,19.4,529.8,0,1,0,1,0,1,0,0,1,3,0,0.0,0.0,18.92142857142857,3.0155349008501706,6.274385302458052,0
1,0,0,47,1,1,0,0,0,0,1,0,0,1,86.05,3865.6,0,1,1,0,1,0,0,1,3,4,0,0.0,86.05,80.53333333333333,4.466482666214198,8.260130846898402,0
0,1,1,26,1,0,0,0,0,0,0,0,2,1,19.15,515.75,0,1,0,1,1,0,0,1,1,3,0,38.3,0.0,19.10185185185185,3.0032042883926917,6.247559198561878,0
0,1,0,14,1,1,1,0,0,0,1,0,0,1,64.7,941.0,1,0,0,0,0,0,0,1,4,2,0,0.0,0.0,62.733333333333334,4.185098925490565,6.848005274576363,0
1,1,0,11,1,1,0,0,1,1,1,1,0,1,104.05,1133.65,1,0,1,0,0,0,0,1,6,1,1,0.0,104.05,94.47083333333335,4.654436427291009,7.034079512315632,0
0,0,1,2,1,0,0,0,0,0,0,0,0,0,19.25,48.35,0,1,0,1,0,0,1,0,1,0,0,0.0,0.0,16.116666666666667,3.0081547935525483,3.8989377658794906,1
0,1,1,26,1,0,1,1,0,0,0,0,0,0,81.95,2070.05,0,0,1,0,0,1,0,0,3,3,0,0.0,81.95,76.66851851851852,4.418238016636454,7.635811004030272,0
1,1,0,72,1,1,1,1,1,1,1,1,2,1,114.65,8333.95,0,0,1,0,0,0,0,1,8,4,1,229.3,114.65,114.16369863013699,4.750568388677448,9.028212796366661,0
0,1,1,63,1,0,0,0,0,0,0,0,2,0,20.0,1209.25,0,0,0,1,1,0,0,1,1,4,0,40.0,0.0,18.89453125,3.044522437723423,7.0985822288198035,0
0,1,1,71,1,0,0,0,0,0,0,0,2,0,19.8,1396.25,0,1,0,1,0,0,1,0,1,4,0,39.6,0.0,19.39236111111111,3.0349529867072724,7.242261298149807,0
0,1,1,11,1,1,1,0,0,0,1,0,0,1,65.15,723.35,0,1,0,0,0,0,0,1,4,1,0,0.0,0.0,60.27916666666667,4.191924890560965,6.585274700987661,0
1,1,0,14,1,0,0,0,0,0,0,0,1,0,19.65,228.65,0,1,0,1,0,0,1,0,1,2,0,19.65,0.0,15.243333333333334,3.027715319407042,5.436556410771803,0
0,0,1,13,1,1,1,1,1,1,1,1,2,0,88.95,1161.75,0,0,0,0,1,0,0,1,8,2,0,177.9,0.0,82.98214285714286,4.499253960396542,7.058543168104206,0
0,0,1,6,1,0,0,0,0,0,0,0,0,1,20.2,98.35,0,1,0,1,0,0,1,0,1,0,0,0.0,0.0,14.049999999999999,3.054001181677967,4.598648968997826,1
1,1,1,11,1,1,0,0,0,0,0,0,0,1,75.2,775.3,0,1,1,0,1,0,0,1,2,1,0,0.0,75.2,64.60833333333333,4.333361462692601,6.654539043411635,0
0,1,0,18,1,1,0,1,0,0,0,0,0,0,56.8,1074.65,0,1,0,0,1,0,0,1,3,2,0,0.0,0.0,56.56052631578948,4.056988775678332,6.980680408996694,0
0,0,0,1,0,0,0,0,0,0,0,1,0,1,35.55,35.55,1,1,0,0,0,1,0,0,1,0,0,0.0,0.0,17.775,3.5986811861957873,3.5986811861957873,1
0,1,0,32,1,0,1,0,0,0,0,0,0,1,75.5,2324.7,0,0,1,0,0,0,0,1,2,3,0,0.0,75.5,70.44545454545454,4.33729074083249,7.75177634797621,0
0,0,0,29,0,0,1,0,0,1,0,0,1,0,35.6,1072.6,0,1,0,0,0,0,1,0,2,3,0,35.6,0.0,35.75333333333333,3.6000482404073204,6.978772766217417,0
0,0,0,3,1,1,0,0,0,0,1,0,0,1,60.25,170.5,0,0,0,0,0,1,0,0,3,0,0,0.0,0.0,42.625,4.114963849424837,5.144583266605995,1
0,0,0,2,1,1,0,0,0,0,1,1,0,1,95.15,196.9,1,0,1,0,0,1,0,0,4,0,1,0.0,95.15,65.63333333333334,4.565909472034789,5.28776185260852,1
0,1,1,13,1,0,0,0,1,0,1,1,0,1,96.65,1162.85,1,1,1,0,0,0,1,0,4,2,1,0.0,96.65,83.06071428571428,4.581389657322688,7.0594887540080675,0
0,0,0,41,0,0,0,1,0,0,0,1,0,1,40.35,1677.85,0,0,0,0,0,1,0,0,2,4,0,0.0,0.0,39.94880952380952,3.7220724214697003,7.425864314194387,0
0,0,0,1,1,0,0,0,0,0,0,0,0,0,18.85,18.85,0,0,0,1,0,1,0,0,1,0,0,0.0,0.0,9.425,2.9882040071331994,2.9882040071331994,1
0,0,0,7,1,0,0,0,0,0,1,0,0,0,54.85,370.4,0,1,0,0,0,0,1,0,2,1,0,0.0,0.0,46.3,4.02266952551521,5.917279648918606,0
0,1,0,52,1,0,1,0,1,0,1,0,1,1,64.3,3410.6,0,0,0,0,0,0,1,0,4,4,0,64.3,0.0,64.35094339622641,4.178992036282385,8.134936668444954,0
0,1,1,45,1,1,0,0,0,0,0,0,2,1,24.65,1138.8,0,0,0,1,0,0,0,1,2,4,0,49.3,0.0,24.756521739130434,3.2445435716167785,7.038608087400899,0
0,1,0,70,1,1,0,1,1,1,1,0,2,0,76.1,5264.25,0,1,0,0,1,0,0,1,6,4,0,152.2,0.0,74.1443661971831,4.345103280569283,8.568883906821593,0
0,0,0,53,1,0,0,0,0,0,0,0,2,0,18.7,1005.7,0,0,0,1,0,0,1,0,1,4,0,37.4,0.0,18.624074074074073,2.9806186357439426,6.914432933735378,0
1,1,0,62,1,1,0,1,1,0,1,0,1,1,97.95,5936.55,0,0,1,0,1,0,0,1,5,4,1,97.95,97.95,94.23095238095239,4.594614672048575,8.689051869360071,0
0,1,0,60,1,1,1,1,0,0,0,1,0,1,94.1,5475.9,0,0,1,0,1,0,0,1,5,4,1,0.0,94.1,89.76885245901639,4.554928969551344,8.608294526446507,0
1,1,0,3,1,0,0,0,0,0,1,0,0,1,80.4,224.05,1,0,1,0,0,1,0,0,2,0,0,0.0,80.4,56.0125,4.399375273008495,5.416322599738942,1
1,1,0,23,1,0,1,0,0,0,1,1,0,1,95.1,2326.05,0,0,1,0,0,1,0,0,4,2,1,0.0,95.1,96.91875,4.565389315976247,7.752356649964447,0
0,0,1,1,0,0,0,1,0,0,0,0,0,1,31.35,31.35,1,1,0,0,0,0,1,0,1,0,0,0.0,0.0,15.675,3.4766140209469096,3.4766140209469096,1
0,0,0,67,1,0,1,0,1,1,0,1,1,1,72.35,4991.5,0,0,0,0,0,0,0,1,5,4,0,72.35,0.0,73.40441176470588,4.295242504588991,8.51569206528997,0
0,0,0,12,1,1,0,1,0,0,1,0,0,1,89.75,1052.4,1,0,1,0,0,0,0,1,4,1,0,0.0,89.75,80.95384615384616,4.5081084731449605,6.959778307049289,0
1,1,0,71,1,1,1,1,1,1,0,1,2,1,82.7,5831.2,0,0,0,0,0,0,0,1,7,4,0,165.4,0.0,80.98888888888888,4.4272389774954295,8.671149566653297,0
0,0,0,25,1,0,0,0,0,0,0,0,1,0,19.9,510.8,0,1,0,1,1,0,0,1,1,3,0,19.9,0.0,19.646153846153847,3.039749158970765,6.237933923725689,0
0,0,0,5,1,1,1,0,0,0,0,0,0,1,53.8,283.95,0,0,0,0,0,1,0,0,3,0,0,0.0,0.0,47.324999999999996,4.00369019395397,5.652313726281008,1
0,0,0,26,1,1,0,0,0,0,0,0,1,1,51.55,1295.4,0,1,0,0,1,0,0,1,2,3,0,51.55,0.0,47.97777777777778,3.96176509732296,7.167346471267392,0
0,1,1,1,1,0,0,0,0,0,0,0,1,0,19.65,19.65,0,1,0,1,0,0,1,0,1,0,0,19.65,0.0,9.825,3.027715319407042,3.027715319407042,1
1,0,0,70,0,0,0,1,1,0,1,0,1,1,44.05,3011.65,0,1,0,0,1,0,0,1,3,4,0,44.05,0.0,42.417605633802815,3.807772984054347,8.010575369090423,0
0,1,1,72,1,1,1,1,1,1,1,1,2,1,114.0,8093.15,0,1,1,0,0,1,0,0,8,4,1,228.0,114.0,110.86506849315067,4.74493212836325,8.9988968575102,0
0,1,0,60,1,0,0,1,0,0,1,1,1,1,94.4,5610.25,1,1,1,0,0,1,0,0,4,4,1,94.4,94.4,91.97131147540983,4.558078578454241,8.632528790096142,0
1,1,1,32,1,1,0,1,0,0,1,1,0,1,100.4,3217.65,0,0,1,0,0,1,0,0,5,3,1,0.0,100.4,97.50454545454545,4.619073091157083,8.076717295968262,0
0,0,0,1,1,0,0,0,0,0,0,0,0,1,19.85,19.85,1,1,0,1,0,1,0,0,1,0,0,0.0,0.0,9.925,3.0373539482448106,3.0373539482448106,1
0,0,0,14,1,1,0,1,0,0,0,0,1,1,54.25,773.2,0,0,0,0,0,0,1,0,3,2,0,54.25,0.0,51.54666666666667,4.0118683403978626,6.651830238143548,0
0,0,0,13,1,1,1,0,0,0,0,0,0,1,80.0,1029.35,0,0,1,0,1,0,0,1,3,2,0,0.0,80.0,73.52499999999999,4.394449154672439,6.937653829328,0
0,0,0,6,1,1,0,1,1,1,1,1,0,1,109.9,669.45,1,0,1,0,1,0,0,1,7,0,1,0.0,109.9,95.63571428571429,4.7086288943563215,6.5079491287256515,1
0,0,0,46,1,1,1,0,1,0,1,1,2,0,79.2,3593.8,0,0,0,0,0,0,1,0,6,4,0,158.4,0.0,76.46382978723405,4.384523514872469,8.187243635784219,0
0,0,0,15,1,0,0,0,1,1,1,1,0,1,101.35,1553.95,1,1,1,0,0,1,0,0,5,2,1,0.0,101.35,97.121875,4.628398312107299,7.349198669755537,0
1,1,0,43,1,1,0,1,0,1,1,0,0,1,94.3,3953.15,0,1,1,0,0,1,0,0,5,4,1,0.0,94.3,89.84431818181818,4.557029810660157,8.282520939278072,0
0,0,0,39,1,0,0,0,0,1,0,0,2,1,49.8,1971.15,0,1,0,0,0,0,0,1,2,4,0,99.6,0.0,49.27875,3.927896354584436,7.586879597178514,0
1,0,0,21,1,0,0,0,1,0,1,0,0,1,60.05,1236.15,1,1,0,0,0,0,0,1,3,2,0,0.0,0.0,56.18863636363637,4.111693200556713,7.120565626156555,0
0,0,0,57,0,0,1,0,1,0,1,1,0,1,53.75,3196.0,0,1,0,0,0,1,0,0,4,4,0,0.0,0.0,55.10344827586207,4.00277736869661,8.069968149059841,0
0,1,0,53,1,0,0,0,0,1,1,1,1,1,93.45,4872.2,0,0,1,0,0,1,0,0,4,4,1,93.45,93.45,90.22592592592592,4.548070593947519,8.491506084480253,0
0,1,1,18,1,0,1,0,1,0,1,0,0,1,87.9,1500.5,0,1,1,0,0,0,1,0,4,2,0,0.0,87.9,78.97368421052632,4.487512142519859,7.314219887423385,0
0,0,0,1,1,1,0,0,0,0,0,1,0,1,60.15,60.15,1,0,0,0,0,1,0,0,3,0,0,0.0,0.0,30.075,4.113329862133181,4.113329862133181,1
0,1,0,58,1,1,1,0,0,1,0,0,1,1,61.05,3478.75,0,0,0,0,0,0,0,1,4,4,0,61.05,0.0,58.96186440677966,4.127940511650616,8.15471573110751,0
1,0,0,71,1,1,0,0,1,0,1,1,2,0,104.05,7413.55,0,0,1,0,0,0,0,1,5,4,1,208.1,104.05,102.96597222222222,4.654436427291009,8.911199564935444,0
0,0,0,35,1,0,0,0,1,1,1,1,1,1,99.25,3532.0,0,0,1,0,0,1,0,0,5,3,1,99.25,99.25,98.11111111111111,4.6076670661866785,8.169902647359145,0
0,0,0,3,1,0,0,0,1,0,0,1,0,0,85.7,256.75,0,1,1,0,1,0,0,1,3,0,0,0.0,85.7,64.1875,4.462453883786496,5.551990122897069,1
0,0,0,38,1,1,1,1,0,0,1,1,1,1,104.85,3887.25,0,1,1,0,0,1,0,0,6,4,1,104.85,104.85,99.67307692307692,4.662022997580874,8.26571446392467,0
0,1,1,35,1,1,1,1,1,1,0,0,2,1,69.15,2490.15,0,1,0,0,1,0,0,1,6,3,0,138.3,0.0,69.17083333333333,4.25063580654847,7.820499730229632,0
0,0,0,7,1,1,0,0,1,0,1,0,0,1,90.45,593.45,1,1,1,0,0,1,0,0,4,1,1,0.0,90.45,74.18125,4.515792374836875,6.387636608304554,0
0,0,0,47,1,0,0,0,1,1,1,1,2,0,74.45,3510.3,0,0,0,0,0,0,1,0,5,4,0,148.9,0.0,73.13125000000001,4.323470185213858,8.163741618260106,0
0,0,0,14,1,0,0,1,0,0,0,0,0,0,50.45,765.45,0,0,0,0,0,1,0,0,2,2,0,0.0,0.0,51.03,3.9406104622800586,6.641769464612117,0
1,1,0,20,1,0,0,1,0,0,0,1,0,1,60.0,1259.35,0,0,0,0,0,1,0,0,3,2,0,0.0,0.0,59.969047619047615,4.110873864173311,7.139144739150198,0
0,1,0,66,1,1,1,1,0,1,1,1,2,0,85.25,5538.35,0,1,0,0,0,1,0,0,7,4,0,170.5,0.0,82.66194029850747,4.457250055911469,8.619632444337945,0
0,1,0,15,1,0,0,0,0,0,0,0,0,1,19.45,340.85,0,1,0,1,1,0,0,1,1,2,0,0.0,0.0,21.303125,3.017982882488811,5.834372044359803,0
0,0,0,42,1,0,0,0,0,0,0,0,2,1,20.75,844.45,0,0,0,1,0,0,0,1,1,4,0,41.5,0.0,19.638372093023257,3.079613757534693,6.739869029984439,0
0,1,0,17,1,1,1,0,0,0,0,0,0,0,78.9,1348.95,0,0,1,0,0,1,0,0,3,2,0,0.0,78.9,74.94166666666666,4.380775852772229,7.2078228337095505,0
0,0,0,37,1,1,0,1,0,1,1,1,1,1,104.5,3778.0,0,1,1,0,1,0,0,1,6,4,1,104.5,104.5,99.42105263157895,4.658710952916121,8.237214703349489,0
0,0,0,12,1,0,0,1,0,0,0,0,0,1,49.4,611.65,0,0,0,0,0,1,0,0,2,1,0,0.0,0.0,47.05,3.919991175077323,6.417793810395455,0
0,1,0,53,1,0,0,1,0,0,1,1,1,1,94.25,4867.95,1,1,1,0,0,0,0,1,4,4,1,94.25,94.25,90.14722222222223,4.55650501400681,8.490633587080888,0
0,0,0,60,1,1,0,0,0,0,0,0,2,0,25.0,1505.05,0,0,0,1,0,0,1,0,2,4,0,50.0,0.0,24.67295081967213,3.258096538021482,7.317245608339922,0
0,1,1,18,0,0,0,0,0,0,0,0,0,0,25.55,467.85,0,1,0,0,1,0,0,1,0,2,0,0.0,0.0,24.623684210526317,3.279029747687948,6.150282887865634,0
0,0,0,1,1,1,0,0,0,0,0,0,0,1,74.9,74.9,1,1,1,0,0,1,0,0,2,0,0,0.0,74.9,37.45,4.3294166844015844,4.3294166844015844,1
0,0,0,3,1,0,0,0,0,0,0,0,0,1,70.15,194.2,0,0,1,0,0,1,0,0,1,0,0,0.0,70.15,48.55,4.264790324535862,5.274024673978992,1
0,0,1,9,1,0,0,0,0,1,1,1,0,1,69.4,571.45,0,0,0,0,1,0,0,1,4,1,0,0.0,0.0,57.145,4.254193263163997,6.349925395369821,0
0,0,0,1,1,0,0,0,0,0,1,0,0,1,80.25,80.25,1,0,1,0,0,1,0,0,2,0,0,0.0,80.25,40.125,4.3975308212098465,4.3975308212098465,1
0,1,0,56,1,1,1,1,1,0,0,0,1,1,93.15,5253.95,0,1,1,0,0,1,0,0,5,4,1,93.15,93.15,92.17456140350878,4.544889255103161,8.566925768517926,0
0,1,1,17,1,0,0,0,0,0,0,0,0,1,69.0,1149.65,1,1,1,0,0,1,0,0,1,2,0,0.0,69.0,63.86944444444445,4.248495242049359,7.048082279073415,0
0,1,1,11,1,1,0,0,0,1,0,1,0,1,66.35,740.8,1,0,0,0,0,1,0,0,4,1,0,0.0,0.0,61.73333333333333,4.209902902856373,6.60907966505549,0
0,0,0,7,1,0,0,0,0,0,0,0,0,1,69.55,521.35,0,1,1,0,0,1,0,0,1,1,0,0.0,69.55,65.16875,4.256321678298823,6.258337861283517,0
0,1,1,69,1,0,0,0,0,0,0,0,2,0,20.2,1412.65,0,0,0,1,0,0,0,1,1,4,0,40.4,0.0,20.180714285714288,3.054001181677967,7.253930291064735,0
0,0,0,19,1,1,0,0,0,0,0,1,0,1,86.0,1532.45,1,1,1,0,0,0,0,1,3,2,0,0.0,86.0,76.6225,4.465908118654584,7.335275377871133,0
0,1,1,3,1,0,0,0,0,0,0,1,0,1,80.3,250.05,1,0,1,0,0,1,0,0,2,0,0,0.0,80.3,62.5125,4.398146016553765,5.5256521224807145,1
0,1,1,54,1,0,0,0,0,0,0,0,2,0,20.4,1090.6,0,1,0,1,1,0,0,1,1,4,0,40.8,0.0,19.829090909090908,3.0633909220278057,6.995399788834184,0
0,1,0,62,1,1,0,0,0,0,0,0,1,1,23.75,1446.8,0,1,0,1,1,0,0,1,2,4,0,23.75,0.0,22.965079365079365,3.2088254890146994,7.277800441859041,0
0,0,0,24,1,1,0,1,0,0,1,0,0,1,90.55,2282.55,1,1,1,0,1,0,0,1,4,2,1,0.0,90.55,91.302,4.51688527112052,7.7334865285972905,0
0,1,1,62,1,1,0,0,0,0,1,1,0,1,70.45,4300.45,0,0,0,0,1,0,0,1,4,4,0,0.0,0.0,68.2611111111111,4.268997904375876,8.3667074541417,0
0,0,0,17,1,1,1,0,0,0,0,1,0,0,65.75,1111.2,0,1,0,0,0,0,0,1,4,2,0,0.0,0.0,61.733333333333334,4.200954297280359,7.0140953147534635,0
0,0,0,9,0,0,0,0,0,0,0,0,0,1,24.6,190.1,0,1,0,0,0,0,1,0,0,1,0,0.0,0.0,19.009999999999998,3.242592351485517,5.252796851246227,0
0,1,1,64,1,0,1,0,1,1,1,0,2,0,69.25,4447.75,0,1,0,0,0,0,1,0,5,4,0,138.5,0.0,68.42692307692307,4.2520603082138555,8.400378436824402,0
0,0,0,2,1,1,0,0,0,0,0,0,0,1,75.9,143.35,1,0,1,0,0,1,0,0,2,0,0,0.0,75.9,47.78333333333333,4.3425058765115985,4.972240906108944,1
0,1,1,1,1,0,0,0,0,0,0,0,0,1,45.85,45.85,1,1,0,0,0,0,1,0,1,0,0,0.0,0.0,22.925,3.846951008684431,3.846951008684431,1
0,1,0,16,0,0,0,0,0,1,1,1,0,1,49.95,810.2,1,0,0,0,0,1,0,0,3,2,0,0.0,0.0,47.65882352941177,3.9308447596687337,6.698514632836919,0
0,1,0,72,1,1,0,0,0,0,0,0,2,0,24.65,1830.05,0,0,0,1,0,0,0,1,2,4,0,49.3,0.0,25.06917808219178,3.2445435716167785,7.512644851783918,0
0,0,0,30,1,1,1,1,1,0,0,0,1,0,90.4,2820.65,0,1,1,0,0,0,0,1,5,3,1,90.4,90.4,90.98870967741935,4.515245478460105,7.945077099207139,0
0,1,0,49,1,1,1,0,0,0,1,1,0,1,100.85,4847.35,0,0,1,0,0,0,1,0,5,4,1,0.0,100.85,96.947,4.623501142672815,8.48639371986271,0
0,1,0,61,1,1,1,0,1,1,0,1,2,0,75.35,4729.3,0,1,0,0,1,0,0,1,6,4,0,150.7,0.0,76.27903225806452,4.335328031664641,8.461743904421848,0
0,1,1,47,1,1,0,1,0,0,1,0,0,0,87.2,4017.45,0,1,1,0,0,1,0,0,4,4,0,0.0,87.2,83.69687499999999,4.4796069630127455,8.298651535121714,0
0,0,0,20,1,0,1,0,1,0,0,1,0,0,64.4,1398.6,0,1,0,0,1,0,0,1,4,2,0,0.0,0.0,66.6,4.180522258463153,7.2439417604935326,0
0,1,1,34,1,0,0,0,0,0,1,0,0,0,78.3,2564.3,1,1,1,0,0,1,0,0,2,3,0,0.0,78.3,73.2657142857143,4.373238128640803,7.8498307098300195,0
0,1,1,70,1,1,0,0,0,0,0,0,2,0,24.7,1685.9,0,0,0,1,0,0,0,1,2,4,0,49.4,0.0,23.745070422535214,3.246490991901174,7.430647803966266,0
0,0,1,54,1,0,1,1,0,1,1,1,1,1,105.85,5826.65,0,1,1,0,0,1,0,0,6,4,1,105.85,105.85,105.93909090909091,4.671425981765156,8.670369110604383,0
1,1,0,61,1,1,0,1,1,1,1,0,1,1,98.3,6066.55,0,1,1,0,0,0,1,0,6,4,1,98.3,98.3,97.84758064516129,4.598145571051127,8.710710178193091,0
0,0,0,3,1,1,0,0,0,0,0,0,0,1,76.95,228.4,1,1,1,0,0,1,0,0,2,0,0,0.0,76.95,57.1,4.356067595503785,5.435467204695271,1
0,0,0,13,1,0,0,0,0,0,0,0,1,0,19.45,270.2,0,1,0,1,0,0,1,0,1,2,0,19.45,0.0,19.3,3.017982882488811,5.60285655606624,0
1,0,0,16,1,1,0,0,0,0,1,1,0,1,96.15,1529.2,1,0,1,0,0,1,0,0,4,2,1,0.0,96.15,89.95294117647059,4.576256175823449,7.333153724797752,0
0,1,1,3,1,0,0,1,0,0,1,0,0,1,58.7,168.6,0,0,0,0,1,0,0,1,3,0,0,0.0,0.0,42.15,4.089332020398556,5.133442723357803,1
0,0,0,25,1,0,0,0,0,0,0,0,0,1,20.15,536.35,0,1,0,1,0,0,1,0,1,3,0,0.0,0.0,20.628846153846155,3.0516399054922867,6.286649651287163,0
0,0,0,30,1,1,1,0,0,0,0,1,0,1,64.5,1888.45,0,1,0,0,0,0,1,0,4,3,0,0.0,0.0,60.917741935483875,4.182050142641207,7.544041060412427,0
0,1,0,21,0,0,1,0,0,0,0,0,0,0,28.5,629.35,0,0,0,0,0,1,0,0,1,2,0,0.0,0.0,28.606818181818184,3.3843902633457743,6.446275220677278,0
0,0,0,1,1,0,0,0,0,0,0,0,0,0,45.3,45.3,1,1,0,0,0,1,0,0,1,0,0,0.0,0.0,22.65,3.835141961092188,3.835141961092188,1
0,0,0,15,1,0,0,0,0,0,0,0,0,0,19.4,289.3,1,0,0,1,0,0,0,1,1,2,0,0.0,0.0,18.08125,3.0155349008501706,5.670914871030584,0
1,1,0,23,1,0,0,0,0,0,1,1,0,1,90.45,2117.25,0,1,1,0,0,1,0,0,3,2,1,0.0,90.45,88.21875,4.515792374836875,7.658345555078573,0
0,1,1,45,1,1,1,1,0,0,1,1,0,1,105.15,4730.9,0,0,1,0,0,1,0,0,6,4,1,0.0,105.15,102.84565217391304,4.664853188149265,8.462082092161538,0
0,1,1,24,1,1,0,1,1,0,0,0,1,0,83.15,2033.05,0,0,1,0,0,0,0,1,4,2,0,83.15,83.15,81.322,4.432600920636815,7.617784158410599,0
0,0,0,11,1,1,0,0,0,1,1,0,0,0,90.15,987.95,1,0,1,0,0,1,0,0,4,1,1,0.0,90.15,82.32916666666667,4.512506501124672,6.896643774227418,0
0,0,0,1,1,0,0,0,0,0,0,0,0,0,45.05,45.05,1,1,0,0,0,0,1,0,1,0,0,0.0,0.0,22.525,3.829727762701316,3.829727762701316,1
0,1,0,56,1,1,0,0,1,1,1,1,2,0,103.2,5744.35,0,0,1,0,0,0,0,1,6,4,1,206.4,103.2,100.7780701754386,4.646312129319266,8.656146110968495,0
0,0,0,1,1,0,0,1,0,0,0,0,0,0,75.8,75.8,1,0,1,0,0,1,0,0,2,0,0,0.0,75.8,37.9,4.341204640153626,4.341204640153626,1
0,0,0,1,1,0,0,0,0,0,0,0,0,0,19.45,19.45,0,1,0,1,0,1,0,0,1,0,0,0.0,0.0,9.725,3.017982882488811,3.017982882488811,1
0,0,0,7,1,0,0,0,0,0,0,1,0,1,79.3,523.15,1,0,1,0,0,1,0,0,2,1,0,0.0,79.3,65.39375,4.385769620952716,6.261777902898582,0
1,1,0,55,1,0,0,0,1,1,1,0,2,0,88.8,4805.3,0,0,1,0,1,0,0,1,4,4,0,177.6,88.8,85.80892857142858,4.497584975308154,8.477682836320778,0
0,0,0,2,0,0,0,0,0,1,0,0,0,1,30.9,59.05,1,0,0,0,0,1,0,0,1,0,0,0.0,0.0,19.683333333333334,3.462606009790799,4.095177548525992,1
0,1,1,72,1,1,1,0,1,1,1,1,2,1,85.9,6110.75,0,0,0,0,1,0,0,1,7,4,0,171.8,0.0,83.70890410958904,4.464758032271346,8.717968426868438,0
1,0,0,45,0,0,0,0,0,0,0,1,1,0,34.2,1596.6,0,0,0,0,0,1,0,0,1,4,0,34.2,0.0,34.70869565217391,3.5610460826040513,7.3762577821016055,0
0,0,0,47,1,0,0,0,0,0,0,0,2,0,20.15,1046.2,0,0,0,1,0,0,1,0,1,4,0,40.3,0.0,21.795833333333334,3.0516399054922867,6.953875214595691,0
1,0,0,46,1,0,0,1,0,0,1,1,1,0,95.25,4424.2,1,0,1,0,1,0,0,1,4,4,1,95.25,95.25,94.13191489361702,4.566948973167894,8.395070754160756,0
0,0,0,2,1,0,0,1,0,0,0,0,0,1,50.3,92.75,0,1,0,0,0,0,1,0,2,0,0,0.0,0.0,30.916666666666668,3.937690752176724,4.54063166485052,1
0,1,0,2,1,0,1,0,0,1,0,0,0,1,80.15,194.55,0,0,1,0,0,1,0,0,3,0,0,0.0,80.15,64.85000000000001,4.396299293960601,5.2758161012015234,1
0,1,0,12,1,0,0,1,0,0,0,0,0,1,51.25,612.1,0,0,0,0,0,1,0,0,2,1,0,0.0,0.0,47.08461538461539,3.9560398908449206,6.418528054768642,0
1,1,0,68,1,1,0,1,0,0,0,1,0,1,89.6,6127.6,1,0,1,0,0,0,0,1,4,4,0,0.0,89.6,88.80579710144929,4.506454213048934,8.72072161785459,0
0,1,1,69,1,0,0,0,0,1,1,1,2,1,95.2,6671.7,0,1,1,0,1,0,0,1,4,4,1,190.4,95.2,95.31,4.566429357671661,8.805779854602424,0
1,0,1,56,1,0,1,0,0,0,1,1,1,0,94.8,5264.3,0,1,1,0,1,0,0,1,4,4,1,94.8,94.8,92.3561403508772,4.562262684976814,8.568893403001754,0
1,0,0,4,1,1,1,0,0,0,0,0,0,1,80.25,303.7,0,0,1,0,0,1,0,0,3,0,0,0.0,80.25,60.739999999999995,4.3975308212098465,5.719327685991663,1
0,1,0,64,1,1,0,1,1,1,1,0,2,1,76.1,4818.8,0,1,0,0,0,0,0,1,6,4,0,152.2,0.0,74.13538461538462,4.345103280569283,8.480487712407822,0
0,1,0,59,1,1,1,1,1,0,1,1,1,1,110.15,6448.05,1,1,1,0,0,1,0,0,7,4,1,110.15,110.15,107.4675,4.710880640410205,8.771688112120344,0
0,1,1,62,1,1,1,1,1,1,1,1,2,0,115.55,7159.05,0,1,1,0,0,0,0,1,8,4,1,231.1,115.55,113.63571428571429,4.758320365481766,8.876272243170533,0
0,1,1,63,1,1,0,0,0,0,0,0,2,0,24.65,1574.5,0,1,0,1,1,0,0,1,2,4,0,49.3,0.0,24.6015625,3.2445435716167785,7.362327961197329,0
0,0,0,53,0,0,1,1,1,1,1,0,1,1,53.6,2879.2,0,0,0,0,0,1,0,0,5,4,0,53.6,0.0,53.318518518518516,4.000033882750859,7.965615015163282,0
0,1,1,5,1,0,0,0,0,0,0,0,0,0,19.45,86.05,0,1,0,1,0,0,1,0,1,0,0,0.0,0.0,14.341666666666667,3.017982882488811,4.466482666214198,1
1,1,0,49,1,1,1,1,1,0,0,0,0,1,88.2,4159.45,0,1,1,0,0,1,0,0,5,4,0,0.0,88.2,83.189,4.490881039585964,8.333378520481947,0
0,1,1,62,1,1,1,0,0,0,1,1,2,1,101.15,6638.35,0,0,1,0,0,0,0,1,5,4,1,202.3,101.15,105.37063492063493,4.626442321263631,8.800769346112522,0
0,1,0,55,1,0,1,1,0,1,0,0,2,0,56.8,3112.05,0,0,0,0,0,0,1,0,4,4,0,113.6,0.0,55.572321428571435,4.056988775678332,8.04335823198946,0
1,1,0,71,1,0,1,1,1,1,1,0,2,1,99.4,7168.25,0,0,1,0,0,1,0,0,6,4,1,198.8,99.4,99.55902777777777,4.609162207257629,8.877556325611982,0
0,1,1,72,1,0,0,0,0,0,0,0,2,1,20.1,1326.25,0,0,0,1,1,0,0,1,1,4,0,40.2,0.0,18.16780821917808,3.0492730404820207,7.190864411463781,0
0,1,1,36,0,0,1,0,1,1,1,1,1,0,60.7,2234.55,0,1,0,0,1,0,0,1,5,3,0,60.7,0.0,60.39324324324325,4.122283930911342,7.7122425617849055,0
0,1,0,25,1,0,0,0,0,0,0,0,1,1,20.95,495.15,0,1,0,1,0,0,0,1,1,3,0,20.95,0.0,19.04423076923077,3.08876713952118,6.20687830036025,0
1,1,0,72,1,1,1,1,1,1,1,1,2,1,114.85,8317.95,0,0,1,0,0,0,0,1,8,4,1,229.7,114.85,113.94452054794522,4.752296250878385,9.026291323928044,0
0,0,0,36,1,0,0,0,0,0,0,0,1,1,19.25,679.8,0,0,0,1,0,0,0,1,1,3,0,19.25,0.0,18.37297297297297,3.0081547935525483,6.523268577259164,0
0,0,0,1,1,0,0,0,0,0,1,1,0,1,62.8,62.8,0,1,0,0,0,0,1,0,3,0,0,0.0,0.0,31.4,4.155753190350744,4.155753190350744,1
0,1,0,72,1,1,1,0,1,0,1,1,2,1,105.5,7544.0,0,0,1,0,0,1,0,0,6,4,1,211.0,105.5,103.34246575342466,4.66814498514948,8.928640371201949,0
0,1,1,59,1,0,0,0,0,0,0,0,2,0,19.85,1188.25,0,1,0,1,0,0,1,0,1,4,0,39.7,0.0,19.804166666666667,3.0373539482448106,7.081078135312391,0
1,1,0,7,1,0,0,0,0,0,1,1,0,1,89.5,676.7,1,1,1,0,0,1,0,0,3,1,0,0.0,89.5,84.5875,4.505349850705881,6.518704712142068,0
0,0,0,1,1,0,0,0,1,1,1,1,1,0,74.1,74.1,0,0,0,0,1,0,0,1,5,0,0,74.1,0.0,37.05,4.318820558770089,4.318820558770089,1
0,1,1,30,1,1,0,1,1,1,1,1,0,1,107.5,3242.5,0,0,1,0,0,1,0,0,7,3,1,0.0,107.5,104.59677419354838,4.686750172980514,8.08440827265311,0
0,0,0,64,1,0,0,0,0,0,0,0,2,0,19.55,1240.15,0,1,0,1,0,0,1,0,1,4,0,39.1,0.0,19.079230769230772,3.022860940942244,7.1237936481663,0
0,0,0,63,1,1,1,1,1,1,0,0,1,0,68.8,4111.35,0,1,0,0,0,0,0,1,6,4,0,68.8,0.0,64.23984375,4.2456340097683265,8.321749920244295,0
1,1,0,72,1,1,1,1,1,0,1,1,2,0,84.45,5899.85,0,1,0,0,1,0,0,1,7,4,0,168.9,0.0,80.81986301369864,4.4479314095616,8.682851687313653,0
0,1,0,8,1,0,1,0,0,0,0,0,0,0,75.0,632.95,1,1,1,0,0,1,0,0,2,1,0,0.0,75.0,70.32777777777778,4.330733340286331,6.451970086973957,0
0,0,0,62,1,1,0,1,1,1,1,1,2,0,84.5,5193.2,0,0,0,0,0,0,0,1,7,4,0,169.0,0.0,82.43174603174603,4.448516375942715,8.555297897449783,0
0,1,1,67,1,1,0,1,1,1,1,1,2,1,111.2,7530.8,0,1,1,0,0,0,0,1,7,4,1,222.4,111.2,110.74705882352941,4.720282993088596,8.926889336052218,0
0,0,0,6,1,0,0,0,0,0,0,0,0,0,44.75,270.95,1,1,0,0,0,1,0,0,1,0,0,0.0,0.0,38.707142857142856,3.82319179172153,5.6056182258689695,1
0,1,1,70,1,1,1,0,0,1,1,1,2,1,80.6,5460.2,0,0,0,0,0,0,0,1,6,4,0,161.2,0.0,76.90422535211268,4.401829261970061,8.605423824810597,0
1,0,0,20,1,0,0,0,0,0,1,0,0,0,80.7,1614.2,0,0,1,0,0,0,0,1,2,2,0,0.0,80.7,76.86666666666667,4.403054001865957,7.387214066998628,0
0,0,0,5,1,1,0,0,0,0,0,0,0,0,75.6,402.5,0,0,1,0,0,1,0,0,2,0,0,0.0,75.6,67.08333333333333,4.338597076746545,6.000176487710004,1
0,1,1,24,0,0,1,1,1,0,1,1,1,0,57.6,1367.75,0,0,0,0,0,1,0,0,5,2,0,57.6,0.0,54.71,4.070734696582967,7.221653193564811,0
0,1,0,11,1,0,0,0,0,0,0,0,0,1,44.05,483.7,1,0,0,0,0,1,0,0,1,1,0,0.0,0.0,40.30833333333333,3.807772984054347,6.18353014285133,0
0,1,0,72,1,1,0,1,1,1,1,1,2,1,110.6,7962.2,0,1,1,0,1,0,0,1,7,4,1,221.2,110.6,109.07123287671233,4.71492104994721,8.982586208104289,0
0,1,1,66,1,0,1,1,0,1,0,0,2,1,58.2,3810.8,0,0,0,0,1,0,0,1,4,4,0,116.4,0.0,56.87761194029851,4.0809215418899605,8.245856797500542,0
0,1,1,45,1,0,1,0,1,1,1,1,2,1,81.0,3533.6,0,0,0,0,0,0,1,0,6,4,0,162.0,0.0,76.81739130434782,4.406719247264253,8.170355417755697,0
0,1,1,69,1,0,0,0,0,0,0,0,2,0,19.7,1396.9,0,0,0,1,0,0,0,1,1,4,0,39.4,0.0,19.955714285714286,3.0301337002713233,7.242726389477083,0
1,1,0,15,1,1,0,0,0,0,0,1,0,1,85.6,1345.55,1,1,1,0,0,0,0,1,3,2,0,0.0,85.6,84.096875,4.461299815568389,7.205301044870807,0
0,0,0,28,1,0,0,0,1,0,1,0,0,1,59.55,1646.45,0,0,0,0,0,0,0,1,3,3,0,0.0,0.0,56.77413793103448,4.1034694699991014,7.4069839169024645,0
0,0,0,70,1,1,1,1,1,1,1,1,1,0,115.55,8127.6,1,0,1,0,1,0,0,1,8,4,1,115.55,115.55,114.47323943661972,4.758320365481766,9.00314398599142,0
0,0,0,36,1,0,1,1,1,1,0,1,1,1,75.55,2680.15,0,0,0,0,0,0,1,0,6,3,0,75.55,0.0,72.43648648648649,4.337944122103693,7.894001085943517,0
1,0,0,16,1,1,0,0,0,0,1,0,0,1,86.6,1281.0,1,1,1,0,0,1,0,0,3,2,0,0.0,86.6,75.3529411764706,4.472780997942346,7.156176637480615,0
0,0,0,18,1,1,0,0,0,0,1,0,0,1,85.2,1553.9,1,0,1,0,0,1,0,0,3,2,0,0.0,85.2,81.78421052631579,4.456670177669648,7.3491665138637705,0
0,1,0,34,1,1,0,0,0,0,1,1,0,1,97.65,3207.55,1,0,1,0,0,1,0,0,4,3,1,0.0,97.65,91.64428571428572,4.591578232468624,8.073574400675193,0
0,1,1,42,0,0,0,1,1,0,0,1,1,1,45.1,2049.05,0,1,0,0,1,0,0,1,3,4,0,45.1,0.0,47.65232558139535,3.8308129500026027,7.6256194620789195,0
0,0,0,48,1,1,1,0,0,1,0,1,1,1,70.95,3629.2,0,1,0,0,0,0,0,1,5,4,0,70.95,0.0,74.06530612244897,4.2759714333333765,8.197043022159876,0
0,1,0,47,1,1,0,1,1,1,1,1,0,1,109.55,5124.55,1,1,1,0,0,1,0,0,7,4,1,0.0,109.55,106.76145833333334,4.705467907303455,8.541993115321715,0
0,1,1,39,1,1,0,1,1,1,0,0,1,1,89.55,3474.45,1,0,1,0,0,1,0,0,5,4,0,89.55,89.55,86.86125,4.505902184329423,8.153479246017834,0
0,1,1,11,1,0,0,0,0,0,0,0,2,0,20.9,202.3,0,0,0,1,1,0,0,1,1,1,0,41.8,0.0,16.858333333333334,3.086486636822455,5.314682720634301,0
0,0,0,7,1,0,0,0,0,0,0,0,0,1,19.95,147.5,0,1,0,1,0,0,1,0,1,1,0,0.0,0.0,18.4375,3.0421386463681466,5.000584958242754,0
0,0,0,3,1,1,0,0,0,0,0,0,0,0,24.6,86.35,0,0,0,1,0,0,1,0,2,0,0,0.0,0.0,21.5875,3.242592351485517,4.469923036580066,1
0,0,0,8,1,0,1,0,1,0,0,1,0,1,66.7,579.0,0,1,0,0,0,1,0,0,4,1,0,0.0,0.0,64.33333333333333,4.215086179918229,6.363028103540465,0
0,0,1,1,1,0,0,0,0,0,0,0,0,1,19.45,19.45,1,1,0,1,0,0,1,0,1,0,0,0.0,0.0,9.725,3.017982882488811,3.017982882488811,1
0,1,1,32,1,0,1,1,1,0,0,1,1,0,94.8,3131.55,0,1,1,0,0,0,1,0,5,3,1,94.8,94.8,94.89545454545456,4.562262684976814,8.049602648334776,0
0,1,1,60,1,0,1,1,1,1,0,0,1,1,65.85,3928.3,0,1,0,0,0,0,0,1,5,4,0,65.85,0.0,64.3983606557377,4.202451303547952,8.276216571950236,0
0,1,0,10,1,0,0,0,0,0,0,0,0,1,19.95,187.75,0,0,0,1,0,0,0,1,1,1,0,0.0,0.0,17.068181818181817,3.0421386463681466,5.240423388129134,0
0,1,0,71,1,1,0,0,0,0,0,0,2,1,24.65,1710.15,0,0,0,1,0,0,0,1,2,4,0,49.3,0.0,23.752083333333335,3.2445435716167785,7.444920938079968,0
0,1,1,4,1,0,0,0,0,0,0,0,0,0,20.35,76.35,1,0,0,1,0,0,1,0,1,0,0,0.0,0.0,15.27,3.0610517396746335,4.348340577019075,1
1,0,0,1,1,0,0,0,0,0,0,0,0,1,69.25,69.25,1,0,1,0,0,1,0,0,1,0,0,0.0,69.25,34.625,4.2520603082138555,4.2520603082138555,1
0,1,1,43,0,0,1,1,0,1,1,0,1,1,51.25,2151.6,0,0,0,0,0,0,0,1,4,4,0,51.25,0.0,48.9,3.9560398908449206,7.674431692830198,0
0,1,0,59,1,1,0,0,1,0,1,1,1,1,99.5,5961.1,1,1,1,0,0,0,0,1,5,4,1,99.5,99.5,99.35166666666667,4.61015772749913,8.693178046992355,0
0,1,0,23,1,0,0,0,1,1,0,0,0,0,54.25,1221.55,0,0,0,0,0,1,0,0,3,2,0,0.0,0.0,50.89791666666667,4.0118683403978626,7.108694120308154,0
0,1,0,72,1,0,0,0,0,0,0,0,2,0,19.4,1496.45,0,0,0,1,0,0,0,1,1,4,0,38.8,0.0,20.49931506849315,3.0155349008501706,7.311518940450544,0
0,1,0,22,1,0,1,0,0,1,0,0,1,1,56.25,1292.2,0,1,0,0,1,0,0,1,3,2,0,56.25,0.0,56.18260869565218,4.047427642434349,7.164875045851278,0
0,0,0,1,0,0,0,0,0,0,0,0,0,1,25.15,25.15,0,0,0,0,0,0,1,0,0,0,0,0.0,0.0,12.575,3.263849190510932,3.263849190510932,1
0,0,0,69,1,1,0,0,0,0,0,0,2,0,23.95,1713.1,0,1,0,1,0,0,0,1,2,4,0,47.9,0.0,24.47285714285714,3.2168738221975275,7.446643440513011,0
0,0,0,50,0,0,1,0,0,1,0,0,1,1,35.4,1748.9,0,1,0,0,0,0,1,0,2,4,0,35.4,0.0,34.2921568627451,3.594568774642695,7.467313922427702,0
1,0,0,1,0,0,0,0,0,0,0,0,0,1,25.2,25.2,1,0,0,0,0,1,0,0,0,0,0,0.0,0.0,12.6,3.265759410767051,3.265759410767051,1
0,0,0,2,1,0,0,0,0,0,0,0,0,1,45.0,96.45,1,1,0,0,0,0,1,0,1,0,0,0.0,0.0,32.15,3.828641396489095,4.57933942595357,1
0,1,0,15,1,0,0,1,0,0,0,0,0,0,75.35,1114.55,0,0,1,0,0,0,0,1,2,2,0,0.0,75.35,69.659375,4.335328031664641,7.017102835817419,0
0,0,0,31,1,0,0,0,0,0,0,0,2,0,20.4,609.1,0,1,0,1,0,0,0,1,1,3,0,40.8,0.0,19.034375,3.0633909220278057,6.413622878157807,0
0,0,0,1,1,0,0,0,0,0,0,0,0,0,20.15,20.15,1,1,0,1,0,0,1,0,1,0,0,0.0,0.0,10.075,3.0516399054922867,3.0516399054922867,1
0,1,0,66,1,1,0,1,1,0,1,1,0,1,105.0,7133.25,1,1,1,0,1,0,0,1,6,4,1,0.0,105.0,106.46641791044776,4.663439094112067,8.872662408758712,0
0,1,1,0,0,0,1,1,1,1,1,0,2,0,56.05,0.0,0,0,0,0,1,0,0,1,5,0,0,112.1,0.0,0.0,4.0439280763080845,0.0,1
0,0,1,3,1,0,0,0,0,0,1,0,0,1,54.7,169.45,1,1,0,0,1,0,0,1,2,0,0,0.0,0.0,42.3625,4.019980146933238,5.138441998583912,1
0,0,0,8,1,0,0,0,0,0,0,0,2,0,20.0,141.6,0,0,0,1,0,0,1,0,1,1,0,40.0,0.0,15.733333333333333,3.044522437723423,4.960043507980195,0
0,1,1,64,1,0,1,0,1,0,1,1,1,1,73.05,4688.65,0,1,0,0,1,0,0,1,5,4,0,73.05,0.0,72.13307692307691,4.304740540713808,8.45311323178993,0
0,1,0,28,1,0,0,0,0,0,0,0,0,0,20.5,563.05,0,0,0,1,0,0,1,0,1,3,0,0.0,0.0,19.41551724137931,3.068052935133617,6.335142900050929,0
0,1,0,57,1,1,0,0,1,0,1,1,1,1,100.75,5985.0,0,0,1,0,1,0,0,1,5,4,1,100.75,100.75,103.1896551724138,4.622518824322705,8.697178688412643,0
0,1,1,14,1,1,0,0,1,0,0,1,0,1,87.25,1258.6,1,0,1,0,0,1,0,0,4,2,0,0.0,87.25,83.90666666666667,4.480173695813406,7.13854948922687,0
0,0,0,19,1,0,0,0,0,0,0,0,2,1,19.95,373.5,0,1,0,1,0,0,1,0,1,2,0,39.9,0.0,18.675,3.0421386463681466,5.925591802957274,0
0,1,0,10,1,0,0,0,0,0,1,0,0,1,79.95,857.2,1,1,1,0,0,1,0,0,2,1,0,0.0,79.95,77.92727272727274,4.393831680123644,6.7548371725574246,0
0,1,0,51,0,0,0,1,0,0,1,1,0,1,49.65,2553.35,0,0,0,0,0,1,0,0,3,4,0,0.0,0.0,49.10288461538461,3.9249392306946924,7.845553067140723,0
0,1,0,67,1,1,1,1,1,0,0,0,2,0,65.65,4322.85,0,0,0,0,0,0,1,0,5,4,0,131.3,0.0,63.57132352941177,4.199455046624718,8.371901488055626,0
0,1,1,11,1,0,0,0,0,0,0,0,0,1,20.45,250.8,0,1,0,1,0,1,0,0,1,1,0,0.0,0.0,20.900000000000002,3.065724645374026,5.528635121610247,0
0,1,1,72,0,0,1,0,1,1,1,1,2,0,60.95,4549.05,0,1,0,0,0,0,0,1,5,4,0,121.9,0.0,62.31575342465754,4.126327608075152,8.422893500895606,0
0,1,1,66,1,0,0,0,0,0,0,0,1,1,20.35,1359.5,0,1,0,1,0,1,0,0,1,4,0,20.35,0.0,20.291044776119403,3.0610517396746335,7.215607558223301,0
0,0,0,18,1,1,0,0,0,1,1,0,0,1,88.35,1639.3,1,0,1,0,0,1,0,0,4,2,0,0.0,88.35,86.27894736842104,4.492561241605437,7.40263443091844,0
0,0,0,9,1,0,0,0,0,0,0,0,0,1,19.5,178.85,0,0,0,1,0,1,0,0,1,1,0,0.0,0.0,17.884999999999998,3.0204248861443626,5.192123170141633,0
0,0,0,9,1,1,0,0,0,0,0,0,0,1,75.2,633.85,0,0,1,0,1,0,0,1,2,1,0,0.0,75.2,63.385000000000005,4.333361462692601,6.4533887505158,0
0,1,0,48,1,1,1,1,1,0,1,1,0,1,111.45,5315.1,0,1,1,0,0,0,0,1,7,4,1,0.0,111.45,108.47142857142858,4.722508678405324,8.578495230792402,0
0,0,0,10,1,0,0,0,0,0,0,0,0,0,70.15,735.5,0,1,1,0,0,0,1,0,1,1,0,0.0,70.15,66.86363636363636,4.264790324535862,6.601909235902685,0
0,0,0,9,1,1,0,0,0,0,1,1,0,1,94.75,889.9,1,0,1,0,0,1,0,0,4,1,1,0.0,94.75,88.99,4.561740628060756,6.792232187726598,0
1,0,0,13,1,1,0,0,0,0,1,1,0,1,95.05,1290.0,1,0,1,0,0,1,0,0,4,2,1,0.0,95.05,92.14285714285714,4.564868889214566,7.1631723908466425,0
0,0,0,4,1,1,0,1,0,0,0,0,0,0,78.45,330.05,1,1,1,0,0,1,0,0,3,0,0,0.0,78.45,66.01,4.375127892982725,5.802269421370855,1
0,0,0,4,1,0,0,0,0,0,0,0,0,1,70.2,237.95,1,1,1,0,0,1,0,0,1,0,0,0.0,70.2,47.589999999999996,4.26549281841793,5.4762543250241675,1
0,1,0,72,1,1,1,1,1,1,1,1,2,0,92.0,6474.4,0,0,0,0,0,0,0,1,8,4,1,184.0,0.0,88.69041095890411,4.532599493153256,8.775765660721452,0
0,1,1,51,1,0,1,1,1,1,1,1,2,0,85.5,4421.95,0,0,0,0,1,0,0,1,7,4,0,171.0,0.0,85.0375,4.460144413937834,8.394562173260002,0
0,1,0,59,0,0,0,1,0,0,0,1,0,1,41.05,2452.7,1,1,0,0,0,0,0,1,2,4,0,0.0,0.0,40.87833333333333,3.738859386418957,7.8053523684090385,0
0,1,0,10,1,1,0,0,0,0,1,0,0,1,85.6,813.85,1,1,1,0,0,1,0,0,3,1,0,0.0,85.6,73.98636363636363,4.461299815568389,6.703004047221998,0
1,1,0,61,1,1,0,1,0,0,0,0,0,1,82.15,4904.85,0,1,1,0,0,1,0,0,3,4,0,0.0,82.15,79.11048387096774,4.420646205638937,8.498183649544655,0
0,0,0,54,1,0,1,0,1,1,0,0,1,0,84.4,4484.05,0,1,1,0,0,1,0,0,4,4,0,84.4,84.4,81.52818181818182,4.447346100794524,8.408504922702773,0
0,0,0,33,1,1,1,1,0,0,0,0,0,1,60.9,2033.85,0,0,0,0,0,0,1,0,4,3,0,0.0,0.0,59.81911764705882,4.12552017969055,7.618177385086264,0
0,0,0,27,1,0,0,0,0,0,0,0,2,1,20.25,538.2,0,0,0,1,0,0,0,1,1,3,0,40.5,0.0,19.22142857142857,3.056356895370426,6.290086559598097,0
1,0,0,1,1,0,0,0,0,0,1,0,0,1,79.2,79.2,1,0,1,0,0,1,0,0,2,0,0,0.0,79.2,39.6,4.384523514872469,4.384523514872469,1
0,0,0,23,1,0,0,1,0,0,1,1,0,0,95.3,2192.9,0,1,1,0,0,0,1,0,4,2,1,0.0,95.3,91.37083333333334,4.56746831880408,7.693436060945015,0
0,0,1,1,1,0,0,0,0,0,0,0,0,0,19.85,19.85,0,1,0,1,0,0,1,0,1,0,0,0.0,0.0,9.925,3.0373539482448106,3.0373539482448106,1
0,1,1,45,1,0,1,1,1,1,1,1,2,1,84.35,3858.05,0,1,0,0,0,0,1,0,7,4,0,168.7,0.0,83.87065217391304,4.4467604492404496,8.25817631817822,0
0,1,1,39,1,0,0,0,0,0,0,0,2,1,19.85,854.8,0,0,0,1,0,0,0,1,1,4,0,39.7,0.0,21.369999999999997,3.0373539482448106,6.752036703982716,0
0,0,0,5,1,0,0,0,1,0,1,1,1,1,70.0,347.4,1,1,0,0,0,0,1,0,4,0,0,70.0,0.0,57.9,4.2626798770413155,5.853351244978348,1
0,1,1,72,1,1,1,1,1,1,1,0,2,0,82.3,5815.15,0,1,0,0,0,0,0,1,7,4,0,164.6,0.0,79.65958904109588,4.422448549172797,8.668393809802371,0
0,1,1,58,1,1,0,1,0,0,1,0,0,1,66.8,3970.4,0,0,0,0,0,0,0,1,4,4,0,0.0,0.0,67.2949152542373,4.216562194946349,8.286873956352933,0
0,0,0,70,0,0,1,1,1,1,0,0,2,1,44.6,3058.15,0,0,0,0,0,0,0,1,4,4,0,89.2,0.0,43.072535211267606,3.8199077165203406,8.025892378581256,0
0,1,1,61,1,0,0,1,0,1,1,1,1,1,98.45,6145.2,0,1,1,0,0,0,0,1,5,4,1,98.45,98.45,99.11612903225806,4.599655005299981,8.723589283651368,0
0,0,0,2,1,0,0,0,0,0,0,0,0,0,70.7,129.2,0,1,1,0,0,0,1,0,1,0,0,0.0,70.7,43.06666666666666,4.272490747605575,4.869071729774468,1
0,1,1,46,1,1,0,0,0,0,0,0,1,0,24.95,1165.9,0,0,0,1,0,0,1,0,2,4,0,24.95,0.0,24.806382978723406,3.2561716096118976,7.062105938812062,0
0,0,0,1,1,1,0,0,0,0,0,0,0,1,49.95,49.95,1,0,0,0,0,0,0,1,2,0,0,0.0,0.0,24.975,3.9308447596687337,3.9308447596687337,1
0,1,0,22,1,0,0,0,0,0,0,0,0,1,69.25,1554.0,1,0,1,0,0,1,0,0,1,2,0,0.0,69.25,67.56521739130434,4.2520603082138555,7.349230824613334,0
0,0,0,48,1,0,1,0,1,1,1,1,2,1,102.5,4904.25,0,0,1,0,1,0,0,1,6,4,1,205.0,102.5,100.08673469387755,4.639571612705423,8.49806133910021,0
0,0,0,64,1,1,0,1,1,1,1,1,2,0,86.55,5632.55,0,1,0,0,1,0,0,1,7,4,0,173.1,0.0,86.65461538461538,4.472210058731861,8.63649507304189,0
0,1,1,72,1,1,0,0,0,0,0,0,2,0,24.3,1643.25,0,1,0,1,0,0,0,1,2,4,0,48.6,0.0,22.51027397260274,3.2308043957334744,7.40503963218146,0
0,1,1,12,1,0,0,0,1,0,1,0,0,1,58.35,740.55,0,0,0,0,1,0,0,1,3,1,0,0.0,0.0,56.965384615384615,4.083452121055677,6.608742590187972,0
1,1,0,34,1,1,0,1,1,0,0,1,0,1,94.25,3217.55,1,0,1,0,0,1,0,0,5,3,1,0.0,94.25,91.93,4.55650501400681,8.0766862265592,0
0,1,1,72,1,0,1,1,1,0,0,1,2,0,68.75,4888.2,0,0,0,0,1,0,0,1,5,4,0,137.5,0.0,66.96164383561644,4.244917420701475,8.494783969903107,0
0,1,0,29,1,1,0,1,1,0,0,0,0,1,85.8,2440.25,0,1,1,0,0,1,0,0,4,3,0,0.0,85.8,81.34166666666667,4.463606621666305,7.8002654821908886,0
0,1,1,33,1,0,0,0,0,0,0,0,1,0,20.1,620.55,0,1,0,1,1,0,0,1,1,3,0,20.1,0.0,18.251470588235293,3.0492730404820207,6.432216358237724,0
0,0,0,1,1,0,0,0,0,0,0,0,0,0,20.35,20.35,0,0,0,1,0,0,1,0,1,0,0,0.0,0.0,10.175,3.0610517396746335,3.0610517396746335,1
0,1,1,62,1,1,0,1,1,1,1,1,1,1,110.8,6840.95,0,0,1,0,0,1,0,0,7,4,1,110.8,110.8,108.58650793650793,4.716711560720999,8.830828057706112,0
0,1,0,41,1,1,0,0,1,0,1,1,1,1,73.0,3001.2,1,1,0,0,0,1,0,0,5,4,0,73.0,0.0,71.45714285714286,4.30406509320417,8.007100632226075,0
0,0,0,64,1,1,0,0,1,0,1,1,1,1,100.05,6254.2,1,0,1,0,1,0,0,1,5,4,1,100.05,100.05,96.21846153846154,4.61561544384963,8.741168396810304,0
0,0,0,4,1,0,0,0,1,0,0,1,0,1,82.85,319.6,0,0,1,0,1,0,0,1,3,0,0,0.0,82.85,63.92,4.429029488269218,5.770194240175453,1
0,0,0,24,1,1,1,0,0,1,0,0,0,1,84.35,1938.05,0,0,1,0,0,1,0,0,4,2,0,0.0,84.35,77.52199999999999,4.4467604492404496,7.5699534413980665,0
0,1,1,14,1,0,0,0,0,0,0,0,1,0,19.55,294.5,0,0,0,1,0,0,1,0,1,2,0,19.55,0.0,19.633333333333333,3.022860940942244,5.688668836846153,0
0,0,1,3,1,0,0,0,0,0,0,0,0,0,19.95,58.3,0,1,0,1,0,0,1,0,1,0,0,0.0,0.0,14.575,3.0421386463681466,4.08260930600368,1
1,0,0,4,1,0,0,1,1,0,1,1,0,1,99.8,442.85,1,0,1,0,1,0,0,1,5,0,1,0.0,99.8,88.57000000000001,4.613138355637268,6.095486667514328,1
0,0,1,18,0,0,0,0,0,0,0,1,0,1,35.0,553.0,1,0,0,0,0,1,0,0,1,2,0,0.0,0.0,29.105263157894736,3.58351893845611,6.317164686747284,0
0,0,0,8,1,0,0,0,0,0,1,1,0,1,66.25,546.45,0,1,0,0,0,1,0,0,3,1,0,0.0,0.0,60.71666666666667,4.208417018481948,6.305271133319434,0
0,0,0,35,1,1,0,0,0,0,0,0,2,0,23.3,797.1,0,0,0,1,0,0,0,1,2,3,0,46.6,0.0,22.141666666666666,3.190476350346503,6.682233902881963,0
0,0,0,1,1,1,0,0,0,0,0,0,0,0,76.0,76.0,1,0,1,0,0,1,0,0,2,0,0,0.0,76.0,38.0,4.343805421853684,4.343805421853684,1
0,0,1,66,1,1,0,0,0,0,0,0,2,1,25.3,1673.8,0,1,0,1,1,0,0,1,2,4,0,50.6,0.0,24.982089552238804,3.269568939183719,7.423449034144988,0
0,0,1,8,0,0,1,0,0,1,0,1,2,1,44.55,343.45,0,1,0,0,0,0,1,0,3,1,0,89.1,0.0,38.16111111111111,3.8188106237059674,5.841948942039205,0
0,1,0,71,1,1,1,0,1,0,1,1,1,1,104.1,7412.25,0,0,1,0,1,0,0,1,6,4,1,104.1,104.1,102.94791666666667,4.6549122778829055,8.911024218626034,0
0,1,1,43,1,1,0,0,1,0,0,1,0,1,92.55,4039.0,0,0,1,0,0,0,0,1,4,4,1,0.0,92.55,91.79545454545455,4.538496052720099,8.303999970955196,0
1,0,0,2,1,1,0,0,0,0,1,1,0,1,93.85,170.85,1,0,1,0,0,1,0,0,4,0,1,0.0,93.85,56.949999999999996,4.552296696381023,5.1466220032958425,1
1,0,0,29,1,0,0,1,1,0,1,1,0,1,101.45,2948.6,0,1,1,0,0,0,0,1,5,3,1,0.0,101.45,98.28666666666666,4.629374874684909,7.989424846919935,0
0,1,0,15,1,0,0,0,1,0,1,0,0,1,84.3,1308.4,1,0,1,0,0,1,0,0,3,2,0,0.0,84.3,81.775,4.446174454497633,7.177324296006991,0
0,1,1,65,1,1,1,1,1,1,0,0,2,0,94.55,6078.75,0,1,1,0,1,0,0,1,6,4,1,189.1,94.55,92.10227272727273,4.559649670686282,8.712718855693774,0
0,0,0,35,1,1,0,0,1,1,1,0,0,0,95.5,3418.2,0,1,1,0,0,1,0,0,5,3,1,0.0,95.5,94.94999999999999,4.56954300834494,8.137161884564883,0
0,0,0,64,1,0,1,1,0,0,1,1,1,1,100.3,6603.8,0,1,1,0,1,0,0,1,5,4,1,100.3,100.3,101.59692307692308,4.618086411254637,8.795551936407135,0
0,1,1,58,0,0,0,0,1,1,1,1,2,1,55.5,3166.9,0,0,0,0,1,0,0,1,4,4,0,111.0,0.0,53.67627118644068,4.034240638152395,8.060824186779545,0
1,0,0,18,1,0,0,1,0,0,0,0,0,1,49.85,865.75,0,0,0,0,1,0,0,1,2,2,0,0.0,0.0,45.56578947368421,3.928880122494569,6.764750584565133,0
0,1,1,67,1,1,0,1,0,0,0,1,0,1,89.55,6373.1,0,1,1,0,0,0,0,1,4,4,0,0.0,89.55,93.72205882352942,4.505902184329423,8.759998183589703,0
0,1,1,63,1,0,0,0,0,0,0,0,2,1,19.15,1177.05,0,1,0,1,0,0,1,0,1,4,0,38.3,0.0,18.39140625,3.0032042883926917,7.071615808132508,0
0,1,0,60,1,1,0,1,0,0,1,1,0,1,99.8,5985.75,0,0,1,0,0,1,0,0,5,4,1,0.0,99.8,98.12704918032787,4.613138355637268,8.697303972913028,0
1,0,0,9,1,1,0,0,0,0,0,1,0,1,84.4,732.5,1,1,1,0,1,0,0,1,3,1,0,0.0,84.4,73.25,4.447346100794524,6.597827597583036,0
0,1,1,70,1,1,1,1,1,1,1,1,2,1,113.05,7869.05,0,0,1,0,1,0,0,1,8,4,1,226.1,113.05,110.83169014084507,4.736636948730397,8.97081969463142,0
0,1,0,15,1,1,0,0,1,0,1,1,0,1,101.1,1504.05,1,1,1,0,0,1,0,0,5,2,1,0.0,101.1,94.003125,4.625952725170619,7.31658139922248,0
0,0,1,48,1,0,0,0,0,0,0,0,1,0,19.95,936.7,0,0,0,1,0,0,1,0,1,4,0,19.95,0.0,19.116326530612245,3.0421386463681466,6.8434300684255795,0
0,1,0,12,1,0,0,0,1,1,1,1,0,1,74.15,741.4,0,1,0,0,0,1,0,0,5,1,0,0.0,0.0,57.03076923076923,4.319486116198983,6.609888181471991,0
1,1,0,71,1,1,1,1,1,1,0,0,1,1,92.0,6585.2,0,1,1,0,0,1,0,0,6,4,1,92.0,92.0,91.46111111111111,4.532599493153256,8.792731829921326,0
1,0,0,44,1,0,0,0,1,0,0,0,0,0,73.85,3122.4,0,1,1,0,0,1,0,0,2,4,0,0.0,73.85,69.38666666666667,4.3154861108656375,8.046677431053746,0
0,0,0,1,1,1,0,0,0,0,0,0,0,1,50.45,50.45,1,1,0,0,0,1,0,0,2,0,0,0.0,0.0,25.225,3.9406104622800586,3.9406104622800586,1
0,1,1,45,1,1,0,0,0,0,0,0,2,0,24.45,1088.25,0,1,0,1,0,0,1,0,2,4,0,48.9,0.0,23.657608695652176,3.2367157429965316,6.993244664997552,0
0,0,0,23,1,1,0,0,0,0,0,0,1,0,24.8,615.35,0,0,0,1,1,0,0,1,2,2,0,24.8,0.0,25.639583333333334,3.250374491927572,6.423814983997529,0
0,1,0,43,1,1,0,0,0,1,1,0,1,1,64.85,2908.2,0,0,0,0,0,0,0,1,4,4,0,64.85,0.0,66.09545454545454,4.18737942818929,7.975633408280386,0
0,0,0,35,1,0,0,0,0,0,0,0,0,0,20.75,739.9,0,1,0,1,0,0,0,1,1,3,0,0.0,0.0,20.552777777777777,3.079613757534693,6.607865663422611,0
0,1,0,9,1,0,1,1,0,1,1,0,0,1,68.95,593.85,0,1,0,0,0,0,1,0,5,1,0,0.0,0.0,59.385000000000005,4.24778070111149,6.388309272922535,0
0,0,0,12,1,1,0,0,0,1,1,1,0,1,99.95,1132.75,1,1,1,0,0,0,1,0,5,1,1,0.0,99.95,87.13461538461539,4.614625344758847,7.033286001429347,0
1,1,0,65,1,1,1,1,1,0,1,1,0,1,109.4,7227.45,0,0,1,0,1,0,0,1,7,4,1,0.0,109.4,109.50681818181818,4.704110133842995,8.885779907660176,0
0,0,0,2,1,1,0,0,1,0,1,0,0,1,91.4,193.6,1,0,1,0,0,1,0,0,4,0,1,0.0,91.4,64.53333333333333,4.526126978647638,5.270946169751904,1
0,0,0,27,1,1,0,0,0,0,0,0,0,0,49.0,1291.35,0,1,0,0,0,0,1,0,2,3,0,0.0,0.0,46.11964285714286,3.912023005428146,7.164217545489172,0
0,0,0,40,1,0,0,0,1,0,0,0,1,1,50.25,2023.55,0,0,0,0,0,0,1,0,2,4,0,50.25,0.0,49.354878048780485,3.9367156180185177,7.613102732623401,0
1,0,0,5,1,0,0,0,1,0,0,0,0,1,75.55,349.65,1,0,1,0,1,0,0,1,2,0,0,0.0,75.55,58.275,4.337944122103693,5.859788574982919,1
0,1,1,8,1,0,0,0,0,0,0,0,1,0,19.9,153.95,0,1,0,1,1,0,0,1,1,1,0,19.9,0.0,17.105555555555554,3.039749158970765,5.043102484233757,0
1,1,0,58,1,1,0,1,0,0,1,1,1,1,97.8,5458.8,0,0,1,0,0,0,0,1,5,4,1,97.8,97.8,92.52203389830508,4.593097604753822,8.605167438031424,0
0,1,1,52,1,0,1,0,1,0,1,1,1,0,100.3,5244.45,0,0,1,0,0,1,0,0,5,4,1,100.3,100.3,98.95188679245283,4.618086411254637,8.565116313146317,0
0,1,0,3,1,0,0,0,1,1,0,0,0,1,55.8,154.55,0,1,0,0,0,0,1,0,3,0,0,0.0,0.0,38.6375,4.039536325727106,5.046967223343646,1
0,0,1,41,1,0,1,1,1,1,1,1,2,1,111.15,4507.15,0,1,1,0,0,1,0,0,7,4,1,222.3,111.15,107.31309523809523,4.719837260966218,8.41364214878533,0
0,0,0,20,1,1,0,0,0,1,1,1,0,1,98.55,2031.95,0,1,1,0,0,0,1,0,5,2,1,0.0,98.55,96.75952380952381,4.6006600305102054,7.617243219130135,0
0,0,1,1,1,1,0,0,0,0,0,0,0,1,50.05,50.05,0,1,0,0,0,1,0,0,2,0,0,0.0,0.0,25.025,3.9328055446106744,3.9328055446106744,1
0,0,1,4,1,1,0,0,0,1,0,0,0,0,80.8,332.45,1,1,1,0,1,0,0,1,3,0,0,0.0,80.8,66.49,4.404277243608702,5.809492929078315,1
0,0,0,23,1,0,0,0,0,0,0,0,0,0,20.85,473.9,0,1,0,1,0,1,0,0,1,2,0,0.0,0.0,19.745833333333334,3.084200921541599,6.163104255555076,0
1,0,0,6,1,0,0,0,0,0,0,0,0,0,19.5,106.8,0,0,0,1,0,0,0,1,1,0,0,0.0,0.0,15.257142857142856,3.0204248861443626,4.680277658474897,1
0,1,1,8,1,0,0,0,0,0,0,0,0,1,19.35,152.6,0,1,0,1,0,0,1,0,1,1,0,0.0,0.0,16.955555555555556,3.013080911888604,5.034351820713572,0
0,0,0,18,1,1,1,0,1,0,1,0,0,0,69.5,1199.4,0,1,0,0,0,0,1,0,5,2,0,0.0,0.0,63.126315789473686,4.255612709818223,7.090410113566212,0
1,0,0,52,0,0,1,0,0,0,1,1,0,1,48.8,2555.05,0,1,0,0,1,0,0,1,3,4,0,0.0,0.0,48.20849056603774,3.9080149840306073,7.846218377121432,0
0,0,0,31,1,0,0,1,0,0,1,1,0,1,94.5,2979.2,0,1,1,0,0,1,0,0,4,3,1,0.0,94.5,93.1,4.5591262474866845,7.99974569134136,0
0,1,1,29,1,0,0,0,0,0,0,0,0,1,20.65,654.85,0,1,0,1,0,0,1,0,1,3,0,0.0,0.0,21.828333333333333,3.075005454448499,6.485932104261154,0
0,1,0,36,1,1,1,1,1,1,0,1,2,1,106.05,3834.4,0,0,1,0,1,0,0,1,7,3,1,212.1,106.05,103.63243243243244,4.6732960150356915,8.252029010839415,0
0,1,0,16,1,1,0,1,0,0,1,1,0,1,100.0,1534.75,1,0,1,0,0,1,0,0,5,2,1,0.0,100.0,90.27941176470588,4.61512051684126,7.336774140044037,0
0,1,0,42,1,1,0,0,1,1,1,1,1,1,108.3,4586.15,0,1,1,0,0,1,0,0,6,4,1,108.3,108.3,106.65465116279069,4.694096395182493,8.43101419517434,0
0,0,0,1,1,0,0,0,0,0,0,0,0,0,20.55,20.55,1,1,0,1,0,1,0,0,1,0,0,0.0,0.0,10.275,3.070375816549757,3.070375816549757,1
0,0,0,60,1,0,0,1,1,0,1,1,2,1,99.65,5941.05,0,0,1,0,0,1,0,0,5,4,1,199.3,99.65,97.39426229508197,4.611649152085801,8.689809470662343,0
0,0,0,5,1,1,0,1,1,0,0,0,0,1,85.3,424.15,1,1,1,0,0,1,0,0,4,0,0,0.0,85.3,70.69166666666666,4.457829598089382,6.052442047831802,1
0,1,0,22,1,1,1,0,0,1,1,0,0,0,95.9,2234.95,0,1,1,0,1,0,0,1,5,2,1,0.0,95.9,97.17173913043477,4.5736795188967205,7.7124214726654,0
0,1,0,36,1,0,0,0,0,0,0,0,1,0,20.0,666.75,0,1,0,1,0,0,1,0,1,3,0,20.0,0.0,18.02027027027027,3.044522437723423,6.50391385199007,0
0,0,0,4,1,0,0,0,0,0,0,0,0,0,70.4,281.0,1,0,1,0,0,1,0,0,1,0,0,0.0,70.4,56.2,4.268297869345539,5.641907070938114,1
0,0,0,9,1,0,1,0,0,1,0,1,0,0,64.95,547.8,0,1,0,0,0,0,1,0,4,1,0,0.0,0.0,54.779999999999994,4.188896879163323,6.307734076411675,0
0,1,1,1,1,0,0,1,0,0,0,0,0,0,74.6,74.6,0,1,1,0,1,0,0,1,2,0,0,0.0,74.6,37.3,4.3254562831854875,4.3254562831854875,1
0,1,1,12,1,0,1,0,0,0,0,0,0,1,49.2,571.15,0,1,0,0,0,1,0,0,2,1,0,0.0,0.0,43.934615384615384,3.9160150266976834,6.349401194763724,0
0,0,0,23,1,1,0,0,0,1,1,1,1,1,73.75,1756.6,0,0,0,0,0,0,1,0,5,2,0,73.75,0.0,73.19166666666666,4.314149212270796,7.4717045210704,0
0,0,0,62,1,1,1,1,0,0,0,1,1,1,92.3,5731.45,0,1,1,0,0,0,0,1,5,4,1,92.3,92.3,90.97539682539683,4.535820107853298,8.653898292496027,0
0,0,0,37,1,1,0,0,0,1,1,1,0,0,98.8,3475.55,1,1,1,0,0,0,0,1,5,4,1,0.0,98.8,91.46184210526316,4.603168183317418,8.153795701716678,0
0,0,0,8,1,0,0,0,0,0,0,0,0,0,19.2,156.85,0,0,0,1,0,0,1,0,1,1,0,0.0,0.0,17.427777777777777,3.005682604407159,5.061645215004001,0
0,1,0,31,1,1,0,0,1,0,1,0,0,0,88.65,2683.2,0,1,1,0,1,0,0,1,4,3,0,0.0,88.65,83.85,4.495913200051142,7.895138010963706,0
0,1,1,13,1,1,0,0,0,0,0,0,0,1,74.4,896.75,1,1,1,0,1,0,0,1,2,2,0,0.0,74.4,64.05357142857143,4.32280727501391,6.799891633106192,0
0,0,0,24,1,1,0,0,1,0,1,1,0,1,98.75,2407.3,1,0,1,0,0,1,0,0,5,2,1,0.0,98.75,96.292,4.602667055769973,7.786676383386288,0
0,1,1,45,1,1,0,1,1,0,0,1,0,1,95.95,4456.65,0,1,1,0,0,0,0,1,5,4,1,0.0,95.95,96.8836956521739,4.574195381688661,8.402377000320856,0
1,1,0,69,1,1,0,1,0,1,1,1,2,0,105.4,6998.95,0,0,1,0,1,0,0,1,6,4,1,210.8,105.4,99.985,4.667205576907544,8.853658285154797,0
0,0,0,2,1,0,0,0,0,0,0,0,0,0,20.25,36.8,0,1,0,1,0,0,1,0,1,0,0,0.0,0.0,12.266666666666666,3.056356895370426,3.632309102625542,1
0,1,1,61,1,1,1,1,0,0,1,1,1,1,106.0,6547.7,1,1,1,0,0,1,0,0,6,4,1,106.0,106.0,105.60806451612903,4.672828834461906,8.787021835648426,0
0,0,0,41,1,1,0,1,1,0,1,1,0,1,104.7,4346.4,1,1,1,0,0,1,0,0,6,4,1,0.0,104.7,103.48571428571428,4.660604892876192,8.377333244238764,0
0,0,0,44,0,0,0,0,1,0,1,1,1,1,49.05,2265.0,0,0,0,0,0,1,0,0,3,4,0,49.05,0.0,50.333333333333336,3.9130225057612296,7.725771441587952,0
0,0,0,39,0,0,0,0,1,1,0,0,1,0,35.55,1309.15,0,1,0,0,0,0,1,0,2,4,0,35.55,0.0,32.728750000000005,3.5986811861957873,7.177896913456929,0
0,1,1,72,0,0,1,1,1,1,1,1,2,1,65.1,4754.3,0,1,0,0,1,0,0,1,6,4,0,130.2,0.0,65.12739726027398,4.191168746857641,8.467015064471957,0
1,0,0,13,1,0,0,0,1,0,1,1,0,1,96.85,1235.55,0,0,1,0,0,1,0,0,4,2,1,0.0,96.85,88.25357142857142,4.583435693842085,7.1200805228604676,0
0,1,1,51,1,0,1,1,0,1,0,1,1,1,69.75,3562.5,0,0,0,0,1,0,0,1,5,4,0,69.75,0.0,68.50961538461539,4.259152536523347,8.178498486941926,0
1,1,0,71,1,0,0,1,1,0,1,1,2,1,99.2,7213.75,0,0,1,0,0,1,0,0,5,4,1,198.4,99.2,100.19097222222223,4.607168188650764,8.883882820572994,0
1,0,0,22,1,1,0,0,0,0,1,1,0,1,96.7,2082.95,1,1,1,0,0,1,0,0,4,2,1,0.0,96.7,90.56304347826087,4.581901559048737,7.6420204102629805,0
0,0,0,2,1,0,0,1,0,1,0,0,0,1,55.05,102.75,1,0,0,0,1,0,0,1,3,0,0,0.0,0.0,34.25,4.026244149518169,4.641984159110808,1
0,0,0,56,1,1,0,1,1,0,1,1,1,1,106.8,5914.4,0,0,1,0,0,1,0,0,6,4,1,106.8,106.8,103.76140350877192,4.680277658474897,8.68531439880905,0
0,0,0,1,1,0,1,0,0,0,0,0,0,0,51.25,51.25,0,1,0,0,0,0,1,0,2,0,0,0.0,0.0,25.625,3.9560398908449206,3.9560398908449206,1
0,1,1,23,1,0,1,1,0,1,0,0,1,1,57.75,1282.85,0,0,0,0,0,0,1,0,4,2,0,57.75,0.0,53.45208333333333,4.073291153024268,7.157618654995728,0
1,1,0,66,1,1,0,1,1,0,1,0,1,1,70.85,4738.85,0,0,0,0,0,0,0,1,5,4,0,70.85,0.0,70.72910447761194,4.274580612525034,8.463760768618771,0
0,0,0,1,1,0,0,0,0,0,0,0,0,0,19.55,19.55,0,0,0,1,0,0,1,0,1,0,0,0.0,0.0,9.775,3.022860940942244,3.022860940942244,1
1,0,0,19,1,1,0,1,0,0,1,0,0,1,88.2,1775.8,1,1,1,0,0,1,0,0,4,2,0,0.0,88.2,88.78999999999999,4.490881039585964,7.482569272580218,0
0,0,0,11,1,0,1,0,1,0,0,0,0,1,79.5,795.65,0,1,1,0,0,0,0,1,3,1,0,0.0,79.5,66.30416666666666,4.388257184424518,6.680415435536518,0
0,1,1,8,1,0,0,0,0,0,0,0,1,1,19.75,145.0,1,0,0,1,0,0,1,0,1,1,0,19.75,0.0,16.11111111111111,3.0325462466767075,4.983606621708336,0
0,1,1,52,1,1,1,1,1,0,0,1,0,0,98.15,4993.4,0,0,1,0,0,0,0,1,6,4,1,0.0,98.15,94.21509433962264,4.5966338549658055,8.516072563747533,0
0,0,0,3,1,0,0,0,0,0,0,0,0,1,20.25,61.45,0,1,0,1,0,1,0,0,1,0,0,0.0,0.0,15.3625,3.056356895370426,4.134366236571586,1
0,1,1,51,1,0,1,1,0,0,0,0,0,1,79.15,4018.55,0,0,1,0,0,0,0,1,3,4,0,0.0,79.15,77.2798076923077,4.383899879055562,8.298925235048776,0
1,0,0,15,1,1,0,0,0,0,0,0,0,0,75.65,1146.65,1,1,1,0,0,1,0,0,2,2,0,0.0,75.65,71.665625,4.339249605317823,7.045471652345971,0
1,1,0,64,1,1,0,1,1,0,0,1,0,1,94.25,6081.4,0,1,1,0,0,1,0,0,5,4,1,0.0,94.25,93.55999999999999,4.55650501400681,8.713154633914227,0
0,0,0,37,0,0,0,0,1,0,0,1,0,1,40.2,1478.85,0,0,0,0,1,0,0,1,2,4,0,0.0,0.0,38.91710526315789,3.7184382563554808,7.299696010270414,0
0,0,0,13,1,0,0,0,0,0,0,0,2,0,19.95,243.65,0,1,0,1,0,0,1,0,1,2,0,39.9,0.0,17.40357142857143,3.0421386463681466,5.499828617735132,0
0,1,0,49,1,1,1,0,0,0,0,0,1,1,55.35,2633.95,0,1,0,0,0,1,0,0,3,4,0,55.35,0.0,52.678999999999995,4.031582240485785,7.87661948546336,0
1,0,0,45,1,1,0,0,1,0,1,1,1,1,102.15,4735.35,0,0,1,0,0,0,0,1,5,4,1,102.15,102.15,102.94239130434784,4.636184239517261,8.463022075860248,0
0,0,0,18,1,0,0,0,0,0,0,0,0,1,71.1,1247.75,0,0,1,0,0,1,0,0,1,2,0,0.0,71.1,65.67105263157895,4.278054044290903,7.129898329962764,0
1,0,0,1,1,1,0,0,0,0,0,0,0,1,74.7,74.7,1,1,1,0,0,1,0,0,2,0,0,0.0,74.7,37.35,4.3267781604434035,4.3267781604434035,1
0,1,0,68,0,0,1,0,1,0,1,1,2,1,54.1,3794.5,0,1,0,0,0,0,0,1,4,4,0,108.2,0.0,54.992753623188406,4.009149716158869,8.241571433456823,0
0,0,0,54,1,0,0,0,0,0,0,0,2,0,19.65,1008.7,0,1,0,1,1,0,0,1,1,4,0,39.3,0.0,18.34,3.027715319407042,6.917408536010275,0
1,1,1,23,1,0,0,1,1,0,0,1,0,1,88.45,2130.55,0,0,1,0,0,0,0,1,4,2,0,0.0,88.45,88.77291666666667,4.493679809954728,7.664604693589064,0
0,0,0,17,1,0,0,0,1,0,0,0,0,1,76.65,1313.55,1,1,1,0,0,1,0,0,2,2,0,0.0,76.65,72.975,4.3522115495946965,7.181249680723068,0
0,1,0,71,1,1,1,1,1,1,0,1,2,0,80.4,5727.15,0,1,0,0,1,0,0,1,7,4,0,160.8,0.0,79.54374999999999,4.399375273008495,8.653147895448441,0
0,1,1,67,1,0,0,0,0,0,0,0,2,1,19.25,1372.9,0,0,0,1,0,0,0,1,1,4,0,38.5,0.0,20.189705882352943,3.0081547935525483,7.225408689929902,0
0,1,1,14,1,1,0,0,0,0,1,0,0,1,84.8,1203.9,0,0,1,0,0,1,0,0,3,2,0,0.0,84.8,80.26,4.4520190064939165,7.094151854929231,0
1,0,0,1,0,0,0,0,0,0,0,0,0,1,25.8,25.8,1,0,0,0,0,0,1,0,0,0,0,0.0,0.0,12.9,3.288401887516811,3.288401887516811,1
0,0,1,63,1,0,0,0,0,0,0,0,2,0,19.5,1215.1,0,0,0,1,1,0,0,1,1,4,0,39.0,0.0,18.9859375,3.0204248861443626,7.103404295986953,0
0,0,0,41,1,1,0,0,1,1,0,1,1,1,68.6,2877.05,0,0,0,0,0,1,0,0,5,4,0,68.6,0.0,68.50119047619049,4.242764567340374,7.964868260472218,0
0,1,0,17,1,1,0,0,0,0,1,1,0,0,92.6,1579.7,0,0,1,0,0,1,0,0,4,2,1,0.0,92.6,87.76111111111112,4.539030383483547,7.36562306588335,0
0,1,0,56,1,1,1,0,0,0,1,1,1,1,100.55,5514.95,0,1,1,0,0,1,0,0,5,4,1,100.55,100.55,96.75350877192982,4.620551288026394,8.615399174332588,0
0,0,0,5,1,0,0,0,0,0,0,0,0,0,20.55,96.1,0,0,0,1,1,0,0,1,1,0,0,0.0,0.0,16.016666666666666,3.070375816549757,4.575741375297279,1
0,0,0,2,0,0,1,1,0,0,0,1,0,1,42.6,72.4,1,0,0,0,0,1,0,0,3,0,0,0.0,0.0,24.133333333333336,3.775057150354989,4.29592393562047,1
0,1,0,3,1,0,0,0,0,0,0,0,0,1,19.6,55.25,0,0,0,1,0,0,1,0,1,0,0,0.0,0.0,13.8125,3.0252910757955354,4.029806041084529,1
0,0,0,37,1,1,1,1,1,1,0,0,1,0,67.45,2443.3,0,1,0,0,0,1,0,0,6,4,0,67.45,0.0,64.29736842105264,4.226103551734458,7.801514062349206,0
0,0,0,29,1,0,1,1,1,0,0,1,0,1,68.85,1970.5,1,0,0,0,0,0,0,1,5,3,0,0.0,0.0,65.68333333333334,4.246350085702971,7.5865499533176814,0
0,0,0,8,1,0,0,0,0,0,0,0,0,0,43.55,335.4,0,1,0,0,0,0,1,0,1,1,0,0.0,0.0,37.266666666666666,3.796612153916818,5.818300928098793,0
0,0,0,63,1,1,0,1,1,1,1,1,0,1,109.85,7002.95,0,0,1,0,1,0,0,1,7,4,1,0.0,109.85,109.42109375,4.70817793606232,8.85422955460242,0
0,1,1,7,1,0,0,0,0,0,0,0,0,0,20.65,158.95,0,0,0,1,0,0,1,0,1,1,0,0.0,0.0,19.86875,3.075005454448499,5.074861266395527,0
0,0,0,3,1,0,0,1,0,0,1,1,0,0,95.4,293.15,0,0,1,0,0,1,0,0,4,0,1,0.0,95.4,73.2875,4.5685062016165,5.684089841310465,1
0,1,1,72,1,0,0,0,0,0,0,0,2,0,21.0,1493.75,0,1,0,1,0,0,0,1,1,4,0,42.0,0.0,20.46232876712329,3.091042453358316,7.309714247761014,0
0,0,0,19,1,0,0,0,0,0,0,1,0,1,56.2,1093.4,0,0,0,0,0,1,0,0,2,2,0,0.0,0.0,54.67,4.046553898385752,6.997961546868286,0
0,1,0,59,1,0,0,0,0,0,0,0,2,0,18.4,1057.85,0,0,0,1,0,0,0,1,1,4,0,36.8,0.0,17.63083333333333,2.9652730660692823,6.964938692509591,0
0,1,1,2,1,0,0,0,1,1,0,1,0,0,90.0,190.05,1,1,1,0,1,0,0,1,4,0,1,0.0,90.0,63.35,4.51085950651685,5.252535173892909,1
0,1,1,35,1,1,0,0,0,0,0,0,0,1,25.75,882.55,0,0,0,1,0,1,0,0,2,3,0,0.0,0.0,24.515277777777776,3.2865344733420154,6.783947883254065,0
0,0,0,14,1,0,0,0,0,0,0,0,0,0,19.6,300.4,0,1,0,1,1,0,0,1,1,2,0,0.0,0.0,20.026666666666664,3.0252910757955354,5.708438286192395,0
0,0,0,14,1,0,0,0,1,0,0,0,0,0,75.35,1025.95,1,0,1,0,0,1,0,0,2,2,0,0.0,75.35,68.39666666666668,4.335328031664641,6.934348523251658,0
0,1,1,69,1,0,0,0,0,0,0,0,2,0,19.8,1436.95,0,0,0,1,1,0,0,1,1,4,0,39.6,0.0,20.527857142857144,3.0349529867072724,7.27097376716188,0
1,1,0,7,1,1,1,1,0,1,0,0,0,0,64.2,475.0,0,1,0,0,0,1,0,0,5,1,0,0.0,0.0,59.375,4.177459468932607,6.16541785423142,0
0,1,1,69,1,0,1,1,1,1,1,0,2,1,75.75,5388.15,0,1,0,0,0,0,0,1,6,4,0,151.5,0.0,76.97357142857142,4.340553386467307,8.592142952023764,0
0,1,1,72,1,1,0,1,0,1,1,1,2,1,78.95,5730.15,0,0,0,0,0,1,0,0,6,4,0,157.9,0.0,78.49520547945205,4.381401439279963,8.653671487651899,0
0,0,0,8,1,1,0,1,0,0,1,1,0,0,100.85,819.55,1,1,1,0,0,1,0,0,5,1,1,0.0,100.85,91.0611111111111,4.623501142672815,6.709974847125637,0
0,1,1,4,1,0,1,0,0,0,0,0,0,0,50.3,217.1,0,0,0,0,0,1,0,0,2,0,0,0.0,0.0,43.42,3.937690752176724,5.384953673207583,1
0,1,1,63,1,0,0,1,1,0,0,0,0,1,80.3,4896.35,0,1,1,0,1,0,0,1,3,4,0,0.0,80.3,76.50546875,4.398146016553765,8.49644952147829,0
0,0,0,72,1,0,0,0,0,0,0,0,2,0,19.85,1434.1,0,1,0,1,0,0,0,1,1,4,0,39.7,0.0,19.645205479452052,3.0373539482448106,7.268989812176886,0
0,0,0,46,1,0,0,0,0,0,0,0,2,1,21.1,937.1,0,0,0,1,0,1,0,0,1,4,0,42.2,0.0,19.938297872340424,3.095577608523707,6.843856553131905,0
0,1,0,5,1,0,0,0,0,0,0,0,0,0,69.95,330.15,1,0,1,0,0,1,0,0,1,0,0,0.0,69.95,55.025,4.261975403606051,5.802571444930988,1
0,1,0,30,1,0,0,0,1,0,0,0,0,1,50.0,1474.9,0,1,0,0,0,0,1,0,2,3,0,0.0,0.0,47.57741935483871,3.9318256327243257,7.2970232521877305,0
0,0,0,63,1,1,0,1,1,0,1,1,2,1,104.75,6536.5,0,1,1,0,0,0,0,1,6,4,1,209.5,104.75,102.1328125,4.661077817926388,8.785310108373178,0
0,0,0,60,1,0,0,0,0,0,0,0,2,0,19.85,1128.1,0,0,0,1,0,0,0,1,1,4,0,39.7,0.0,18.49344262295082,3.0373539482448106,7.029176134186477,0
0,1,0,63,1,1,0,1,1,0,1,1,1,1,107.5,6873.75,1,0,1,0,0,1,0,0,6,4,1,107.5,107.5,107.40234375,4.686750172980514,8.835610558237235,0
0,1,1,25,1,0,0,0,0,1,1,0,0,0,85.9,2199.05,0,1,1,0,0,1,0,0,3,3,0,0.0,85.9,84.57884615384616,4.464758032271346,7.696235366360874,0
0,0,0,1,1,0,0,0,0,0,0,0,0,1,45.85,45.85,1,1,0,0,0,0,1,0,1,0,0,0.0,0.0,22.925,3.846951008684431,3.846951008684431,1
1,1,0,6,1,1,0,0,1,0,0,0,0,1,80.8,457.1,0,1,1,0,0,1,0,0,3,0,0,0.0,80.8,65.3,4.404277243608702,6.127087500892697,1
0,0,0,22,1,1,0,0,0,0,0,0,2,0,25.25,566.5,0,1,0,1,0,0,1,0,2,2,0,50.5,0.0,24.630434782608695,3.2676659890376327,6.341240749355558,0
0,1,1,31,1,1,0,1,0,1,1,1,2,0,80.55,2471.6,0,0,0,0,0,0,0,1,6,3,0,161.1,0.0,77.2375,4.401216329067023,7.813025507572827,0
0,1,1,39,1,0,0,0,1,1,0,0,0,1,81.5,3107.3,0,0,1,0,0,0,0,1,3,4,0,0.0,81.5,77.6825,4.412798293340635,8.041831231925816,0
0,0,0,26,1,0,0,0,0,0,0,0,0,0,20.9,518.3,0,1,0,1,0,0,1,0,1,3,0,0.0,0.0,19.196296296296296,3.086486636822455,6.252481750850273,0
0,1,0,53,1,0,1,1,1,0,1,1,1,1,106.1,5769.75,1,0,1,0,0,0,0,1,6,4,1,106.1,106.1,106.84722222222223,4.673762977453703,8.660557333724107,0
0,0,0,1,1,0,0,1,0,1,1,0,0,0,91.7,91.7,1,0,1,0,0,1,0,0,4,0,1,0.0,91.7,45.85,4.529368472571809,4.529368472571809,1
0,0,0,12,1,1,1,1,0,1,0,0,0,1,67.25,832.3,0,1,0,0,0,1,0,0,5,1,0,0.0,0.0,64.02307692307691,4.223177434065069,6.725393721388161,0
0,0,0,16,1,1,0,1,1,0,0,1,0,1,95.6,1555.65,1,0,1,0,1,0,0,1,5,2,1,0.0,95.6,91.50882352941177,4.570578741218473,7.350291355299401,0
0,0,0,2,1,0,0,0,0,0,0,0,0,0,20.35,45.3,0,0,0,1,0,0,1,0,1,0,0,0.0,0.0,15.1,3.0610517396746335,3.835141961092188,1
0,0,1,39,0,0,1,0,0,1,1,0,1,0,45.05,1790.6,0,1,0,0,0,0,0,1,3,4,0,45.05,0.0,44.765,3.829727762701316,7.490864354333145,0
0,0,0,1,1,1,0,0,0,0,0,0,0,1,74.95,74.95,1,1,1,0,0,1,0,0,2,0,0,0.0,74.95,37.475,4.330075229041782,4.330075229041782,1
0,1,1,7,0,0,1,0,0,1,0,0,0,0,34.65,246.6,0,0,0,0,0,0,1,0,2,1,0,0.0,0.0,30.825,3.573749146860305,5.511814540810441,0
1,0,0,4,1,0,0,0,0,0,0,0,0,0,69.35,261.65,0,1,1,0,0,1,0,0,1,0,0,0.0,69.35,52.33,4.253482783560398,5.570822347399971,1
1,0,0,10,1,1,0,0,0,0,1,1,0,1,95.35,898.35,1,1,1,0,0,1,0,0,4,1,1,0.0,95.35,81.66818181818182,4.567987394860375,6.80167228017398,0
0,0,0,55,1,0,0,1,1,0,0,0,0,1,81.55,4509.5,0,0,1,0,0,1,0,0,3,4,0,0.0,81.55,80.52678571428571,4.413404170366137,8.414163291096694,0
0,1,1,72,1,0,0,1,1,0,1,1,2,1,75.4,5480.25,0,1,0,0,0,0,0,1,5,4,0,150.8,0.0,75.07191780821918,4.335982696172475,8.609088456120492,0
0,1,0,10,1,0,0,0,1,0,1,1,0,1,67.8,653.15,0,0,0,0,1,0,0,1,4,1,0,0.0,0.0,59.377272727272725,4.231203744939298,6.483336682956885,0
1,0,0,11,1,1,0,1,1,1,1,1,0,1,111.4,1183.05,0,1,1,0,0,1,0,0,7,1,1,0.0,111.4,98.58749999999999,4.722063937459591,7.076696044282031,0
0,1,1,15,1,0,0,0,0,0,0,0,0,0,46.3,639.45,0,0,0,0,0,1,0,0,1,2,0,0.0,0.0,39.965625,3.856510295497887,6.462171054277145,0
0,1,1,23,1,0,0,0,0,0,0,0,2,0,20.4,478.75,0,0,0,1,0,0,0,1,1,2,0,40.8,0.0,19.947916666666668,3.0633909220278057,6.173265134887809,0
0,0,1,1,1,0,0,0,0,0,0,0,0,0,20.05,20.05,0,1,0,1,0,0,1,0,1,0,0,0.0,0.0,10.025,3.0469005601283903,3.0469005601283903,1
1,0,0,3,1,0,0,0,0,0,0,0,0,0,45.0,127.1,1,0,0,0,0,1,0,0,1,0,0,0.0,0.0,31.775,3.828641396489095,4.852811208902689,1
0,1,1,47,1,0,1,1,1,0,0,1,1,1,96.1,4391.45,0,1,1,0,0,1,0,0,5,4,1,96.1,96.1,91.48854166666666,4.575741375297279,8.387642436957194,0
0,0,1,15,1,0,0,0,0,0,0,0,1,0,19.65,270.6,0,0,0,1,0,0,1,0,1,2,0,19.65,0.0,16.9125,3.027715319407042,5.604330395684541,0
0,0,0,66,1,0,0,1,1,0,1,1,0,0,99.5,6710.5,1,1,1,0,0,1,0,0,5,4,1,0.0,99.5,100.15671641791045,4.61015772749913,8.811577751927691,0
1,1,0,68,1,0,0,1,1,1,0,0,1,1,60.65,3975.9,0,0,0,0,0,0,0,1,4,4,0,60.65,0.0,57.62173913043478,4.121473229610353,8.288257900310217,0
0,1,1,17,1,0,0,0,1,1,1,1,1,0,98.6,1704.95,1,0,1,0,0,0,0,1,5,2,1,98.6,98.6,94.71944444444445,4.601162164590552,7.441877419298563,0
0,0,0,7,1,0,0,0,0,1,1,0,0,1,59.5,415.95,1,0,0,0,0,0,1,0,3,1,0,0.0,0.0,51.99375,4.102643365036796,6.032966310532994,0
1,1,0,12,1,0,0,0,0,0,0,1,0,1,80.45,950.2,1,1,1,0,0,1,0,0,2,1,0,0.0,80.45,73.0923076923077,4.399989335048054,6.857724345376572,0
1,1,0,21,1,1,0,1,1,0,0,1,1,0,71.7,1497.05,0,0,0,0,0,0,0,1,5,2,0,71.7,0.0,68.04772727272727,4.286341384539473,7.311919541357253,0
0,0,0,21,0,0,0,1,0,1,0,0,0,1,36.0,780.15,0,1,0,0,0,0,1,0,2,2,0,0.0,0.0,35.461363636363636,3.6109179126442243,6.660767192857912,0
0,1,1,56,1,1,1,0,0,0,1,0,1,0,65.2,3512.15,0,0,0,0,0,0,0,1,4,4,0,65.2,0.0,61.61666666666667,4.192680462942962,8.16426834990252,0
0,1,1,6,1,1,0,0,0,0,0,0,0,1,48.95,273.25,0,0,0,0,1,0,0,1,2,0,0,0.0,0.0,39.035714285714285,3.9110225050945626,5.614040099155339,1
1,0,0,65,0,0,0,1,1,0,1,1,2,1,53.5,3517.9,0,0,0,0,0,0,0,1,4,4,0,107.0,0.0,53.301515151515154,3.9982007016691985,8.165903719753842,0
0,1,0,42,1,1,1,0,0,1,1,1,1,0,80.45,3375.9,0,1,0,0,1,0,0,1,6,4,0,80.45,0.0,78.5093023255814,4.399989335048054,8.124713407865393,0
0,1,1,68,1,1,1,0,1,1,1,1,2,1,109.05,7508.55,0,0,1,0,0,0,0,1,7,4,1,218.1,109.05,108.8195652173913,4.70093480797247,8.923930822856375,0
0,1,1,48,1,1,0,0,0,0,0,0,2,0,26.3,1245.05,0,1,0,1,0,0,0,1,2,4,0,52.6,0.0,25.409183673469386,3.3068867021909143,7.1277338269531905,0
1,0,0,50,1,1,0,1,0,1,1,1,1,1,106.8,5347.95,0,0,1,0,0,1,0,0,6,4,1,106.8,106.8,104.86176470588235,4.680277658474897,8.584655558945965,0
1,0,0,7,1,0,0,1,1,0,1,0,0,1,64.95,493.65,0,0,0,0,0,1,0,0,4,1,0,0.0,0.0,61.70625,4.188896879163323,6.203850441769232,0
0,1,1,63,1,0,0,0,0,0,0,0,2,0,19.35,1263.85,0,0,0,1,0,1,0,0,1,4,0,38.7,0.0,19.74765625,3.013080911888604,7.142708817055705,0
0,0,0,17,1,0,0,0,0,0,0,0,0,0,21.1,385.55,0,1,0,1,1,0,0,1,1,2,0,0.0,0.0,21.419444444444444,3.095577608523707,5.957261225766484,0
0,1,1,42,1,0,0,0,0,0,1,0,0,1,77.95,3384.0,1,0,1,0,1,0,0,1,2,4,0,0.0,77.95,78.69767441860465,4.3688147407016515,8.127109185346375,0
0,1,1,4,1,0,0,0,0,0,0,0,0,0,18.85,84.2,0,1,0,1,0,0,1,0,1,0,0,0.0,0.0,16.84,2.9882040071331994,4.44500143383527,1
0,0,1,62,1,1,0,0,0,0,0,0,2,0,26.0,1638.7,0,0,0,1,0,0,0,1,2,4,0,52.0,0.0,26.011111111111113,3.295836866004329,7.402268577255823,0
1,0,0,2,1,0,0,1,0,0,0,0,0,1,74.7,165.4,1,1,1,0,0,1,0,0,2,0,0,0.0,74.7,55.13333333333333,4.3267781604434035,5.114394528387108,1
0,1,0,2,1,0,0,0,0,0,0,0,0,1,70.35,120.25,0,0,1,0,0,1,0,0,1,0,0,0.0,70.35,40.083333333333336,4.267597343922845,4.7978545298175925,1
0,1,0,48,1,1,1,1,1,0,1,0,2,1,96.9,4473.45,0,1,1,0,0,0,0,1,6,4,1,193.8,96.9,91.29489795918367,4.583946549536464,8.40613871812758,0
0,1,0,27,1,0,0,0,0,0,0,0,2,0,19.55,520.55,0,1,0,1,0,0,0,1,1,3,0,39.1,0.0,18.59107142857143,3.022860940942244,6.25680514712198,0
0,1,1,70,1,0,0,1,1,1,1,1,2,1,80.4,5717.85,0,0,0,0,0,0,0,1,6,4,0,160.8,0.0,80.5330985915493,4.399375273008495,8.651523015209746,0
1,0,0,1,1,1,0,0,1,0,1,0,0,1,88.8,88.8,1,1,1,0,0,1,0,0,4,0,0,0.0,88.8,44.4,4.497584975308154,4.497584975308154,1
0,1,0,46,1,1,0,1,1,0,1,0,1,1,94.65,4312.5,0,1,1,0,0,1,0,0,5,4,1,94.65,94.65,91.75531914893617,4.560695695886262,8.369504918516633,0
0,0,0,30,1,0,0,0,0,0,1,1,0,1,90.25,2755.35,1,1,1,0,0,1,0,0,3,3,1,0.0,90.25,88.88225806451612,4.513602992462601,7.921662619716148,0
0,0,0,15,1,1,1,0,0,0,0,1,0,1,64.65,994.55,1,0,0,0,0,0,0,1,4,2,0,0.0,0.0,62.159375,4.184337600748806,6.903295348260044,0
0,1,1,69,1,1,0,1,1,0,1,0,1,0,95.75,6511.25,0,1,1,0,1,0,0,1,5,4,1,95.75,95.75,93.01785714285714,4.572130331909891,8.781440297608864,0
0,0,0,65,1,0,0,0,0,0,0,0,2,1,19.55,1218.65,0,1,0,1,1,0,0,1,1,4,0,39.1,0.0,18.46439393939394,3.022860940942244,7.106319211321956,0
1,1,1,72,1,0,1,0,1,1,1,1,2,1,104.1,7447.7,0,1,1,0,1,0,0,1,6,4,1,208.2,104.1,102.02328767123288,4.6549122778829055,8.915794799502999,0
1,1,0,13,1,0,0,1,0,1,0,1,0,1,89.05,1169.35,1,1,1,0,0,0,0,1,4,2,0,0.0,89.05,83.52499999999999,4.500365071621965,7.065058128355913,0
0,0,0,17,1,0,0,0,0,0,0,0,1,1,20.1,279.5,0,1,0,1,0,0,1,0,1,2,0,20.1,0.0,15.527777777777779,3.0492730404820207,5.636573724962751,0
0,1,0,51,1,1,1,0,1,1,1,1,1,1,111.55,5720.35,0,1,1,0,0,1,0,0,7,4,1,111.55,111.55,110.00673076923077,4.723397567352741,8.651960070512938,0
0,1,1,51,1,0,1,1,0,1,0,0,2,0,60.5,3121.45,0,1,0,0,1,0,0,1,4,4,0,121.0,0.0,60.027884615384615,4.119037174812473,8.046373229061277,0
0,1,0,72,1,1,1,1,1,1,1,1,2,1,90.95,6468.6,0,0,0,0,0,0,0,1,8,4,1,181.9,0.0,88.6109589041096,4.52124495105033,8.774869561781612,0
0,1,1,67,1,1,0,1,1,0,0,0,1,0,87.4,5918.8,1,1,1,0,0,1,0,0,4,4,0,87.4,87.4,87.04117647058824,4.481871969643598,8.686057943523583,0
0,0,0,34,1,0,0,0,0,0,0,0,0,0,19.7,675.6,0,1,0,1,0,0,1,0,1,3,0,0.0,0.0,19.302857142857142,3.0301337002713233,6.517080256346608,0
0,1,0,67,0,0,1,1,0,1,0,1,2,1,50.95,3521.7,0,1,0,0,0,0,0,1,4,4,0,101.9,0.0,51.78970588235294,3.9502817175452365,8.16698302001767,0
0,1,0,49,1,0,0,0,0,0,0,0,1,1,20.05,923.1,0,0,0,1,0,0,0,1,1,4,0,20.05,0.0,18.462,3.0469005601283903,6.828820290893995,0
0,1,1,53,1,0,0,0,0,0,0,0,2,1,19.4,1110.35,0,1,0,1,0,0,1,0,1,4,0,38.8,0.0,20.562037037037037,3.0155349008501706,7.013330771530775,0
0,0,0,27,1,1,0,0,1,1,0,0,0,0,59.45,1611.65,0,1,0,0,0,1,0,0,4,3,0,0.0,0.0,57.558928571428574,4.101816577060802,7.385634067599347,0
1,0,0,23,1,0,0,1,0,0,1,1,0,1,94.75,2293.6,1,0,1,0,0,1,0,0,4,2,1,0.0,94.75,95.56666666666666,4.561740628060756,7.738313815365043,0
0,0,0,69,1,1,1,1,1,1,0,1,2,1,81.5,5553.25,0,1,0,0,1,0,0,1,7,4,0,163.0,0.0,79.33214285714286,4.412798293340635,8.622318679457237,0
0,1,1,2,0,0,0,0,0,1,0,0,0,0,29.05,44.75,0,0,0,0,0,0,0,1,1,0,0,0.0,0.0,14.916666666666666,3.4028626609812167,3.82319179172153,1
0,0,0,35,1,1,0,0,0,0,1,0,0,1,86.45,3029.1,1,0,1,0,0,1,0,0,3,3,0,0.0,86.45,84.14166666666667,4.471067201464611,8.016350901259148,0
0,1,0,46,1,0,1,1,0,1,0,1,1,0,70.6,3231.05,0,0,0,0,0,0,1,0,5,4,0,70.6,0.0,68.74574468085106,4.2710950739666,8.080871889818352,0
0,0,0,54,1,1,0,1,0,0,1,1,2,1,97.2,5129.45,0,0,1,0,0,0,0,1,5,4,1,194.4,97.2,93.26272727272728,4.58700621536042,8.542948653615948,0
0,1,0,56,1,1,0,1,0,0,1,1,1,1,98.25,5508.35,1,0,1,0,0,1,0,0,5,4,1,98.25,98.25,96.63771929824561,4.5976419195673,8.614201927856143,0
0,1,0,9,1,0,0,0,1,0,0,0,0,1,75.75,655.9,1,0,1,0,0,0,0,1,2,1,0,0.0,75.75,65.59,4.340553386467307,6.487531799898427,0
0,0,0,20,1,1,1,0,0,1,0,0,0,0,59.2,1191.2,0,1,0,0,0,0,0,1,4,2,0,0.0,0.0,56.72380952380953,4.097672352314776,7.083555618785827,0
0,0,0,11,1,0,0,1,0,0,0,0,0,1,75.9,866.4,0,1,1,0,0,0,1,0,2,1,0,0.0,75.9,72.2,4.3425058765115985,6.7655002314012656,0
1,1,0,30,1,1,0,1,0,0,1,0,0,1,90.05,2627.2,0,0,1,0,0,1,0,0,4,3,1,0.0,90.05,84.74838709677418,4.511408806173617,7.874054480209538,0
0,1,0,68,1,0,1,1,1,0,0,1,2,0,70.95,4741.45,0,1,0,0,0,0,0,1,5,4,0,141.9,0.0,68.71666666666667,4.2759714333333765,8.46430915879102,0
1,1,0,38,1,1,0,1,1,0,1,1,0,1,102.6,4009.2,0,1,1,0,0,1,0,0,6,4,1,0.0,102.6,102.8,4.640537329825382,8.296596394368603,0
1,1,0,17,1,1,1,0,1,0,0,0,0,1,85.35,1463.45,1,0,1,0,0,0,0,1,4,2,0,0.0,85.35,81.30277777777778,4.458408804592688,7.28923502433979,0
0,0,0,48,1,1,0,1,1,0,1,1,1,1,106.1,5082.8,1,1,1,0,1,0,0,1,6,4,1,106.1,106.1,103.73061224489797,4.673762977453703,8.533814292432474,0
0,0,0,1,1,0,0,0,0,0,0,0,0,0,43.8,43.8,0,0,0,0,0,1,0,0,1,0,0,0.0,0.0,21.9,3.8022081394209395,3.8022081394209395,1
0,1,1,63,0,0,1,1,1,0,1,1,2,0,59.0,3707.6,0,1,0,0,0,1,0,0,5,4,0,118.0,0.0,57.93125,4.0943445622221,8.218409725893283,0
0,0,0,3,1,0,0,0,1,0,1,1,1,1,69.95,220.45,0,0,0,0,0,1,0,0,4,0,0,69.95,0.0,55.1125,4.261975403606051,5.400196830369207,1
0,0,0,48,1,1,0,0,0,0,0,0,1,0,24.35,1133.7,0,0,0,1,0,0,0,1,2,4,0,24.35,0.0,23.136734693877553,3.232778730037192,7.034123577796944,0
0,0,0,66,0,0,0,0,0,1,0,0,1,0,29.45,1983.15,0,1,0,0,1,0,0,1,1,4,0,29.45,0.0,29.599253731343286,3.416085994155906,7.592945889825626,0
0,1,1,68,1,1,0,1,1,0,0,0,2,1,84.4,5746.75,0,0,1,0,1,0,0,1,4,4,0,168.8,84.4,83.28623188405797,4.447346100794524,8.656563752864045,0
1,0,0,17,1,0,0,0,0,0,0,0,0,1,45.05,770.6,1,1,0,0,0,1,0,0,1,2,0,0.0,0.0,42.81111111111111,3.829727762701316,6.648466281031574,0
0,1,1,7,1,0,0,0,0,0,0,0,1,0,20.65,134.05,0,0,0,1,0,0,1,0,1,1,0,20.65,0.0,16.75625,3.075005454448499,4.9056450802386244,0
0,1,0,72,1,1,1,1,1,1,1,1,2,1,87.1,6230.1,0,1,0,0,0,0,0,1,8,4,0,174.2,0.0,85.34383561643835,4.478472532942134,8.737308161203758,0
0,1,0,29,1,0,0,0,0,0,0,0,0,0,19.85,573.05,0,0,0,1,0,0,1,0,1,3,0,0.0,0.0,19.101666666666667,3.0373539482448106,6.352716500539821,0
0,1,0,37,1,0,0,0,1,1,0,1,0,1,90.35,3419.3,0,1,1,0,0,1,0,0,4,4,1,0.0,90.35,89.98157894736842,4.514698282824016,8.137483545507784,0
0,0,0,34,1,1,1,1,1,0,1,1,0,1,109.8,3587.25,1,0,1,0,0,0,1,0,7,3,1,0.0,109.8,102.49285714285715,4.707726774313183,8.18541989745149,0
1,0,0,42,1,1,0,0,0,0,1,0,0,1,84.65,3541.35,1,0,1,0,0,1,0,0,3,4,0,0.0,84.65,82.35697674418604,4.450269224770129,8.172545627690223,0
0,1,1,59,1,1,1,1,0,1,0,0,1,0,65.5,3801.3,0,0,0,0,0,0,1,0,5,4,0,65.5,0.0,63.355000000000004,4.197201947661808,8.243361425774504,0
0,1,1,11,1,0,0,0,0,0,1,0,0,1,79.5,868.5,1,1,1,0,0,0,0,1,2,1,0,0.0,79.5,72.375,4.388257184424518,6.767918333794338,0
1,1,1,60,1,1,1,0,0,0,0,0,0,1,80.95,4859.1,0,1,1,0,0,1,0,0,3,4,0,0.0,80.95,79.65737704918034,4.406109305189839,8.48881429281454,0
0,0,0,27,1,0,0,1,0,1,0,0,0,1,56.15,1439.35,0,0,0,0,0,0,1,0,3,3,0,0.0,0.0,51.40535714285714,4.04567939024082,7.272641418592386,0
0,0,0,1,1,1,0,0,0,0,0,1,0,0,85.8,85.8,1,0,1,0,0,0,1,0,3,0,0,0.0,85.8,42.9,4.463606621666305,4.463606621666305,1
1,0,0,1,1,0,0,0,0,0,1,0,0,1,79.1,79.1,1,1,1,0,0,1,0,0,2,0,0,0.0,79.1,39.55,4.383275854074314,4.383275854074314,1
0,1,0,17,0,0,1,0,1,0,0,0,0,0,34.4,592.75,0,1,0,0,0,0,1,0,2,2,0,0.0,0.0,32.93055555555556,3.5667118201397288,6.386458355348851,0
0,1,0,58,1,0,0,0,0,0,0,0,2,0,20.75,1185.95,0,1,0,1,0,0,1,0,1,4,0,41.5,0.0,20.10084745762712,3.079613757534693,7.079142270723312,0
0,1,1,1,1,0,0,0,0,0,0,0,1,0,18.8,18.8,0,1,0,1,0,0,1,0,1,0,0,18.8,0.0,9.4,2.9856819377004897,2.9856819377004897,1
0,1,1,3,1,0,0,0,0,0,0,0,0,0,44.3,134.5,1,0,0,0,0,0,1,0,1,0,0,0.0,0.0,33.625,3.8133070324889884,4.908971640319756,1
0,0,0,53,1,1,1,1,1,0,0,0,0,0,90.8,4921.2,0,0,1,0,0,1,0,0,5,4,1,0.0,90.8,91.13333333333333,4.519612297626445,8.501510864014131,0
0,0,0,35,1,1,0,0,0,0,0,0,0,1,25.6,901.25,0,1,0,1,0,1,0,0,2,3,0,0.0,0.0,25.03472222222222,3.2809112157876537,6.804891643522898,0
0,1,1,50,1,1,1,0,1,0,1,1,0,0,105.95,5341.8,1,1,1,0,1,0,0,1,6,4,1,0.0,105.95,104.74117647058824,4.672361435528415,8.58350513910295,0
0,1,1,68,1,1,0,1,0,1,0,1,2,0,70.8,4859.95,0,1,0,0,1,0,0,1,5,4,0,141.6,0.0,70.4340579710145,4.273884476054178,8.488989171043162,0
0,1,0,47,1,1,0,0,0,0,0,0,0,0,25.4,1139.2,0,1,0,1,0,1,0,0,2,4,0,0.0,0.0,23.733333333333334,3.2733640101522705,7.038958964597482,0
1,1,0,65,1,1,0,1,1,0,1,1,0,1,108.8,7082.45,0,0,1,0,0,0,0,1,6,4,1,0.0,108.8,107.30984848484849,4.69866052907543,8.86551635613705,0
0,0,0,5,1,0,0,0,0,0,0,0,0,1,69.75,324.6,1,1,1,0,0,1,0,0,1,0,0,0.0,69.75,54.1,4.259152536523347,5.785669634128385,1
0,1,0,51,1,1,0,0,0,0,1,1,0,1,94.65,4812.75,1,1,1,0,0,1,0,0,4,4,1,0.0,94.65,92.55288461538461,4.560695695886262,8.479231685129118,0
0,0,0,46,1,1,0,0,0,0,1,1,0,0,96.05,4399.5,1,0,1,0,0,0,0,1,4,4,1,0.0,96.05,93.6063829787234,4.57522630961502,8.389473449813867,0
0,0,0,9,1,1,0,0,0,0,0,0,0,1,76.85,663.55,0,0,1,0,0,1,0,0,2,1,0,0.0,76.85,66.35499999999999,4.354783898280007,6.499110119867342,0
0,0,0,8,1,0,0,0,0,0,0,0,2,0,20.25,174.65,0,0,0,1,0,0,1,0,1,1,0,40.5,0.0,19.405555555555555,3.056356895370426,5.168493378711836,0
0,0,0,14,1,1,0,0,0,0,0,0,1,1,24.8,321.7,0,1,0,1,1,0,0,1,2,2,0,24.8,0.0,21.446666666666665,3.250374491927572,5.776723099057916,0
0,0,0,45,1,1,1,1,1,1,1,1,0,1,115.65,5125.5,0,0,1,0,0,1,0,0,8,4,1,0.0,115.65,111.42391304347827,4.759177998467439,8.542178444110146,0
0,0,0,8,1,1,0,0,0,0,0,0,0,1,74.6,548.9,0,0,1,0,1,0,0,1,2,1,0,0.0,74.6,60.98888888888889,4.3254562831854875,6.309736443513769,0
1,0,1,1,1,0,0,0,1,0,0,0,0,1,50.15,50.15,1,1,0,0,0,0,1,0,2,0,0,0.0,0.0,25.075,3.9347624923976356,3.9347624923976356,1
0,1,1,66,1,0,1,1,1,0,1,1,1,1,103.15,7031.3,0,1,1,0,0,0,0,1,6,4,1,103.15,103.15,104.94477611940299,4.645832167706981,8.858269100571052,0
0,1,1,72,1,1,1,1,1,1,0,0,2,0,72.1,5016.65,0,1,0,0,1,0,0,1,6,4,0,144.2,0.0,68.72123287671232,4.291828366755733,8.520716975589854,0
0,1,0,41,1,1,1,1,1,1,1,1,0,1,113.6,4594.95,1,0,1,0,0,0,0,1,8,4,1,0.0,113.6,109.40357142857142,4.741447804280639,8.43293075988423,0
0,1,1,23,1,1,0,0,0,0,0,0,2,0,25.1,611.45,0,0,0,1,0,0,1,0,2,2,0,50.2,0.0,25.477083333333336,3.261935314328648,6.417467306433695,0
0,0,0,29,1,0,0,0,0,0,1,0,0,1,78.9,2384.15,1,0,1,0,0,1,0,0,2,3,0,0.0,78.9,79.47166666666666,4.380775852772229,7.777017294426516,0
0,0,0,4,1,1,1,0,0,0,0,0,0,1,80.15,319.85,0,0,1,0,0,1,0,0,3,0,0,0.0,80.15,63.970000000000006,4.396299293960601,5.770973724196525,1
0,1,1,6,1,1,0,0,0,0,0,0,2,0,25.4,153.3,0,1,0,1,0,0,1,0,2,0,0,50.8,0.0,21.900000000000002,3.2733640101522705,5.038898759369115,1
1,1,0,67,1,1,1,1,1,1,0,1,1,1,105.4,7035.6,0,0,1,0,1,0,0,1,7,4,1,105.4,105.4,103.46470588235294,4.667205576907544,8.858880377946525,0
1,0,1,7,1,0,0,0,0,0,0,0,0,1,45.75,344.2,0,1,0,0,0,0,1,0,1,1,0,0.0,0.0,43.025,3.844814255734696,5.844123959209273,0
0,1,1,56,1,1,0,0,0,0,0,0,1,1,24.45,1431.65,0,1,0,1,0,0,1,0,2,4,0,24.45,0.0,25.116666666666667,3.2367157429965316,7.267281155148856,0
0,1,0,72,1,1,0,0,0,0,0,0,2,0,25.0,1849.2,0,0,0,1,1,0,0,1,2,4,0,50.0,0.0,25.33150684931507,3.258096538021482,7.5230490203372185,0
0,1,0,72,1,1,1,1,1,0,1,1,2,1,85.25,6083.1,0,1,0,0,0,1,0,0,7,4,0,170.5,0.0,83.33013698630137,4.457250055911469,8.713434089799003,0
0,1,1,23,1,0,0,0,0,0,0,0,2,0,19.6,426.65,0,1,0,1,1,0,0,1,1,2,0,39.2,0.0,17.777083333333334,3.0252910757955354,6.058305104026791,0
0,0,1,35,1,1,0,0,0,0,0,0,0,0,50.15,1655.35,0,0,0,0,0,0,1,0,2,3,0,0.0,0.0,45.981944444444444,3.9347624923976356,7.412371665270384,0
1,1,0,27,1,0,0,0,0,0,0,0,0,1,70.55,1943.9,0,1,1,0,0,1,0,0,1,3,0,0.0,70.55,69.425,4.27039650600246,7.57296584084906,0
0,1,1,26,1,1,0,1,0,1,0,0,0,1,60.05,1616.15,1,0,0,0,0,1,0,0,4,3,0,0.0,0.0,59.85740740740741,4.111693200556713,7.388420619653236,0
0,1,1,12,1,1,0,0,0,0,0,0,1,0,26.4,314.95,0,1,0,1,0,0,1,0,2,1,0,26.4,0.0,24.226923076923075,3.3105430133940246,5.755583973219464,0
0,0,0,40,1,0,0,0,0,0,0,0,2,0,20.15,804.85,0,0,0,1,0,0,1,0,1,4,0,40.3,0.0,19.63048780487805,3.0516399054922867,6.691897620968727,0
0,1,1,7,0,0,1,1,1,0,1,1,0,0,58.85,465.7,0,1,0,0,0,0,1,0,5,1,0,0.0,0.0,58.2125,4.091841432003982,6.14568665295577,0
0,1,1,70,1,1,1,1,0,0,1,0,0,1,97.55,6669.05,0,1,1,0,1,0,0,1,5,4,1,0.0,97.55,93.93028169014084,4.590564033598729,8.805382635133446,0
0,1,1,60,1,0,0,0,0,0,0,0,2,0,19.65,1161.75,0,1,0,1,1,0,0,1,1,4,0,39.3,0.0,19.045081967213115,3.027715319407042,7.058543168104206,0
0,1,1,39,0,0,0,0,0,0,0,0,1,1,25.25,947.75,0,1,0,0,1,0,0,1,0,4,0,25.25,0.0,23.69375,3.2676659890376327,6.85514532870984,0
0,1,0,72,1,1,1,1,1,1,1,1,2,0,114.45,8375.05,0,1,1,0,1,0,0,1,8,4,1,228.9,114.45,114.7267123287671,4.748837535800504,9.03313172196904,0
0,0,0,1,0,0,0,0,0,0,1,0,0,1,34.7,34.7,1,0,0,0,0,1,0,0,1,0,0,0.0,0.0,17.35,3.5751506887855933,3.5751506887855933,1
0,1,1,54,1,1,0,1,0,1,1,0,1,1,70.7,3770.0,0,1,0,0,0,1,0,0,5,4,0,70.7,0.0,68.54545454545455,4.272490747605575,8.235095497258357,0
0,0,0,3,1,1,0,0,0,0,0,1,0,1,85.3,264.8,1,1,1,0,0,1,0,0,3,0,0,0.0,85.3,66.2,4.457829598089382,5.582744146279145,1
0,1,1,63,1,0,1,1,1,1,1,0,2,0,75.55,4707.85,0,0,0,0,1,0,0,1,6,4,0,151.1,0.0,73.56015625,4.337944122103693,8.457198995839414,0
0,1,1,71,1,1,0,1,0,1,0,0,2,1,84.8,6152.4,0,1,1,0,0,1,0,0,4,4,0,169.6,84.8,85.44999999999999,4.4520190064939165,8.72476005356623,0
0,0,0,42,1,0,0,0,0,0,0,0,1,1,20.65,958.1,0,0,0,1,0,0,1,0,1,4,0,20.65,0.0,22.28139534883721,3.075005454448499,6.865995344733905,0
0,0,0,47,1,0,0,0,0,0,0,0,2,0,20.45,943.0,0,1,0,1,0,0,0,1,1,4,0,40.9,0.0,19.645833333333332,3.065724645374026,6.8501261661455,0
0,1,1,66,1,1,0,1,1,0,1,1,1,1,102.45,6615.15,1,0,1,0,1,0,0,1,6,4,1,102.45,102.45,98.73358208955223,4.639088404191552,8.797268908756067,0
0,1,0,21,1,1,1,0,1,0,1,1,0,1,104.4,2200.25,1,0,1,0,0,0,0,1,6,2,1,0.0,104.4,100.01136363636364,4.657762636107262,7.696780659810416,0
0,0,0,11,0,0,0,1,0,1,0,0,0,1,35.65,425.1,0,1,0,0,0,1,0,0,2,1,0,0.0,0.0,35.425000000000004,3.6014134283326604,6.054674060505866,0
0,0,1,1,1,1,0,0,1,0,1,1,0,1,99.75,99.75,1,1,1,0,0,1,0,0,5,0,1,0.0,99.75,49.875,4.612642200826793,4.612642200826793,1
1,1,0,55,1,1,0,1,1,1,0,0,0,0,90.45,5044.8,0,0,1,0,0,1,0,0,5,4,1,0.0,90.45,90.08571428571429,4.515792374836875,8.526311493060765,0
0,0,0,69,1,1,0,1,1,1,1,0,2,1,97.65,6743.55,0,1,1,0,1,0,0,1,6,4,1,195.3,97.65,96.33642857142857,4.591578232468624,8.81649005033025,0
1,0,0,3,1,0,0,0,1,0,0,0,0,0,73.85,196.4,0,0,1,0,0,1,0,0,2,0,0,0.0,73.85,49.1,4.3154861108656375,5.285232126999381,1
0,0,0,4,1,0,0,0,1,1,1,1,0,1,74.4,299.7,1,1,0,0,0,1,0,0,5,0,0,0.0,0.0,59.94,4.32280727501391,5.706113089994483,1
1,0,0,30,1,1,0,0,1,1,1,0,2,1,69.1,2093.9,0,1,0,0,1,0,0,1,5,3,0,138.2,0.0,67.54516129032258,4.249922794040544,7.647261098520099,0
0,0,0,5,1,1,0,0,1,1,0,0,0,1,82.75,417.75,0,0,1,0,0,1,0,0,4,0,0,0.0,82.75,69.625,4.427836170705175,6.037274083139276,1
0,1,0,71,1,1,0,0,0,0,0,0,2,1,24.4,1725.4,0,0,0,1,1,0,0,1,2,4,0,48.8,0.0,23.96388888888889,3.2347491740244907,7.45379359450387,0
0,0,0,29,1,1,0,1,0,0,0,0,1,1,55.25,1620.2,0,0,0,0,0,1,0,0,3,3,0,55.25,0.0,54.00666666666667,4.029806041084529,7.390921894754154,0
0,1,0,52,1,1,0,1,0,1,0,0,0,0,61.35,3169.55,0,1,0,0,0,0,0,1,4,4,0,0.0,0.0,59.80283018867925,4.132763672126045,8.061660353398956,0
0,0,0,68,1,1,1,1,1,0,0,1,1,0,76.75,5233.25,0,1,0,0,1,0,0,1,6,4,0,76.75,0.0,75.84420289855072,4.353498551059343,8.56297884656537,0
0,1,1,46,1,0,0,0,0,0,0,0,2,0,19.4,967.85,0,0,0,1,0,0,1,0,1,4,0,38.8,0.0,20.592553191489362,3.0155349008501706,6.876109801146591,0
0,0,0,8,1,0,0,0,0,0,0,1,0,1,54.75,438.05,0,1,0,0,1,0,0,1,2,1,0,0.0,0.0,48.672222222222224,4.020877410340228,6.084613301806004,0
0,1,0,72,1,0,0,0,0,0,0,0,2,0,19.7,1421.9,0,1,0,1,1,0,0,1,1,4,0,39.4,0.0,19.478082191780825,3.0301337002713233,7.260452321551646,0
0,0,0,17,1,0,0,0,0,0,0,0,1,0,19.9,323.15,0,0,0,1,0,0,0,1,1,2,0,19.9,0.0,17.952777777777776,3.039749158970765,5.781206371621004,0
0,0,0,3,1,0,0,1,1,1,1,1,0,1,107.95,318.6,0,1,1,0,0,1,0,0,6,0,1,0.0,107.95,79.65,4.690889061390629,5.7670702138921195,1
1,0,0,2,1,0,0,1,0,0,1,0,0,1,83.8,163.7,0,0,1,0,0,0,0,1,3,0,0,0.0,83.8,54.56666666666666,4.440295542797857,5.104125637183595,1
0,0,0,9,1,0,1,0,0,0,0,0,0,1,74.25,639.65,1,0,1,0,1,0,0,1,2,1,0,0.0,74.25,63.964999999999996,4.3208159036289855,6.462483285955585,0
0,0,0,51,0,0,0,1,1,0,1,1,1,1,56.4,2928.5,0,0,0,0,1,0,0,1,4,4,0,56.4,0.0,56.31730769230769,4.050044303325521,7.9825870389848435,0
0,1,1,6,1,0,0,0,0,0,0,0,2,0,20.1,100.35,0,0,0,1,0,0,1,0,1,0,0,40.2,0.0,14.335714285714285,3.0492730404820207,4.618579872898009,1
0,1,0,3,1,1,0,0,0,0,1,1,0,0,94.9,273.2,0,0,1,0,0,1,0,0,4,0,1,0.0,94.9,68.3,4.563305981889393,5.613857767128214,1
1,0,0,17,1,1,0,0,0,0,1,1,0,1,94.2,1608.15,0,0,1,0,0,1,0,0,4,2,1,0.0,94.2,89.34166666666667,4.55597994179732,7.383461368253113,0
0,1,0,30,1,1,0,0,0,0,0,0,0,0,49.9,1441.95,0,1,0,0,0,1,0,0,2,3,0,0.0,0.0,46.51451612903226,3.929862923556477,7.274444908138895,0
0,0,0,31,1,1,0,1,0,1,1,0,0,1,71.05,2168.15,0,1,0,0,0,1,0,0,5,3,0,0.0,0.0,67.7546875,4.277360322445531,7.682090664728911,0
0,0,0,45,1,0,1,0,1,1,1,1,2,0,81.65,3618.7,0,0,0,0,0,0,0,1,6,4,0,163.3,0.0,78.66739130434782,4.4146148242670336,8.19414642845749,0
0,1,0,64,1,1,1,1,1,0,0,0,1,0,89.45,5692.65,0,1,1,0,0,0,0,1,5,4,0,89.45,89.45,87.57923076923076,4.504797211841304,8.647106797736582,0
0,0,0,1,1,1,0,0,0,0,1,0,0,1,59.85,59.85,1,1,0,0,0,1,0,0,3,0,0,0.0,0.0,29.925,4.108411819433536,4.108411819433536,1
1,0,0,1,1,0,0,0,0,0,0,0,0,1,69.6,69.6,1,0,1,0,0,1,0,0,1,0,0,0.0,69.6,34.8,4.257030144499196,4.257030144499196,1
1,1,1,61,1,1,0,1,0,0,1,1,1,0,99.0,5969.3,0,1,1,0,0,1,0,0,5,4,1,99.0,99.0,96.27903225806452,4.605170185988092,8.694552456380377,0
0,0,0,1,1,0,0,0,0,0,0,0,0,0,19.05,19.05,0,1,0,1,0,0,1,0,1,0,0,0.0,0.0,9.525,2.998229153752578,2.998229153752578,1
0,0,0,9,0,0,0,0,0,0,1,1,0,1,45.4,418.8,1,1,0,0,0,1,0,0,2,1,0,0.0,0.0,41.88,3.8372994592322094,6.039778407386533,0
0,1,1,72,1,1,1,1,1,1,1,1,2,0,114.45,8100.55,0,1,1,0,0,0,0,1,8,4,1,228.9,114.45,110.96643835616439,4.748837535800504,8.99981068037861,0
0,0,0,1,1,0,0,0,0,0,0,0,0,0,19.5,19.5,1,0,0,1,0,0,1,0,1,0,0,0.0,0.0,9.75,3.0204248861443626,3.0204248861443626,1
0,1,0,7,1,0,0,0,0,0,0,0,0,1,44.25,313.45,0,0,0,0,0,0,1,0,1,1,0,0.0,0.0,39.18125,3.8122026701459353,5.750825080989513,0
0,1,0,66,1,1,0,1,1,1,0,0,1,1,90.55,6130.95,0,0,1,0,0,0,0,1,5,4,1,90.55,90.55,91.50671641791044,4.51688527112052,8.721268086011952,0
0,0,0,1,1,0,0,0,0,0,0,0,0,1,69.9,69.9,1,1,1,0,0,1,0,0,1,0,0,0.0,69.9,34.95,4.2612704335380815,4.2612704335380815,1
0,1,1,40,1,0,0,0,0,0,0,0,0,1,20.4,745.3,0,1,0,1,0,0,0,1,1,4,0,0.0,0.0,18.178048780487803,3.0633909220278057,6.615127664137342,0
0,0,0,16,1,1,0,1,1,0,0,1,0,1,71.4,1212.1,0,1,0,0,0,0,0,1,5,2,0,0.0,0.0,71.3,4.282206299391671,7.100934345776873,0
0,0,0,2,1,0,0,1,0,0,1,0,0,1,87.15,183.75,1,0,1,0,0,0,0,1,3,0,0,0.0,87.15,61.25,4.4790399088438795,5.2190035598283115,1
0,1,0,67,1,1,0,0,0,0,0,0,2,0,24.85,1583.5,0,1,0,1,1,0,0,1,2,4,0,49.7,0.0,23.28676470588235,3.2523106009544382,7.368024179130975,0
0,1,0,41,1,0,1,1,1,0,1,1,1,1,104.45,4162.05,0,0,1,0,0,0,0,1,6,4,1,104.45,104.45,99.09642857142858,4.658236906924784,8.33400325769215,0
0,1,1,56,1,0,0,0,0,0,0,0,2,1,19.8,1119.9,0,0,0,1,1,0,0,1,1,4,0,39.6,0.0,19.647368421052633,3.0349529867072724,7.02188721302705,0
0,0,0,72,1,1,1,1,1,1,1,1,2,1,116.45,8013.55,0,0,1,0,0,0,0,1,8,4,1,232.9,116.45,109.77465753424657,4.7660127111049215,8.989013918738845,0
0,1,1,3,1,1,0,0,0,0,0,1,0,1,84.75,264.85,1,0,1,0,0,0,0,1,3,0,0,0.0,84.75,66.2125,4.45143608604605,5.582932239950347,1
0,1,0,54,1,0,0,0,0,0,0,0,2,0,20.05,1102.4,0,0,0,1,1,0,0,1,1,4,0,40.1,0.0,20.043636363636367,3.0469005601283903,7.00615160083833,0
1,0,0,52,1,1,0,1,1,1,1,1,0,1,110.75,5832.0,0,1,1,0,0,1,0,0,7,4,1,0.0,110.75,110.0377358490566,4.716264233493678,8.671286726753637,0
0,0,0,50,1,0,0,0,1,1,0,1,2,1,89.7,4304.5,0,0,1,0,0,0,0,1,4,4,0,179.4,89.7,84.40196078431373,4.507557357121091,8.36764855413622,0
0,0,0,14,1,1,0,0,0,1,1,0,0,1,89.95,1178.4,1,1,1,0,0,1,0,0,4,2,1,0.0,89.95,78.56,4.5103099049641315,7.072761113566404,0
0,1,0,27,1,0,1,0,0,0,0,0,1,0,48.7,1421.75,0,1,0,0,1,0,0,1,2,3,0,48.7,0.0,50.776785714285715,3.906004933102583,7.260346897483234,0
1,1,0,72,1,1,1,1,1,1,0,0,2,1,96.6,6827.5,0,0,1,0,0,0,0,1,6,4,1,193.2,96.6,93.52739726027397,4.580877493419047,8.828860309118479,0
0,0,0,62,1,0,1,1,0,0,1,1,1,1,74.3,4698.05,0,1,0,0,1,0,0,1,5,4,0,74.3,0.0,74.57222222222222,4.321480134805848,8.455115639608026,0
0,0,0,12,1,0,0,1,0,1,0,0,0,1,54.3,654.5,0,0,0,0,0,1,0,0,3,1,0,0.0,0.0,50.34615384615385,4.012772908528289,6.4853983032037545,0
1,0,0,44,1,0,0,0,1,1,1,1,1,0,74.85,3268.05,0,0,0,0,0,0,0,1,5,4,0,74.85,0.0,72.62333333333333,4.328757705794541,8.09225470180455,0
0,1,1,54,1,0,0,1,0,1,0,0,2,1,79.95,4362.05,0,1,1,0,0,0,0,1,3,4,0,159.9,79.95,79.31,4.393831680123644,8.38092663306253,0
0,0,0,68,1,0,0,0,0,0,0,0,2,0,20.05,1386.9,0,0,0,1,0,0,0,1,1,4,0,40.1,0.0,20.1,3.0469005601283903,7.235547092361794,0
0,0,0,20,1,0,0,0,0,0,0,0,0,0,19.4,415.4,0,1,0,1,0,0,1,0,1,2,0,0.0,0.0,19.780952380952378,3.0155349008501706,6.031646336740814,0
0,1,1,50,1,1,0,0,1,0,0,0,1,0,54.9,2614.1,0,1,0,0,0,0,0,1,3,4,0,54.9,0.0,51.25686274509804,4.023564380161053,7.86905761668564,0
0,0,0,58,1,1,0,0,0,0,0,0,2,1,24.45,1513.6,0,1,0,1,1,0,0,1,2,4,0,48.9,0.0,25.65423728813559,3.2367157429965316,7.322906656679722,0
0,1,1,35,1,1,0,1,0,0,1,0,0,1,89.65,3161.6,0,1,1,0,0,0,0,1,4,3,0,0.0,89.65,87.82222222222222,4.50700593720086,8.059149753089216,0
0,0,0,2,1,0,0,0,0,0,0,0,0,1,45.4,80.95,0,0,0,0,0,1,0,0,1,0,0,0.0,0.0,26.983333333333334,3.8372994592322094,4.406109305189839,1
0,1,1,63,1,1,1,0,1,1,0,1,2,0,75.7,4676.7,0,1,0,0,0,0,1,0,6,4,0,151.4,0.0,73.0734375,4.33990170837321,8.450561815117638,0
0,1,0,58,1,1,1,1,1,0,1,1,1,1,110.65,6526.65,0,0,1,0,1,0,0,1,7,4,1,110.65,110.65,110.62118644067796,4.7153689782861665,8.78380228001052,0
0,1,1,27,1,0,0,0,0,0,0,0,1,1,20.55,583.3,0,0,0,1,0,0,1,0,1,3,0,20.55,0.0,20.832142857142856,3.070375816549757,6.370414549560391,0
0,1,0,71,1,1,1,1,1,1,1,1,2,1,115.15,8078.1,0,0,1,0,1,0,0,1,8,4,1,230.3,115.15,112.19583333333334,4.754882459216418,8.99703575917263,0
0,0,0,63,1,0,0,0,1,0,0,1,1,0,58.55,3503.5,0,0,0,0,1,0,0,1,3,4,0,58.55,0.0,54.7421875,4.0868162958013095,8.16180313594038,0
0,1,0,71,1,1,0,1,1,0,0,1,0,1,93.25,6669.45,0,1,1,0,0,0,0,1,5,4,1,0.0,93.25,92.63125,4.54595082632812,8.80544260290079,0
1,0,0,41,1,1,1,1,1,0,1,1,0,1,113.2,4689.5,1,0,1,0,0,1,0,0,7,4,1,0.0,113.2,111.6547619047619,4.73795129722191,8.453294465566005,0
1,0,0,13,1,0,0,0,0,0,1,1,0,1,90.5,1201.15,1,1,1,0,0,1,0,0,3,2,1,0.0,90.5,85.79642857142858,4.516338972281476,7.091866899322588,0
0,0,0,2,1,0,0,0,0,0,1,0,0,0,79.0,143.65,1,1,1,0,0,1,0,0,2,0,0,0.0,79.0,47.88333333333333,4.382026634673881,4.974317031422144,1
0,1,1,68,1,0,0,0,0,0,0,0,2,1,19.35,1292.65,0,0,0,1,0,0,0,1,1,4,0,38.7,0.0,18.734057971014494,3.013080911888604,7.1652229593403005,0
0,1,1,1,1,0,1,0,0,0,0,0,0,1,48.75,48.75,0,1,0,0,0,0,1,0,2,0,0,0.0,0.0,24.375,3.907010463604602,3.907010463604602,1
1,0,0,65,1,1,1,0,1,1,1,1,2,1,109.05,7108.2,0,1,1,0,0,1,0,0,7,4,1,218.1,109.05,107.7,4.70093480797247,8.869144998885837,0
1,1,0,72,1,1,0,0,0,0,0,0,2,1,25.0,1802.55,0,1,0,1,0,0,0,1,2,4,0,50.0,0.0,24.692465753424656,3.258096538021482,7.497512223829546,0
0,0,0,28,1,1,0,0,0,1,0,0,0,1,54.9,1505.15,0,0,0,0,1,0,0,1,3,3,0,0.0,0.0,51.90172413793104,4.023564380161053,7.317312004993555,0
0,1,1,72,1,1,0,0,0,0,0,0,2,0,24.75,1859.1,0,1,0,1,1,0,0,1,2,4,0,49.5,0.0,25.46712328767123,3.248434627109745,7.528385528702905,0
0,0,0,2,1,0,1,1,0,0,1,0,0,1,91.15,168.5,0,0,1,0,0,1,0,0,4,0,1,0.0,91.15,56.166666666666664,4.523417684115833,5.1328529268205045,1
0,0,1,18,1,0,0,0,0,0,0,0,1,0,20.15,390.85,1,0,0,1,0,0,0,1,1,2,0,20.15,0.0,20.571052631578947,3.0516399054922867,5.9708791134988735,0
1,1,0,60,1,1,0,1,1,0,1,1,1,1,104.35,6339.45,0,1,1,0,0,1,0,0,6,4,1,104.35,104.35,103.92540983606557,4.6572881402501976,8.75470502283044,0
1,0,0,26,1,1,0,0,0,1,0,1,0,1,66.05,1652.4,0,0,0,0,0,1,0,0,4,3,0,0.0,0.0,61.2,4.205438609727688,7.410589052818575,0
0,0,1,1,1,0,0,0,0,0,0,0,0,1,71.65,71.65,1,1,1,0,0,1,0,0,1,0,0,0.0,71.65,35.825,4.285653390016292,4.285653390016292,1
0,0,0,4,1,0,0,0,0,0,0,0,0,0,20.35,77.5,1,0,0,1,0,0,1,0,1,0,0,0.0,0.0,15.5,3.0610517396746335,4.363098624788363,1
0,1,1,68,1,1,1,1,1,1,1,1,2,1,92.2,6392.85,0,1,0,0,1,0,0,1,8,4,1,184.4,0.0,92.65,4.534747721691546,8.763091869851333,0
0,0,0,38,1,0,0,1,1,1,0,0,0,1,84.25,3264.5,1,0,1,0,1,0,0,1,4,4,0,0.0,84.25,83.7051282051282,4.445588116163626,8.091168169342712,0
1,1,0,42,1,1,1,0,1,0,1,1,1,1,105.2,4599.15,0,0,1,0,0,0,0,1,6,4,1,105.2,105.2,106.95697674418604,4.665324108807838,8.433844190641187,0
0,1,0,57,1,0,0,0,0,0,0,0,2,1,19.6,1134.25,0,0,0,1,0,0,0,1,1,4,0,39.2,0.0,19.55603448275862,3.0252910757955354,7.0346081699780605,0
0,1,0,54,0,0,0,1,0,0,0,0,0,0,30.4,1621.35,0,1,0,0,0,1,0,0,1,4,0,0.0,0.0,29.479090909090907,3.4468078929142076,7.391630994381529,0
0,0,0,12,1,0,0,0,0,0,0,1,0,0,78.1,947.3,1,0,1,0,0,0,0,1,2,1,0,0.0,78.1,72.86923076923077,4.370712874773608,6.854670907889681,0
0,1,0,44,1,0,1,1,1,0,0,0,1,1,61.5,2722.2,0,0,0,0,0,0,1,0,4,4,0,61.5,0.0,60.49333333333333,4.135166556742356,7.909562938379055,0
0,1,1,42,1,1,1,1,0,0,1,0,0,1,69.4,3058.3,0,1,0,0,0,0,0,1,5,4,0,0.0,0.0,71.12325581395349,4.254193263163997,8.02594141060735,0
0,1,1,72,1,1,0,0,0,0,0,0,2,0,24.75,1769.6,0,1,0,1,0,0,0,1,2,4,0,49.5,0.0,24.241095890410957,3.248434627109745,7.479073751176949,0
0,1,1,71,1,1,1,1,1,1,1,1,2,0,91.05,6293.75,0,0,0,0,0,0,1,0,8,4,1,182.1,0.0,87.41319444444444,4.522331907679087,8.747471231631046,0
0,1,0,19,1,1,0,0,1,0,0,1,0,0,89.65,1761.05,1,0,1,0,0,0,1,0,4,2,0,0.0,89.65,88.0525,4.50700593720086,7.474233182938004,0
0,1,0,23,1,1,0,0,0,1,1,1,0,1,73.65,1642.75,0,0,0,0,1,0,0,1,5,2,0,0.0,0.0,68.44791666666667,4.312810523985199,7.404735495926075,0
0,0,0,30,1,0,0,0,0,0,0,0,2,0,19.4,578.5,0,0,0,1,1,0,0,1,1,3,0,38.8,0.0,18.661290322580644,3.0155349008501706,6.362165662779806,0
0,0,0,35,1,1,0,0,0,0,0,0,1,0,26.2,954.9,0,1,0,1,0,0,0,1,2,3,0,26.2,0.0,26.525,3.3032169733019514,6.862653305069717,0
0,0,0,10,1,1,1,0,0,0,1,1,0,1,98.7,973.25,1,0,1,0,0,1,0,0,5,1,1,0.0,98.7,88.47727272727273,4.602165676967792,6.881667944218819,0
0,0,0,1,1,0,0,0,0,0,0,0,0,1,43.85,43.85,0,1,0,0,0,0,0,1,1,0,0,0.0,0.0,21.925,3.803323588504805,3.803323588504805,1
0,0,0,22,1,0,0,0,0,0,0,0,0,1,69.7,1490.4,0,1,1,0,0,0,1,0,1,2,0,0.0,69.7,64.8,4.258445572902527,7.307470555109695,0
0,1,1,7,0,0,1,1,1,0,0,0,2,0,38.55,280.0,0,1,0,0,0,0,1,0,3,1,0,77.1,0.0,35.0,3.677565694213663,5.638354669333745,0
0,0,0,36,0,0,1,1,1,1,0,1,2,1,53.1,1901.25,0,0,0,0,0,0,1,0,5,3,0,106.2,0.0,51.38513513513514,3.9908341858524357,7.550792675056632,0
0,1,1,34,1,0,0,0,0,0,0,0,0,0,20.65,716.4,0,0,0,1,0,0,1,0,1,3,0,0.0,0.0,20.468571428571426,3.075005454448499,6.575633565098182,0
0,1,1,72,1,1,1,1,1,0,0,0,2,0,64.45,4720.0,0,1,0,0,1,0,0,1,5,4,0,128.9,0.0,64.65753424657534,4.181286492355909,8.459775920546287,0
0,1,1,36,1,1,0,0,0,0,0,0,2,0,25.1,930.95,0,1,0,1,1,0,0,1,2,3,0,50.2,0.0,25.160810810810812,3.261935314328648,6.837279165177812,0
0,0,0,1,1,0,0,0,1,0,0,0,0,0,76.35,76.35,1,0,1,0,0,1,0,0,2,0,0,0.0,76.35,38.175,4.348340577019075,4.348340577019075,1
0,0,0,23,1,1,0,1,0,0,0,0,0,1,79.15,1676.95,1,0,1,0,0,1,0,0,3,2,0,0.0,79.15,69.87291666666667,4.383899879055562,7.42532808920537,0
1,1,0,32,1,1,0,0,0,0,0,1,0,1,85.0,2642.05,1,1,1,0,0,1,0,0,3,3,0,0.0,85.0,80.06212121212121,4.454347296253507,7.879688832321678,0
0,1,1,71,1,1,1,1,1,1,0,0,1,1,95.15,6770.85,0,0,1,0,1,0,0,1,6,4,1,95.15,95.15,94.03958333333334,4.565909472034789,8.820529592978177,0
1,0,0,23,1,1,0,0,1,0,0,0,0,1,79.35,1835.3,0,0,1,0,0,0,1,0,3,2,0,0.0,79.35,76.47083333333333,4.386392092183521,7.515507956525134,0
0,1,0,17,1,0,0,0,1,0,1,1,1,1,96.65,1588.25,0,1,1,0,0,0,0,1,4,2,1,96.65,96.65,88.23611111111111,4.581389657322688,7.371017485816518,0
0,0,0,1,1,0,0,0,1,1,1,1,0,1,75.5,75.5,0,1,0,0,0,1,0,0,5,0,0,0.0,0.0,37.75,4.33729074083249,4.33729074083249,1
0,1,1,12,1,0,0,0,0,0,0,0,2,0,19.7,258.35,0,1,0,1,0,0,1,0,1,1,0,39.4,0.0,19.873076923076926,3.0301337002713233,5.55817850079741,0
0,1,0,72,1,0,0,0,0,0,0,0,2,0,20.5,1502.25,0,0,0,1,1,0,0,1,1,4,0,41.0,0.0,20.578767123287673,3.068052935133617,7.3153847099196785,0
0,0,0,1,1,0,0,0,0,0,0,0,0,0,19.2,19.2,0,1,0,1,0,0,1,0,1,0,0,0.0,0.0,9.6,3.005682604407159,3.005682604407159,1
1,1,0,72,1,1,0,1,0,0,1,1,2,0,98.35,6929.4,0,1,1,0,0,0,0,1,5,4,1,196.7,98.35,94.92328767123287,4.598648968997826,8.84367281057593,0
0,1,1,60,1,1,0,0,0,0,0,0,0,0,74.35,4453.3,0,1,1,0,0,0,0,1,2,4,0,0.0,74.35,73.00491803278689,4.3221439250725044,8.401625200735404,0
0,1,1,61,0,0,0,1,1,1,1,0,2,0,51.35,3244.4,0,0,0,0,1,0,0,1,4,4,0,102.7,0.0,52.329032258064515,3.9579519373165457,8.084993888105437,0
0,1,0,6,1,0,0,0,0,0,0,0,0,0,45.65,323.45,0,0,0,0,0,0,1,0,1,0,0,0.0,0.0,46.207142857142856,3.8426729272933526,5.782131441067177,1
1,1,0,32,1,1,0,0,0,0,0,1,0,0,85.3,2661.1,1,1,1,0,0,1,0,0,3,3,0,0.0,85.3,80.63939393939394,4.457829598089382,7.886870563989527,0
0,0,1,31,1,1,0,0,0,0,1,0,0,1,86.55,2697.4,1,0,1,0,1,0,0,1,3,3,0,0.0,86.55,84.29375,4.472210058731861,7.90041428374744,0
0,0,0,19,1,0,0,1,0,0,0,0,0,1,73.85,1424.5,1,1,1,0,1,0,0,1,2,2,0,0.0,73.85,71.225,4.3154861108656375,7.2622779083527265,0
0,1,1,72,1,0,0,0,0,0,0,0,2,0,20.3,1401.15,0,1,0,1,0,0,0,1,1,4,0,40.6,0.0,19.193835616438356,3.0587070727153796,7.2457620518857775,0
0,0,0,32,1,1,0,1,0,0,0,0,0,1,54.2,1739.6,0,0,0,0,0,1,0,0,3,3,0,0.0,0.0,52.71515151515151,4.01096295328305,7.461985160355414,0
0,1,0,65,1,1,0,1,0,0,0,1,0,1,90.65,5931.0,0,1,1,0,0,1,0,0,4,4,1,0.0,90.65,89.86363636363636,4.517976974285714,8.688116703257823,0
0,1,1,45,0,0,1,0,0,0,1,1,0,1,50.9,2333.85,0,0,0,0,0,0,0,1,3,4,0,0.0,0.0,50.73586956521739,3.949318790171843,7.755702928210837,0
0,0,0,42,1,1,0,0,0,0,0,0,1,0,25.05,949.85,0,1,0,1,0,1,0,0,2,4,0,25.05,0.0,22.08953488372093,3.260017768199376,6.857356321398285,0
0,0,0,8,1,1,0,0,0,0,0,0,0,1,74.85,572.45,0,1,1,0,0,1,0,0,2,1,0,0.0,74.85,63.60555555555556,4.328757705794541,6.351670748810531,0
0,0,1,32,1,0,0,0,0,0,0,0,2,0,20.5,696.8,0,1,0,1,0,0,1,0,1,3,0,41.0,0.0,21.115151515151513,3.068052935133617,6.547932528752674,0
1,1,0,22,1,1,1,1,0,1,0,0,0,1,63.55,1381.8,0,0,0,0,0,0,1,0,5,2,0,0.0,0.0,60.07826086956521,4.167440117292651,7.2318657080474695,0
1,1,0,57,0,0,0,0,0,0,1,1,0,1,44.85,2572.95,1,1,0,0,0,1,0,0,2,4,0,0.0,0.0,44.36120689655172,3.825375198702474,7.853196962947979,0
0,0,0,1,1,0,1,0,0,0,0,0,0,0,47.95,47.95,0,1,0,0,0,1,0,0,2,0,0,0.0,0.0,23.975,3.8907993689765195,3.8907993689765195,1
1,0,0,1,1,0,0,0,0,0,0,0,0,0,45.1,45.1,1,1,0,0,0,1,0,0,1,0,0,0.0,0.0,22.55,3.8308129500026027,3.8308129500026027,1
0,1,0,1,1,0,0,0,0,0,0,0,0,1,45.0,45.0,0,0,0,0,0,1,0,0,1,0,0,0.0,0.0,22.5,3.828641396489095,3.828641396489095,1
0,0,0,24,1,0,0,0,0,1,1,1,0,1,96.0,2122.45,1,1,1,0,0,1,0,0,4,2,1,0.0,96.0,84.898,4.574710978503383,7.66079740344362,0
0,0,0,1,1,0,0,0,0,0,0,0,0,0,20.05,20.05,1,1,0,1,0,0,0,1,1,0,0,0.0,0.0,10.025,3.0469005601283903,3.0469005601283903,1
1,0,0,54,1,1,0,1,0,0,0,1,0,1,90.05,4931.8,0,1,1,0,0,1,0,0,4,4,1,0.0,90.05,89.66909090909091,4.511408806173617,8.503662057131885,0
0,0,0,4,1,1,0,0,0,0,0,0,2,1,25.3,116.95,0,0,0,1,1,0,0,1,2,0,0,50.6,0.0,23.39,3.269568939183719,4.770260805853684,1
0,1,1,65,1,1,1,0,1,1,1,1,2,0,108.65,6937.95,1,1,1,0,0,0,0,1,7,4,1,217.3,108.65,105.12045454545455,4.697293474863897,8.84490574522436,0
0,1,0,56,1,1,0,0,0,0,0,0,1,0,24.3,1261.7,0,0,0,1,0,1,0,0,2,4,0,24.3,0.0,22.135087719298248,3.2308043957334744,7.141007564444634,0
0,0,0,45,1,0,1,0,1,0,1,1,0,1,75.95,3273.8,0,1,0,0,0,1,0,0,5,4,0,0.0,0.0,71.16956521739131,4.343155860284888,8.094012077502294,0
0,1,1,71,1,0,0,0,0,0,0,0,2,0,19.7,1415.85,0,0,0,1,1,0,0,1,1,4,0,39.4,0.0,19.664583333333333,3.0301337002713233,7.256191376642079,0
0,1,0,59,1,0,1,1,1,0,1,0,1,0,66.4,3958.2,0,1,0,0,1,0,0,1,5,4,0,66.4,0.0,65.97,4.210645017918261,8.283797263637677,0
0,0,0,69,0,0,0,1,1,0,0,0,1,1,35.75,2492.25,0,1,0,0,0,0,0,1,2,4,0,35.75,0.0,35.60357142857143,3.6041382256588457,7.821342359281977,0
0,0,0,19,1,0,0,0,0,0,0,0,1,0,18.8,279.2,0,1,0,1,0,0,1,0,1,2,0,18.8,0.0,13.959999999999999,2.9856819377004897,5.635503633902907,0
0,1,1,55,1,0,0,0,0,0,0,0,2,0,19.4,1083.0,0,0,0,1,1,0,0,1,1,4,0,38.8,0.0,19.339285714285715,3.0155349008501706,6.988413181999592,0
0,0,0,38,1,0,0,0,0,0,0,0,1,0,19.3,755.5,0,0,0,1,0,0,1,0,1,4,0,19.3,0.0,19.371794871794872,3.0106208860477417,6.62870253322841,0
0,0,0,10,1,0,0,0,0,0,0,0,0,1,45.55,402.6,1,1,0,0,0,1,0,0,1,1,0,0.0,0.0,36.6,3.840527003723076,6.000424288479454,0
1,1,0,47,1,1,1,1,1,0,0,0,0,1,67.45,3252.0,0,0,0,0,1,0,0,1,5,4,0,0.0,0.0,67.75,4.226103551734458,8.087332926473351,0
0,1,0,2,0,0,0,0,0,0,0,1,0,1,35.1,68.75,1,0,0,0,0,1,0,0,1,0,0,0.0,0.0,22.916666666666668,3.586292865338835,4.244917420701475,1
0,0,0,1,1,0,0,0,0,0,0,0,0,0,46.2,46.2,1,1,0,0,1,0,0,1,1,0,0,0.0,0.0,23.1,3.8543938925915096,3.8543938925915096,1
0,0,0,1,1,0,0,0,0,0,0,0,0,0,45.15,45.15,1,0,0,0,0,1,0,0,1,0,0,0.0,0.0,22.575,3.8318969609488613,3.8318969609488613,1
1,0,0,1,0,0,0,1,1,0,0,1,0,1,43.3,43.3,1,1,0,0,0,1,0,0,3,0,0,0.0,0.0,21.65,3.7909846770510898,3.7909846770510898,1
0,1,1,46,1,0,0,0,0,0,0,0,2,1,20.1,936.85,0,1,0,1,0,0,1,0,1,4,0,40.2,0.0,19.932978723404254,3.0492730404820207,6.84359002150635,0
1,0,0,38,1,0,1,1,0,0,0,0,0,1,57.15,2250.65,1,0,0,0,1,0,0,1,3,4,0,0.0,0.0,57.70897435897436,4.063025878964673,7.719418559774295,0
0,1,0,65,1,0,1,0,1,1,0,0,2,0,58.9,3857.1,0,0,0,0,1,0,0,1,4,4,0,117.8,0.0,58.44090909090909,4.092676505121403,8.257930113295641,0
0,1,0,19,1,0,1,0,0,0,0,0,0,1,73.2,1441.1,1,0,1,0,0,1,0,0,2,2,0,0.0,73.2,72.05499999999999,4.3067641501733345,7.273855663568025,0
0,0,0,52,1,0,0,1,0,0,0,1,0,1,85.35,4338.6,1,1,1,0,0,1,0,0,3,4,0,0.0,85.35,81.86037735849057,4.458408804592688,8.375537456948296,0
0,1,1,71,1,0,0,0,0,0,0,0,2,0,19.45,1378.45,0,1,0,1,0,0,1,0,1,4,0,38.9,0.0,19.14513888888889,3.017982882488811,7.229440147984164,0
0,0,0,1,1,0,0,0,0,0,0,0,0,0,45.95,45.95,1,0,0,0,0,0,1,0,1,0,0,0.0,0.0,22.975,3.849083205654272,3.849083205654272,1
1,0,0,52,0,0,0,1,1,1,1,0,0,1,50.5,2566.3,0,0,0,0,0,1,0,0,4,4,0,0.0,0.0,48.420754716981136,3.9415818076696905,7.850610041981843,0
0,1,0,6,1,1,0,0,0,0,0,0,1,0,25.1,171.0,0,1,0,1,0,0,1,0,2,0,0,25.1,0.0,24.428571428571427,3.261935314328648,5.147494476813453,1
1,1,0,26,1,0,0,0,1,0,0,1,1,0,60.7,1597.4,0,0,0,0,0,0,1,0,3,3,0,60.7,0.0,59.162962962962965,4.122283930911342,7.376758407894289,0
1,0,0,48,1,1,0,1,0,0,1,1,1,1,99.0,4744.35,0,1,1,0,0,1,0,0,5,4,1,99.0,99.0,96.82346938775511,4.605170185988092,8.46492047017834,0
0,1,1,64,1,1,1,0,0,1,1,1,1,1,104.4,6721.6,0,0,1,0,0,0,0,1,6,4,1,104.4,104.4,103.40923076923077,4.657762636107262,8.813230263450754,0
0,0,0,3,1,0,0,1,0,0,1,0,0,0,83.75,247.25,1,0,1,0,0,1,0,0,3,0,0,0.0,83.75,61.8125,4.43970574626056,5.514436302925282,1
0,0,0,1,1,0,0,0,0,0,0,0,0,1,44.05,44.05,0,1,0,0,0,0,0,1,1,0,0,0.0,0.0,22.025,3.807772984054347,3.807772984054347,1
0,1,1,72,1,1,0,0,0,0,0,0,2,0,24.1,1734.65,0,1,0,1,1,0,0,1,2,4,0,48.2,0.0,23.76232876712329,3.2228678461377385,7.459137261990456,0
0,0,0,1,1,0,0,0,0,0,0,0,0,1,45.55,45.55,0,1,0,0,0,0,1,0,1,0,0,0.0,0.0,22.775,3.840527003723076,3.840527003723076,1
0,1,1,51,1,1,1,1,0,0,0,1,0,1,93.8,4539.35,0,0,1,0,0,1,0,0,5,4,1,0.0,93.8,87.29519230769232,4.551769409260976,8.420759380574932,0
0,1,1,41,1,0,0,0,0,0,0,0,2,0,19.7,804.25,0,0,0,1,0,0,0,1,1,4,0,39.4,0.0,19.148809523809526,3.0301337002713233,6.691152788211308,0
0,1,1,72,1,0,1,1,1,0,1,0,2,1,70.65,5011.15,0,0,0,0,1,0,0,1,5,4,0,141.3,0.0,68.6458904109589,4.271793154274181,8.519620243740507,0
0,1,0,43,1,1,1,1,0,1,1,1,2,0,86.45,3574.5,0,0,0,0,1,0,0,1,7,4,0,172.9,0.0,81.23863636363636,4.471067201464611,8.181860305488451,0
0,1,0,72,1,1,1,1,1,1,1,1,2,1,114.1,8086.4,0,1,1,0,1,0,0,1,8,4,1,228.2,114.1,110.77260273972603,4.745801315727837,8.998062573972279,0
0,1,0,47,1,1,0,0,0,0,1,1,1,1,95.2,4563.0,0,1,1,0,1,0,0,1,4,4,1,95.2,95.2,95.0625,4.566429357671661,8.425954710981966,0
0,0,0,72,1,1,1,1,1,1,1,1,2,0,88.55,6362.35,0,1,0,0,1,0,0,1,8,4,0,177.1,0.0,87.1554794520548,4.494797128506721,8.758310247220596,0
0,0,0,3,1,0,0,0,0,0,0,0,0,1,20.75,67.1,0,1,0,1,1,0,0,1,1,0,0,0.0,0.0,16.775,3.079613757534693,4.220977213155467,1
0,0,0,1,1,0,0,0,0,0,0,0,0,1,70.05,70.05,1,1,1,0,0,1,0,0,1,0,0,0.0,70.05,35.025,4.263383854543109,4.263383854543109,1
0,0,0,2,1,1,0,0,0,0,0,1,0,1,86.0,165.45,1,1,1,0,0,1,0,0,3,0,0,0.0,86.0,55.15,4.465908118654584,5.114694964021034,1
0,0,0,26,0,0,1,1,0,0,0,1,0,1,44.65,1156.55,0,1,0,0,0,0,0,1,3,3,0,0.0,0.0,42.83518518518518,3.8210036070409776,7.0540609815717215,0
0,1,1,29,1,0,1,0,0,0,0,1,0,1,60.2,1834.15,0,1,0,0,0,0,1,0,3,3,0,0.0,0.0,61.138333333333335,4.11414718951828,7.514881501017032,0
1,1,0,35,1,1,1,1,0,1,1,0,0,1,100.5,3653.35,1,0,1,0,0,0,0,1,6,3,1,0.0,100.5,101.48194444444444,4.620058798481842,8.203673517791433,0
0,0,0,27,1,0,1,1,0,0,0,0,1,0,55.45,1477.65,0,1,0,0,0,0,0,1,3,3,0,55.45,0.0,52.77321428571429,4.033355290595671,7.298884788322935,0
0,1,1,24,1,0,1,1,0,1,0,1,0,1,70.3,1706.45,0,1,0,0,1,0,0,1,5,2,0,0.0,0.0,68.258,4.26689632742025,7.4427563084393356,0
0,1,1,67,1,0,1,0,1,1,0,0,2,1,60.4,3953.7,0,1,0,0,0,0,0,1,4,4,0,120.8,0.0,58.14264705882353,4.117409835153096,8.282660023974554,0
0,0,0,16,1,1,0,0,0,0,0,0,0,0,72.65,1194.3,1,0,1,0,0,1,0,0,2,2,0,0.0,72.65,70.25294117647059,4.299324142908639,7.086152478883935,0
0,0,0,23,1,0,0,1,1,0,0,0,1,0,55.8,1327.85,0,0,0,0,0,0,0,1,3,2,0,55.8,0.0,55.32708333333333,4.039536325727106,7.192069185526151,0
0,0,0,14,0,0,0,1,0,0,0,0,0,1,31.1,419.7,0,1,0,0,0,0,1,0,1,2,0,0.0,0.0,27.98,3.4688560301359703,6.041919990596475,0
0,1,1,1,1,0,0,0,0,0,0,0,0,1,21.0,21.0,1,0,0,1,0,1,0,0,1,0,0,0.0,0.0,10.5,3.091042453358316,3.091042453358316,1
1,0,0,1,1,0,0,0,0,0,0,0,0,0,45.1,45.1,1,0,0,0,0,0,1,0,1,0,0,0.0,0.0,22.55,3.8308129500026027,3.8308129500026027,1
1,0,0,4,0,0,0,1,0,0,1,1,0,1,50.95,207.35,0,1,0,0,1,0,0,1,3,0,0,0.0,0.0,41.47,3.9502817175452365,5.339219357868463,1
0,0,1,16,1,1,1,1,0,0,0,1,0,1,69.1,1083.7,0,1,0,0,0,1,0,0,5,2,0,0.0,0.0,63.747058823529414,4.249922794040544,6.989058730046172,0
0,1,0,46,0,0,0,0,0,0,1,1,0,1,43.95,2007.85,0,0,0,0,0,1,0,0,2,4,0,0.0,0.0,42.72021276595744,3.8055507609176296,7.605317698015492,0
0,0,1,68,1,1,1,1,0,1,1,1,2,1,86.5,5882.75,0,1,0,0,0,0,0,1,7,4,0,173.0,0.0,85.2572463768116,4.471638793363569,8.679949592715351,0
0,0,0,38,1,1,1,1,1,1,0,0,0,0,69.95,2657.55,0,1,0,0,0,1,0,0,6,4,0,0.0,0.0,68.1423076923077,4.261975403606051,7.885536140365803,0
1,1,0,30,1,0,0,1,0,0,0,0,0,1,50.4,1527.5,1,1,0,0,0,0,0,1,2,3,0,0.0,0.0,49.274193548387096,3.9396381724611196,7.33204214133089,0
1,0,0,5,1,0,0,0,0,0,0,1,0,0,78.95,378.4,1,0,1,0,0,1,0,0,2,0,0,0.0,78.95,63.06666666666666,4.381401439279963,5.938591057500914,1
0,0,0,17,1,0,0,1,1,0,0,1,0,1,90.95,1612.2,0,1,1,0,1,0,0,1,4,2,1,0.0,90.95,89.56666666666666,4.52124495105033,7.385975062999213,0
0,1,1,4,1,0,0,0,0,0,0,0,2,0,19.9,76.65,0,1,0,1,0,0,1,0,1,0,0,39.8,0.0,15.330000000000002,3.039749158970765,4.3522115495946965,1
0,0,0,12,1,0,0,0,0,0,0,0,1,0,20.15,260.7,0,0,0,1,0,1,0,0,1,1,0,20.15,0.0,20.053846153846152,3.0516399054922867,5.5671988095361,0
0,1,1,72,1,1,1,1,1,1,1,1,2,1,90.6,6441.85,0,1,0,0,1,0,0,1,8,4,1,181.2,0.0,88.24452054794521,4.517431271680085,8.770726267787392,0
0,0,0,3,1,0,0,0,0,0,1,1,0,1,92.0,266.8,0,1,1,0,0,1,0,0,3,0,1,0.0,92.0,66.7,4.532599493153256,5.5902404332570725,1
0,0,0,56,1,1,0,1,0,1,0,1,0,1,94.45,5124.6,1,1,1,0,0,1,0,0,5,4,1,0.0,94.45,89.90526315789474,4.558602550171757,8.542002870324811,0
0,0,0,41,1,1,0,0,0,0,0,0,1,1,24.85,962.25,0,0,0,1,0,0,1,0,2,4,0,24.85,0.0,22.910714285714285,3.2523106009544382,6.870312983506267,0
0,0,0,40,0,0,0,1,0,1,0,0,1,0,36.0,1382.9,0,1,0,0,1,0,0,1,2,4,0,36.0,0.0,33.72926829268293,3.6109179126442243,7.232660879231885,0
0,0,0,7,1,0,1,1,0,1,1,1,0,1,78.5,571.05,0,0,0,0,0,1,0,0,6,1,0,0.0,0.0,71.38125,4.375757021660286,6.349226400146953,0
0,0,0,69,1,0,0,0,0,0,0,0,2,0,19.95,1399.35,0,1,0,1,1,0,0,1,1,4,0,39.9,0.0,19.990714285714283,3.0421386463681466,7.2444774843585575,0
0,1,1,7,1,0,0,0,0,0,0,0,1,0,20.65,150.0,0,1,0,1,0,0,1,0,1,1,0,20.65,0.0,18.75,3.075005454448499,5.017279836814924,0
0,1,1,5,0,0,0,1,0,0,0,0,0,1,30.5,167.2,0,0,0,0,0,1,0,0,1,0,0,0.0,0.0,27.866666666666664,3.449987545831587,5.125153747538848,1
0,1,1,72,1,1,1,1,1,1,1,0,2,0,106.1,7657.4,0,0,1,0,1,0,0,1,7,4,1,212.2,106.1,104.8958904109589,4.673762977453703,8.943558363632143,0
0,1,1,44,1,0,0,0,0,0,0,0,1,1,20.5,865.05,0,1,0,1,0,0,0,1,1,4,0,20.5,0.0,19.223333333333333,3.068052935133617,6.763942643616289,0
0,0,0,65,1,1,0,1,1,0,1,0,1,1,95.5,6153.85,0,0,1,0,0,1,0,0,5,4,1,95.5,95.5,93.24015151515152,4.56954300834494,8.724995667891045,0
0,0,0,3,1,1,0,0,0,1,1,0,0,0,64.6,174.2,0,0,0,0,0,1,0,0,4,0,0,0.0,0.0,43.55,4.183575695950044,5.165928178502291,1
0,0,0,24,1,0,0,0,0,1,0,0,0,1,51.1,1269.6,0,1,0,0,1,0,0,1,2,2,0,0.0,0.0,50.784,3.9531649487593215,7.147244508832433,0
0,0,0,44,1,1,0,1,1,0,0,0,0,1,84.8,3862.55,1,0,1,0,0,0,0,1,4,4,0,0.0,84.8,85.83444444444444,4.4520190064939165,8.25934172892313,0
1,1,0,72,1,1,1,1,1,1,1,1,2,0,89.1,6352.4,0,0,0,0,1,0,0,1,8,4,0,178.2,0.0,87.01917808219177,4.500920164614292,8.756745381664464,0
0,0,0,24,1,0,1,0,0,1,0,0,0,0,54.95,1348.5,0,1,0,0,0,1,0,0,3,2,0,0.0,0.0,53.94,4.024458434757935,7.207489432458059,0
0,0,0,1,1,0,0,0,1,0,0,0,0,0,50.9,50.9,1,1,0,0,0,0,1,0,2,0,0,0.0,0.0,25.45,3.949318790171843,3.949318790171843,1
0,1,0,22,1,0,0,0,0,0,0,0,0,1,20.45,471.55,0,1,0,1,0,0,0,1,1,2,0,0.0,0.0,20.502173913043478,3.065724645374026,6.158143561441065,0
0,1,1,70,1,1,0,1,1,1,1,1,2,1,85.95,5931.75,0,1,0,0,1,0,0,1,7,4,0,171.9,0.0,83.54577464788733,4.465333240800292,8.688243128172127,0
0,1,1,25,1,1,0,0,0,0,1,0,0,0,60.35,1404.65,0,1,0,0,0,1,0,0,3,3,0,0.0,0.0,54.025000000000006,4.116595171156921,7.2482551082379425,0
0,1,1,37,1,0,0,0,0,0,0,0,2,0,19.8,726.1,0,1,0,1,0,0,0,1,1,4,0,39.6,0.0,19.107894736842105,3.0349529867072724,6.5890640196560115,0
1,1,1,22,1,1,0,0,0,0,1,0,0,0,85.35,1961.6,0,0,1,0,0,0,0,1,3,2,0,0.0,85.35,85.28695652173913,4.458408804592688,7.582025403772393,0
0,1,1,59,1,1,0,0,1,1,1,0,2,1,72.1,4194.85,0,0,0,0,0,0,0,1,5,4,0,144.2,0.0,69.91416666666667,4.291828366755733,8.341851220545456,0
0,1,1,49,1,1,0,0,1,0,1,1,0,1,99.8,4872.45,1,1,1,0,0,1,0,0,5,4,1,0.0,99.8,97.449,4.613138355637268,8.49155738415759,0
0,1,1,47,1,1,0,0,1,1,1,1,0,1,107.35,5118.95,1,1,1,0,0,0,0,1,6,4,1,0.0,107.35,106.64479166666666,4.685366727982368,8.540899952360869,0
0,1,1,31,1,0,0,0,0,0,0,0,0,1,19.55,658.95,1,0,0,1,0,0,1,0,1,3,0,0.0,0.0,20.5921875,3.022860940942244,6.492164074574964,0
0,1,1,1,1,0,0,0,0,0,0,1,0,1,81.05,81.05,0,1,1,0,0,1,0,0,2,0,0,0.0,81.05,40.525,4.4073288175361,4.4073288175361,1
0,0,0,3,1,0,0,0,0,0,0,0,0,1,20.5,76.95,0,1,0,1,0,1,0,0,1,0,0,0.0,0.0,19.2375,3.068052935133617,4.356067595503785,1
0,1,0,53,1,1,0,1,1,1,1,1,1,1,111.8,5809.75,0,0,1,0,0,0,0,1,7,4,1,111.8,111.8,107.58796296296296,4.725616339063959,8.667464929294537,0
0,0,0,1,1,0,0,0,0,0,0,0,0,0,20.2,20.2,0,1,0,1,0,0,1,0,1,0,0,0.0,0.0,10.1,3.054001181677967,3.054001181677967,1
0,0,0,20,1,0,0,0,0,0,0,0,1,1,19.7,415.9,0,1,0,1,0,0,1,0,1,2,0,19.7,0.0,19.804761904761904,3.0301337002713233,6.032846384886751,0
0,0,0,3,1,0,1,1,0,0,0,0,0,1,79.1,246.5,1,0,1,0,0,1,0,0,3,0,0,0.0,79.1,61.625,4.383275854074314,5.511410582008745,1
0,0,0,51,1,0,0,0,0,0,0,0,1,1,19.85,996.95,0,0,0,1,0,0,0,1,1,4,0,19.85,0.0,19.172115384615385,3.0373539482448106,6.905703174856006,0
0,1,0,51,1,0,1,1,0,1,0,0,1,1,60.5,3145.15,0,0,0,0,0,0,0,1,4,4,0,60.5,0.0,60.48365384615385,4.119037174812473,8.053934762074721,0
0,1,1,13,1,0,0,0,0,0,0,0,2,0,19.55,265.3,0,0,0,1,0,0,1,0,1,2,0,39.1,0.0,18.95,3.022860940942244,5.584623492819887,0
0,0,0,1,1,0,0,0,0,0,0,0,0,0,20.9,20.9,0,0,0,1,0,0,1,0,1,0,0,0.0,0.0,10.45,3.086486636822455,3.086486636822455,1
0,0,1,1,1,0,0,0,0,0,0,0,0,1,21.05,21.05,0,1,0,1,0,0,1,0,1,0,0,0.0,0.0,10.525,3.093312601892855,3.093312601892855,1
0,0,0,63,1,1,1,1,1,1,0,0,1,0,71.5,4576.3,0,1,0,0,0,1,0,0,6,4,0,71.5,0.0,71.5046875,4.283586561860629,8.428864583622543,0
0,0,0,3,1,0,0,0,0,0,0,1,0,0,54.65,189.1,0,1,0,0,0,0,1,0,2,0,0,0.0,0.0,47.275,4.019082077721554,5.247550249494384,1
0,0,0,46,1,0,0,0,0,0,0,0,2,0,19.2,908.15,0,1,0,1,1,0,0,1,1,4,0,38.4,0.0,19.322340425531916,3.005682604407159,6.812510097065403,0
0,0,0,1,1,1,0,0,0,0,0,0,0,1,49.8,49.8,0,1,0,0,1,0,0,1,2,0,0,0.0,0.0,24.9,3.927896354584436,3.927896354584436,1
0,0,1,8,0,0,0,0,0,0,0,0,0,0,25.5,215.2,1,1,0,0,0,0,1,0,0,1,0,0.0,0.0,23.91111111111111,3.2771447329921766,5.376203905205108,0
0,1,1,71,1,0,0,0,0,0,0,0,2,0,20.5,1500.95,0,0,0,1,0,0,0,1,1,4,0,41.0,0.0,20.84652777777778,3.068052935133617,7.314519542821921,0
0,1,1,55,1,1,0,0,1,0,1,0,0,1,90.4,5099.15,0,1,1,0,1,0,0,1,4,4,1,0.0,90.4,91.05624999999999,4.515245478460105,8.537025230044605,0
0,0,0,70,1,1,0,1,1,1,0,0,1,1,90.25,6385.95,0,0,1,0,0,0,0,1,5,4,1,90.25,90.25,89.94295774647887,4.513602992462601,8.762012125129507,0
0,0,0,2,1,0,0,0,0,0,0,1,0,0,80.75,159.45,1,0,1,0,0,1,0,0,2,0,0,0.0,80.75,53.15,4.403665809777363,5.077982367555866,1
0,1,1,67,1,1,1,0,0,1,1,1,2,0,104.6,6885.75,0,1,1,0,0,0,0,1,6,4,1,209.2,104.6,101.26102941176471,4.659658371272161,8.837354554609945,0
0,1,0,65,1,1,0,1,0,0,1,0,0,1,91.85,5940.85,1,1,1,0,0,0,0,1,4,4,1,0.0,91.85,90.01287878787879,4.530985287798715,8.689775811678336,0
0,1,0,14,1,0,0,0,1,0,0,0,0,0,50.2,668.85,0,1,0,0,1,0,0,1,2,2,0,0.0,0.0,44.59,3.9357395320454622,6.507053806722995,0
0,1,1,20,1,1,0,0,1,1,0,1,0,1,95.5,1916.2,0,0,1,0,0,0,0,1,5,2,1,0.0,95.5,91.24761904761905,4.56954300834494,7.558621067285476,0
0,0,1,1,1,0,0,1,0,0,0,0,0,1,75.35,75.35,1,1,1,0,0,1,0,0,2,0,0,0.0,75.35,37.675,4.335328031664641,4.335328031664641,1
0,0,0,1,1,1,0,0,0,0,0,0,0,1,75.45,75.45,1,1,1,0,0,1,0,0,2,0,0,0.0,75.45,37.725,4.336636932375072,4.336636932375072,1
0,1,1,49,1,1,0,0,0,0,1,1,0,1,95.4,4613.95,0,0,1,0,0,0,0,1,4,4,1,0.0,95.4,92.279,4.5685062016165,8.437056312642076,0
0,0,0,72,1,1,1,1,1,0,1,0,2,1,101.3,7261.25,0,0,1,0,0,0,0,1,6,4,1,202.6,101.3,99.46917808219177,4.627909672957581,8.890444977159751,0
0,1,0,46,1,1,1,0,0,0,0,0,0,0,53.1,2459.8,0,0,0,0,0,1,0,0,3,4,0,0.0,0.0,52.336170212765964,3.9908341858524357,7.808241779311325,0
0,0,0,24,1,1,0,1,1,0,0,0,0,1,84.85,2048.8,0,1,1,0,0,0,0,1,4,2,0,0.0,84.85,81.95200000000001,4.4526015873434845,7.625497506397463,0
0,1,1,5,0,0,0,1,0,1,0,0,0,0,34.25,163.55,0,0,0,0,0,1,0,0,2,0,0,0.0,0.0,27.258333333333336,3.5624655292582776,5.103214475389349,1
0,1,1,33,1,1,0,1,1,1,0,0,0,0,88.6,2888.7,0,0,1,0,1,0,0,1,5,3,0,0.0,88.6,84.96176470588235,4.4953553199808844,7.968907969489865,0
0,0,0,42,1,1,1,1,0,0,0,0,1,1,60.15,2421.6,0,0,0,0,0,0,0,1,4,4,0,60.15,0.0,56.31627906976744,4.113329862133181,7.7925966225827015,0
0,0,0,23,1,0,1,0,1,0,1,1,1,1,99.95,2292.75,0,1,1,0,1,0,0,1,5,2,1,99.95,99.95,95.53125,4.614625344758847,7.73794331180288,0
0,0,0,8,1,0,0,0,0,0,0,0,0,0,70.7,553.4,0,1,1,0,0,0,0,1,1,1,0,0.0,70.7,61.48888888888889,4.272490747605575,6.3178864478756935,0
0,0,0,66,1,0,1,1,0,0,0,0,1,1,54.8,3465.7,0,1,0,0,0,0,1,0,3,4,0,54.8,0.0,51.72686567164179,4.021773869387265,8.150958411799742,0
0,0,0,24,1,0,1,0,0,0,0,0,0,1,49.55,1210.4,1,1,0,0,0,0,0,1,2,2,0,0.0,0.0,48.416000000000004,3.9229629454664803,7.0995319945468465,0
1,0,0,24,1,1,0,1,0,0,0,0,0,0,54.8,1291.3,0,1,0,0,1,0,0,1,3,2,0,0.0,0.0,51.652,4.021773869387265,7.164178855531146,0
0,0,0,69,1,1,1,1,1,1,0,1,1,1,78.6,5356.45,1,1,0,0,1,0,0,1,7,4,0,78.6,0.0,76.52071428571428,4.377014092850337,8.58624339459303,0
0,0,0,53,1,0,0,1,1,0,1,1,1,1,100.3,5200.8,0,0,1,0,0,0,1,0,5,4,1,100.3,100.3,96.31111111111112,4.618086411254637,8.556759998518253,0
0,0,0,60,0,0,1,0,1,0,1,1,2,0,53.6,3237.05,0,0,0,0,0,1,0,0,4,4,0,107.2,0.0,53.06639344262295,4.000033882750859,8.082726575748996,0
0,1,0,7,1,0,0,0,0,0,1,0,0,1,81.1,576.65,1,0,1,0,0,1,0,0,2,1,0,0.0,81.1,72.08125,4.407938016458383,6.358968148929027,0
0,0,0,20,1,0,0,0,0,0,0,0,1,1,19.35,433.75,0,0,0,1,1,0,0,1,1,2,0,19.35,0.0,20.654761904761905,3.013080911888604,6.074771153234392,0
0,1,1,23,1,1,0,0,0,0,0,1,0,0,85.6,1868.4,0,0,1,0,0,1,0,0,3,2,0,0.0,85.6,77.85000000000001,4.461299815568389,7.533372802748483,0
0,1,1,72,1,0,1,0,1,1,1,1,2,1,80.8,5728.55,0,1,0,0,0,1,0,0,6,4,0,161.6,0.0,78.47328767123288,4.404277243608702,8.653392272593413,0
0,1,0,11,1,1,0,0,0,0,0,0,0,1,74.95,825.7,1,1,1,0,0,1,0,0,2,1,0,0.0,74.95,68.80833333333334,4.330075229041782,6.71744187225863,0
0,0,0,21,1,0,0,0,0,0,0,0,2,0,19.6,390.4,0,1,0,1,0,0,1,0,1,2,0,39.2,0.0,17.745454545454546,3.0252910757955354,5.969730054961976,0
1,0,0,1,1,1,0,0,0,0,1,1,0,1,93.55,93.55,1,1,1,0,0,1,0,0,4,0,1,0.0,93.55,46.775,4.549128795104466,4.549128795104466,1
1,0,0,31,1,1,0,1,0,0,1,0,0,1,90.7,2845.15,0,1,1,0,0,1,0,0,4,3,1,0.0,90.7,88.9109375,4.51852237926242,7.953722482812561,0
0,0,0,57,1,0,0,1,1,1,1,0,2,0,69.75,3894.4,0,0,0,0,0,0,1,0,5,4,0,139.5,0.0,67.1448275862069,4.259152536523347,8.2675516487958,0
0,1,1,45,1,0,0,0,0,0,0,0,2,1,20.0,886.4,0,0,0,1,0,0,0,1,1,4,0,40.0,0.0,19.269565217391303,3.044522437723423,6.788295838944809,0
0,0,0,10,1,1,0,1,1,0,0,1,0,1,95.25,1021.55,0,1,1,0,0,1,0,0,5,1,1,0.0,95.25,92.86818181818181,4.566948973167894,6.930054786476904,0
0,1,0,58,1,1,0,0,1,1,1,1,0,1,102.1,5885.4,1,0,1,0,1,0,0,1,6,4,1,0.0,102.1,99.75254237288135,4.635699391022914,8.68039988435051,0
0,0,1,14,1,0,0,0,0,0,0,0,0,0,19.95,268.4,0,1,0,1,0,0,1,0,1,2,0,0.0,0.0,17.89333333333333,3.0421386463681466,5.596197263976263,0
0,1,0,27,1,1,1,0,0,1,1,1,1,0,80.85,2204.35,0,1,0,0,0,0,1,0,6,3,0,80.85,0.0,78.72678571428571,4.404888303817144,7.698641505443378,0
0,1,1,14,1,1,0,1,0,0,0,1,0,1,90.9,1259.0,1,0,1,0,0,0,0,1,4,2,1,0.0,90.9,83.93333333333334,4.520701029361642,7.138866999945524,0
0,1,1,12,0,0,0,1,0,0,0,0,0,0,29.2,309.1,1,0,0,0,0,0,1,0,1,1,0,0.0,0.0,23.77692307692308,3.407841924380824,5.736894826106403,0
0,1,1,69,1,1,0,1,0,1,0,1,2,1,93.3,6398.05,0,0,1,0,0,0,0,1,5,4,1,186.6,93.3,91.40071428571429,4.546481189639412,8.763904820829827,0
0,1,1,25,1,0,0,1,1,0,1,0,0,1,89.15,2257.75,1,0,1,0,0,0,0,1,4,3,0,0.0,89.15,86.83653846153847,4.501474949649326,7.722566841906438,0
1,1,0,58,1,1,1,1,1,0,1,1,1,1,108.85,6287.25,1,1,1,0,0,1,0,0,7,4,1,108.85,108.85,106.5635593220339,4.699115798830619,8.746438091588423,0
0,1,1,35,0,0,1,0,0,1,1,0,2,1,46.35,1662.05,0,0,0,0,1,0,0,1,3,3,0,92.7,0.0,46.168055555555554,3.8575668196320874,7.416408544886471,0
1,0,0,16,1,1,0,0,0,0,1,0,0,1,84.75,1350.15,1,0,1,0,0,1,0,0,3,2,0,0.0,84.75,79.42058823529412,4.45143608604605,7.208711360664456,0
0,1,1,45,1,1,0,1,1,0,1,1,1,0,78.75,3600.65,0,1,0,0,1,0,0,1,6,4,0,78.75,0.0,78.275,4.378896741664954,8.189147352774896,0
0,0,0,17,1,0,0,1,0,0,1,0,0,1,83.55,1329.15,0,0,1,0,0,1,0,0,3,2,0,0.0,83.55,73.84166666666667,4.4373430753445895,7.1930469968112805,0
0,1,1,1,1,0,0,0,0,0,0,0,0,1,45.7,45.7,1,0,0,0,0,1,0,0,1,0,0,0.0,0.0,22.85,3.8437441646748516,3.8437441646748516,1
0,0,0,22,1,0,0,0,0,0,0,0,1,0,19.6,422.5,0,1,0,1,0,0,1,0,1,2,0,19.6,0.0,18.369565217391305,3.0252910757955354,6.048553514092109,0
1,0,0,1,1,0,0,0,0,0,0,0,0,1,69.95,69.95,1,0,1,0,0,1,0,0,1,0,0,0.0,69.95,34.975,4.261975403606051,4.261975403606051,1
0,1,1,67,1,0,1,0,1,1,0,1,2,0,67.85,4627.65,0,1,0,0,0,0,1,0,5,4,0,135.7,0.0,68.05367647058823,4.231930225174664,8.44002052788967,0
0,1,1,67,1,1,0,0,1,1,1,1,2,1,105.65,6717.9,0,0,1,0,0,0,0,1,6,4,1,211.3,105.65,98.79264705882352,4.669552444917359,8.812679729642257,0
0,1,0,2,0,0,0,0,0,0,1,1,0,0,44.6,97.1,1,0,0,0,0,1,0,0,2,0,0,0.0,0.0,32.36666666666667,3.8199077165203406,4.585987366571318,1
0,0,0,23,1,1,0,0,0,0,0,0,0,1,74.95,1710.45,1,1,1,0,0,1,0,0,2,2,0,0.0,74.95,71.26875,4.330075229041782,7.445096243403855,0
1,0,0,9,1,0,0,0,1,0,0,0,0,0,75.5,637.4,0,0,1,0,1,0,0,1,2,1,0,0.0,75.5,63.739999999999995,4.33729074083249,6.458965046135599,0
0,0,0,5,1,0,0,0,0,0,0,0,0,0,20.15,117.95,0,0,0,1,0,0,1,0,1,0,0,0.0,0.0,19.658333333333335,3.0516399054922867,4.778703236748966,1
0,0,0,54,0,0,1,0,0,1,1,0,2,0,45.2,2460.55,0,1,0,0,1,0,0,1,3,4,0,90.4,0.0,44.73727272727273,3.832979798087693,7.8085465118093405,0
0,0,0,57,1,0,0,0,1,0,1,1,2,1,95.25,5464.65,1,0,1,0,0,1,0,0,4,4,1,190.5,95.25,94.21810344827585,4.566948973167894,8.606238332238815,0
0,0,0,24,1,1,0,0,1,0,1,0,0,1,89.85,2165.05,1,1,1,0,0,0,1,0,4,2,0,0.0,89.85,86.602,4.50920979484218,7.680660511320358,0
0,1,1,49,1,1,0,1,0,0,1,1,1,0,100.45,4941.8,1,0,1,0,0,0,1,0,5,4,1,100.45,100.45,98.836,4.619566066271823,8.505687251230036,0
0,0,0,5,1,1,0,0,0,0,0,0,0,0,47.15,223.15,1,1,0,0,0,1,0,0,2,0,0,0.0,0.0,37.19166666666667,3.8743211382441345,5.412315470601449,1
0,0,0,2,1,0,0,0,0,0,0,1,0,1,80.2,181.1,1,1,1,0,0,1,0,0,2,0,0,0.0,80.2,60.36666666666667,4.396915247167632,5.2045559867335625,1
0,0,1,4,1,1,0,0,1,1,0,0,0,1,87.1,341.45,1,0,1,0,0,0,1,0,4,0,0,0.0,87.1,68.28999999999999,4.478472532942134,5.836125661643914,1
0,1,1,70,1,1,1,1,1,1,1,0,2,1,79.25,5731.85,0,1,0,0,0,0,0,1,7,4,0,158.5,0.0,80.73028169014086,4.385146762010125,8.653968068254212,0
0,0,0,5,1,1,0,0,0,0,0,0,0,1,75.9,357.75,1,1,1,0,0,0,0,1,2,0,0,0.0,75.9,59.625,4.3425058765115985,5.882625767073831,1
0,1,1,53,1,1,1,0,1,1,1,1,0,0,85.7,4616.1,0,1,0,0,0,1,0,0,7,4,0,0.0,0.0,85.48333333333333,4.462453883786496,8.437522081358422,0
0,1,0,47,1,1,1,1,1,0,1,0,0,1,98.75,4533.7,1,0,1,0,0,1,0,0,6,4,1,0.0,98.75,94.45208333333333,4.602667055769973,8.419514208211142,0
0,0,1,31,1,0,0,0,0,0,0,0,1,0,20.1,589.25,0,0,0,1,1,0,0,1,1,3,0,20.1,0.0,18.4140625,3.0492730404820207,6.380546175965622,0
0,1,1,13,1,0,0,1,1,1,0,0,0,0,61.8,750.1,0,1,0,0,0,0,0,1,4,2,0,0.0,0.0,53.57857142857143,4.139955073474153,6.621538798691966,0
0,1,1,28,1,1,0,0,0,0,0,0,0,0,49.9,1410.25,0,0,0,0,0,0,1,0,2,3,0,0.0,0.0,48.62931034482759,3.929862923556477,7.2522311154638714,0
0,0,0,10,1,1,0,0,0,0,0,1,0,0,86.45,830.85,1,0,1,0,0,1,0,0,3,1,0,0.0,86.45,75.53181818181818,4.471067201464611,6.723652136105752,0
0,1,0,38,1,0,0,0,0,0,0,0,2,0,20.4,743.5,0,1,0,1,0,0,0,1,1,4,0,40.8,0.0,19.064102564102566,3.0633909220278057,6.612712852124064,0
0,0,0,1,1,0,0,0,0,0,0,0,0,1,45.3,45.3,1,0,0,0,0,0,1,0,1,0,0,0.0,0.0,22.65,3.835141961092188,3.835141961092188,1
0,1,0,67,1,1,0,1,1,0,1,1,1,0,104.1,7040.85,1,1,1,0,0,1,0,0,6,4,1,104.1,104.1,103.54191176470589,4.6549122778829055,8.859626198721307,0
0,1,0,52,1,0,1,1,0,0,1,1,1,1,75.4,3865.45,0,1,0,0,0,0,1,0,5,4,0,75.4,0.0,72.93301886792453,4.335982696172475,8.260092052373597,0
0,1,1,62,1,0,1,1,1,1,1,1,2,0,108.15,6825.65,0,1,1,0,0,0,1,0,7,4,1,216.3,108.15,108.34365079365078,4.692723082995953,8.828589349076104,0
0,0,0,16,1,0,0,1,0,0,0,1,0,1,86.25,1340.1,0,0,1,0,0,1,0,0,3,2,0,0.0,86.25,78.82941176470588,4.468777561082536,7.201245451716894,0
1,1,0,5,1,1,0,1,0,0,0,0,0,1,81.0,371.65,1,0,1,0,0,1,0,0,3,0,0,0.0,81.0,61.94166666666666,4.406719247264253,5.9206396413277025,1
0,0,0,12,1,0,0,0,1,0,1,1,1,0,95.7,1184.0,0,1,1,0,0,1,0,0,4,1,1,95.7,95.7,91.07692307692308,4.571613402459248,7.077498053569231,0
0,1,1,72,1,1,1,1,1,1,1,1,2,1,116.85,8477.7,0,0,1,0,0,0,0,1,8,4,1,233.7,116.85,116.13287671232878,4.76941262938214,9.04531241514722,0
1,0,0,71,1,1,0,1,0,1,1,1,1,0,105.75,7382.85,0,1,1,0,0,0,0,1,6,4,1,105.75,105.75,102.53958333333334,4.670489652108734,8.907050461783502,0
0,1,0,24,1,0,0,0,0,0,0,0,1,0,20.15,456.85,0,0,0,1,0,0,1,0,1,2,0,20.15,0.0,18.274,3.0516399054922867,6.126541619553741,0
0,0,0,15,1,0,0,0,0,0,0,0,2,0,19.6,331.6,0,0,0,1,0,0,1,0,1,2,0,39.2,0.0,20.725,3.0252910757955354,5.806940566758827,0
0,1,0,67,1,0,1,1,0,0,0,1,1,1,90.6,6056.15,1,1,1,0,1,0,0,1,4,4,1,90.6,90.6,89.06102941176471,4.517431271680085,8.708994671409323,0
0,0,1,2,1,1,1,1,0,0,0,0,0,0,60.95,134.6,0,1,0,0,0,0,0,1,4,0,0,0.0,0.0,44.86666666666667,4.126327608075152,4.909709375506295,1
0,1,1,5,0,0,0,0,0,0,0,0,0,0,25.05,125.5,0,0,0,0,0,0,1,0,0,0,0,0.0,0.0,20.916666666666668,3.260017768199376,4.840242308167575,1
0,1,0,15,1,0,0,0,0,0,1,1,0,0,88.15,1390.6,1,0,1,0,0,1,0,0,3,2,0,0.0,88.15,86.9125,4.49032034430915,7.238209443277787,0
0,0,0,1,1,0,0,0,0,0,0,0,0,1,20.2,20.2,1,1,0,1,0,0,1,0,1,0,0,0.0,0.0,10.1,3.054001181677967,3.054001181677967,1
0,1,1,41,1,0,1,1,1,0,0,0,1,1,60.3,2511.3,0,1,0,0,0,0,0,1,4,4,0,60.3,0.0,59.792857142857144,4.115779842942166,7.828953947208875,0
0,0,1,43,1,0,1,1,0,0,0,1,0,1,63.95,2737.05,0,0,0,0,0,1,0,0,4,4,0,0.0,0.0,62.20568181818182,4.173617743116608,7.915001267186403,0
1,1,0,1,1,1,0,0,0,0,0,0,0,0,74.3,74.3,0,1,1,0,0,1,0,0,2,0,0,0.0,74.3,37.15,4.321480134805848,4.321480134805848,1
1,0,0,1,1,0,0,0,0,0,0,0,0,1,70.6,70.6,0,0,1,0,0,0,1,0,1,0,0,0.0,70.6,35.3,4.2710950739666,4.2710950739666,1
0,1,1,26,1,0,0,0,0,0,1,1,0,1,90.8,2361.8,1,0,1,0,0,1,0,0,3,3,1,0.0,90.8,87.47407407407408,4.519612297626445,7.7676026354330805,0
0,0,0,22,1,1,0,1,0,0,0,0,0,1,79.35,1730.35,1,1,1,0,0,1,0,0,3,2,0,0.0,79.35,75.23260869565217,4.386392092183521,7.456656730000356,0
0,1,0,71,1,1,1,1,1,1,1,1,2,0,90.55,6404.0,0,1,0,0,0,0,0,1,8,4,1,181.1,0.0,88.94444444444444,4.51688527112052,8.764834214330834,0
0,0,0,7,1,0,0,0,0,0,0,0,2,0,19.45,165.35,0,1,0,1,0,0,1,0,1,1,0,38.9,0.0,20.66875,3.017982882488811,5.114094002464486,0
1,0,0,28,1,1,0,1,1,1,0,0,0,0,64.45,1867.6,0,0,0,0,0,0,0,1,5,3,0,0.0,0.0,64.39999999999999,4.181286492355909,7.532944766358855,0
1,0,0,16,1,0,0,0,0,0,0,0,0,0,69.65,1043.3,0,1,1,0,0,1,0,0,1,2,0,0.0,69.65,61.370588235294115,4.257738109130536,6.951102083485503,0
0,0,0,7,1,0,0,0,0,0,0,0,1,0,19.5,128.6,0,1,0,1,0,0,1,0,1,1,0,19.5,0.0,16.075,3.0204248861443626,4.864452783918174,0
0,0,0,69,1,1,0,1,1,1,1,1,2,1,110.5,7455.45,0,0,1,0,0,0,0,1,7,4,1,221.0,110.5,106.50642857142857,4.7140245909001735,8.916834708621446,0
0,0,1,1,0,0,0,0,0,0,0,0,0,0,24.7,24.7,0,0,0,0,0,0,1,0,0,0,0,0.0,0.0,12.35,3.246490991901174,3.246490991901174,1
0,0,0,3,1,0,1,0,1,0,1,1,0,1,77.4,206.15,0,1,0,0,0,1,0,0,5,0,0,0.0,0.0,51.5375,4.361823927356363,5.333443168523411,1
1,0,0,21,1,0,0,0,1,0,1,1,0,1,96.8,2030.3,1,1,1,0,0,0,0,1,4,2,1,0.0,96.8,92.28636363636363,4.582924577040772,7.616431261159709,0
0,1,0,69,1,1,0,1,1,0,0,0,0,1,85.4,5869.4,0,0,1,0,0,0,0,1,4,4,0,0.0,85.4,83.84857142857142,4.45898767581001,8.677678053601017,0
0,1,0,71,0,0,1,1,1,1,0,0,2,1,47.6,3377.8,0,0,0,0,0,0,0,1,4,4,0,95.2,0.0,46.91388888888889,3.883623530906448,8.125275895853342,0
0,1,1,69,1,0,0,0,0,0,0,0,2,0,19.4,1346.2,0,0,0,1,0,0,1,0,1,4,0,38.8,0.0,19.231428571428573,3.0155349008501706,7.205783643488062,0
0,0,0,48,1,1,0,0,1,1,1,1,0,1,103.85,4946.05,0,0,1,0,0,1,0,0,6,4,1,0.0,103.85,100.93979591836735,4.652530757347929,8.50654671831227,0
0,1,0,47,1,1,0,1,1,0,0,0,0,1,83.35,4065.0,1,1,1,0,0,0,0,1,4,4,0,0.0,83.35,84.6875,4.434974808991977,8.310414994188292,0
0,0,0,2,1,1,0,0,0,0,0,0,0,1,49.4,106.55,1,0,0,0,0,1,0,0,2,0,0,0.0,0.0,35.516666666666666,3.919991175077323,4.677955855713739,1
0,0,0,45,1,1,1,0,1,1,1,1,0,1,108.45,4964.7,0,1,1,0,1,0,0,1,7,4,1,0.0,108.45,107.92826086956521,4.695467823968872,8.510309553449911,0
0,0,0,51,1,1,0,1,0,0,0,0,0,0,81.0,4085.75,0,1,1,0,0,0,0,1,3,4,0,0.0,81.0,78.57211538461539,4.406719247264253,8.315505312131318,0
0,1,0,22,1,1,1,0,0,1,1,1,0,1,79.2,1742.75,1,0,0,0,0,1,0,0,6,2,0,0.0,0.0,75.77173913043478,4.384523514872469,7.463793245569676,0
0,0,0,72,1,1,1,1,1,1,1,1,2,0,86.65,6224.8,0,1,0,0,0,0,0,1,8,4,0,173.3,0.0,85.27123287671233,4.473351611367243,8.73645722713191,0
0,1,1,37,1,1,0,1,1,0,1,0,0,1,92.95,3415.25,0,1,1,0,0,1,0,0,5,4,1,0.0,92.95,89.875,4.5427627258594745,8.136298737242278,0
0,1,1,71,1,1,1,1,1,1,1,1,2,0,90.35,6325.25,0,1,0,0,0,1,0,0,8,4,1,180.7,0.0,87.85069444444444,4.514698282824016,8.752462922528288,0
0,1,1,7,1,0,0,0,1,0,0,0,0,0,48.7,340.25,1,1,0,0,0,1,0,0,2,1,0,0.0,0.0,42.53125,3.906004933102583,5.8326153464991695,0
0,0,0,66,1,1,0,0,0,0,0,0,2,1,25.15,1683.6,0,0,0,1,1,0,0,1,2,4,0,50.3,0.0,25.128358208955223,3.263849190510932,7.4292834258812634,0
0,1,1,51,1,0,1,0,0,1,1,1,1,1,76.4,3966.3,0,1,0,0,0,0,0,1,5,4,0,76.4,0.0,76.275,4.3489867805956814,8.285841041552139,0
0,1,1,30,1,0,0,0,0,0,0,0,1,0,19.55,608.5,0,0,0,1,0,0,0,1,1,3,0,19.55,0.0,19.629032258064516,3.022860940942244,6.412638948921326,0
0,0,0,34,1,1,0,0,0,0,1,0,0,0,85.35,2896.6,0,0,1,0,0,1,0,0,3,3,0,0.0,85.35,82.75999999999999,4.458408804592688,7.971638087129149,0
0,1,1,64,1,1,0,0,0,0,0,0,2,1,24.8,1514.85,0,1,0,1,0,0,1,0,2,4,0,49.6,0.0,23.305384615384614,3.250374491927572,7.323731616715949,0
1,1,0,65,1,1,0,1,1,0,1,1,1,1,103.15,6792.45,0,1,1,0,0,0,0,1,6,4,1,103.15,103.15,102.91590909090908,4.645832167706981,8.823714191660846,0
0,0,0,47,1,1,1,1,0,1,1,0,0,0,100.75,4669.2,0,1,1,0,0,0,1,0,6,4,1,0.0,100.75,97.27499999999999,4.622518824322705,8.448957176298375,0
0,0,0,1,1,0,1,0,0,0,1,1,0,1,95.6,95.6,1,0,1,0,0,1,0,0,4,0,1,0.0,95.6,47.8,4.570578741218473,4.570578741218473,1
0,0,0,49,1,1,1,1,0,0,0,0,0,1,59.75,2934.3,1,0,0,0,1,0,0,1,4,4,0,0.0,0.0,58.68600000000001,4.1067670822206574,7.984564941689402,0
0,1,1,67,1,1,0,1,0,1,1,0,2,0,94.1,6302.8,0,0,1,0,1,0,0,1,5,4,1,188.2,94.1,92.68823529411765,4.554928969551344,8.748907905146114,0
0,0,1,39,1,0,0,0,0,0,0,0,1,0,19.35,779.2,0,1,0,1,0,0,0,1,1,4,0,19.35,0.0,19.48,3.013080911888604,6.659550297072556,0
0,0,0,14,1,0,0,0,0,0,0,0,0,0,19.9,283.75,0,1,0,1,0,0,1,0,1,2,0,0.0,0.0,18.916666666666668,3.039749158970765,5.651611602327291,0
1,0,0,43,1,0,1,1,0,1,1,1,0,1,108.15,4600.7,1,0,1,0,1,0,0,1,6,4,1,0.0,108.15,104.56136363636364,4.692723082995953,8.434181079422173,0
1,0,0,56,1,1,0,0,1,0,1,1,0,1,101.05,5594.0,0,1,1,0,0,1,0,0,5,4,1,0.0,101.05,98.14035087719299,4.625462889255854,8.629628620746026,0
0,0,0,14,1,0,0,0,0,1,0,1,1,0,59.1,772.85,0,0,0,0,1,0,0,1,3,2,0,59.1,0.0,51.52333333333333,4.096009841541162,6.6513780563587686,0
0,0,0,1,1,0,0,0,0,0,0,0,0,0,71.35,71.35,1,0,1,0,0,1,0,0,1,0,0,0.0,71.35,35.675,4.281515453077493,4.281515453077493,1
0,1,1,16,1,0,1,1,0,0,0,0,1,1,55.85,857.8,0,1,0,0,0,0,1,0,3,2,0,55.85,0.0,50.45882352941176,4.040416220196545,6.755536066004626,0
0,1,1,70,1,1,1,1,0,0,1,1,0,1,106.05,7554.05,0,1,1,0,0,1,0,0,6,4,1,0.0,106.05,106.39507042253521,4.6732960150356915,8.929971492818627,0
1,1,0,72,1,1,1,1,1,0,1,1,2,1,84.1,5981.65,0,1,0,0,1,0,0,1,7,4,0,168.2,0.0,81.94041095890411,4.443827035579329,8.696618892598165,0
0,1,1,23,1,0,0,0,1,0,0,0,0,1,75.3,1702.9,0,0,1,0,1,0,0,1,2,2,0,0.0,75.3,70.95416666666667,4.334672938290411,7.440675020221193,0
0,0,1,21,1,1,0,0,0,0,0,0,0,0,24.7,467.15,0,1,0,1,0,0,1,0,2,2,0,0.0,0.0,21.23409090909091,3.246490991901174,6.1487887573848985,0
0,0,0,1,1,0,0,0,0,0,0,0,0,1,20.15,20.15,1,0,0,1,0,0,1,0,1,0,0,0.0,0.0,10.075,3.0516399054922867,3.0516399054922867,1
0,0,1,1,1,0,0,0,0,0,0,0,0,0,69.75,69.75,1,1,1,0,0,0,0,1,1,0,0,0.0,69.75,34.875,4.259152536523347,4.259152536523347,1
1,1,0,32,1,1,0,0,0,0,1,1,0,1,93.2,2931.0,1,0,1,0,0,1,0,0,4,3,1,0.0,93.2,88.81818181818181,4.545420181582317,7.983440063006542,0
0,1,1,17,1,0,0,0,0,0,1,0,0,0,80.85,1400.85,1,1,1,0,0,1,0,0,2,2,0,0.0,80.85,77.82499999999999,4.404888303817144,7.2455480718564305,0
0,0,0,4,0,0,1,1,0,0,0,0,0,1,33.65,137.85,1,0,0,0,0,1,0,0,2,0,0,0.0,0.0,27.57,3.5452977256359124,4.933394213752808,1
0,0,0,36,1,1,0,0,1,0,0,0,1,0,55.8,1941.5,0,0,0,0,0,1,0,0,3,3,0,55.8,0.0,52.472972972972975,4.039536325727106,7.5717310822418025,0
0,0,0,50,0,0,0,1,1,1,0,0,2,0,39.7,1932.75,0,0,0,0,1,0,0,1,3,4,0,79.4,0.0,37.89705882352941,3.7062280924485496,7.567216401887276,0
0,1,1,48,0,0,0,0,0,1,0,0,0,1,29.5,1423.05,0,0,0,0,1,0,0,1,1,4,0,0.0,0.0,29.041836734693877,3.417726683613366,7.2612602037150475,0
0,0,1,50,1,0,0,0,0,0,0,0,2,0,20.15,970.85,0,0,0,1,1,0,0,1,1,4,0,40.3,0.0,19.03627450980392,3.0516399054922867,6.879201471564076,0
0,1,0,72,1,1,1,1,1,1,0,1,2,0,79.55,5810.9,0,1,0,0,1,0,0,1,7,4,0,159.1,0.0,79.60136986301369,4.388878109622984,8.66766281876101,0
0,0,1,10,1,1,0,0,0,0,0,0,0,0,24.8,223.9,0,1,0,1,1,0,0,1,2,1,0,0.0,0.0,20.354545454545455,3.250374491927572,5.41565585896527,0
0,0,0,18,1,0,0,0,0,0,0,0,0,0,19.65,391.7,0,0,0,1,0,0,1,0,1,2,0,0.0,0.0,20.61578947368421,3.027715319407042,5.9730459615839635,0
0,0,0,1,1,0,0,0,0,0,1,0,0,1,79.95,79.95,1,1,1,0,0,1,0,0,2,0,0,0.0,79.95,39.975,4.393831680123644,4.393831680123644,1
0,0,0,1,1,0,0,0,0,0,0,0,0,0,19.3,19.3,1,0,0,1,0,1,0,0,1,0,0,0.0,0.0,9.65,3.0106208860477417,3.0106208860477417,1
0,0,0,9,1,0,0,0,1,0,1,1,0,1,94.05,811.65,0,1,1,0,0,1,0,0,4,1,1,0.0,94.05,81.16499999999999,4.554403068934438,6.700300512549185,0
0,0,0,2,1,1,1,0,0,0,0,1,0,0,90.75,174.75,0,1,1,0,0,0,1,0,4,0,1,0.0,90.75,58.25,4.51906748693468,5.169062530690774,1
0,1,0,40,1,1,0,0,0,1,0,0,0,1,78.85,3126.85,0,0,1,0,1,0,0,1,3,4,0,0.0,78.85,76.26463414634146,4.380149874661021,8.04810114655118,0
0,1,0,69,1,1,0,0,1,0,1,1,1,0,99.5,6841.45,0,1,1,0,0,0,0,1,5,4,1,99.5,99.5,97.735,4.61015772749913,8.830901133617402,0
0,1,0,37,1,1,1,0,1,1,0,1,1,1,99.2,3754.6,1,0,1,0,0,1,0,0,6,4,1,99.2,99.2,98.80526315789473,4.607168188650764,8.231003338384392,0
0,0,1,18,1,1,0,0,1,0,0,0,0,1,80.55,1406.65,0,1,1,0,1,0,0,1,3,2,0,0.0,80.55,74.03421052631579,4.401216329067023,7.249676926271517,0
1,1,0,11,1,0,0,0,0,0,0,0,0,1,70.2,834.7,0,1,1,0,0,1,0,0,1,1,0,0.0,70.2,69.55833333333334,4.26549281841793,6.7282696970073905,0
0,1,0,8,1,1,0,0,0,0,0,1,0,1,85.2,627.4,1,0,1,0,1,0,0,1,3,1,0,0.0,85.2,69.71111111111111,4.456670177669648,6.443176906381466,0
0,0,0,3,1,1,0,0,0,0,0,0,0,0,75.25,242.0,1,0,1,0,0,1,0,0,2,0,0,0.0,75.25,60.5,4.334017415487521,5.493061443340548,1
0,1,1,55,1,0,1,0,0,0,0,1,1,0,59.45,3157.0,0,1,0,0,1,0,0,1,3,4,0,59.45,0.0,56.375,4.101816577060802,8.057694194815587,0
0,1,0,33,1,1,0,1,1,0,0,1,0,1,93.35,3092.0,0,1,1,0,0,1,0,0,5,3,1,0.0,93.35,90.94117647058823,4.547011271814559,8.03689677268507,0
0,0,0,46,1,0,0,0,0,0,0,0,0,0,44.95,2168.9,0,0,0,0,0,0,0,1,1,4,0,0.0,0.0,46.1468085106383,3.827553848801696,7.682436362523345,0
0,0,0,34,1,1,0,0,0,0,0,0,2,0,26.1,980.35,0,1,0,1,0,0,0,1,2,3,0,52.2,0.0,28.01,3.299533727885655,6.888929174732088,0
0,0,0,3,1,0,0,0,0,0,0,0,0,0,20.2,65.95,0,0,0,1,0,1,0,0,1,0,0,0.0,0.0,16.4875,3.054001181677967,4.203946072137182,1
0,1,1,30,1,0,0,0,0,0,0,0,2,0,21.25,711.9,0,1,0,1,0,0,1,0,1,3,0,42.5,0.0,22.96451612903226,3.1023420086122493,6.569341158123582,0
0,0,0,33,1,1,1,0,0,1,0,0,1,0,59.4,1952.8,0,0,0,0,0,1,0,0,4,3,0,59.4,0.0,57.43529411764706,4.100989104940769,7.577531473218842,0
0,1,1,45,1,1,0,1,1,0,0,1,1,1,95.0,4368.85,0,1,1,0,1,0,0,1,5,4,1,95.0,95.0,94.97500000000001,4.564348191467836,8.38248396255773,0
0,0,0,40,1,0,1,1,0,1,0,0,0,1,61.9,2647.1,0,1,0,0,0,0,1,0,4,4,0,0.0,0.0,64.56341463414634,4.141546163706395,7.881597680694297,0
0,0,0,71,1,1,1,1,1,1,1,1,2,1,118.65,8477.6,0,0,1,0,0,1,0,0,8,4,1,237.3,118.65,117.74444444444445,4.784570814354383,9.045300620816755,0
0,0,0,1,1,1,0,0,1,0,0,0,0,0,54.35,54.35,1,1,0,0,0,1,0,0,3,0,0,0.0,0.0,27.175,4.013676659154646,4.013676659154646,1
0,1,1,72,0,0,1,1,1,1,1,1,2,0,64.45,4528.0,0,0,0,0,0,0,0,1,6,4,0,128.9,0.0,62.02739726027397,4.181286492355909,8.418256443556213,0
0,1,1,22,1,0,0,0,0,0,0,1,0,1,80.15,1790.65,0,0,1,0,0,1,0,0,2,2,0,0.0,80.15,77.85434782608696,4.396299293960601,7.490892261958906,0
0,1,1,46,1,0,0,0,0,0,0,0,1,1,20.2,845.6,0,1,0,1,0,0,0,1,1,4,0,20.2,0.0,17.99148936170213,3.054001181677967,6.741228328086823,0
0,1,1,55,1,0,0,0,0,0,0,0,2,0,21.0,1210.3,0,0,0,1,0,0,1,0,1,4,0,42.0,0.0,21.6125,3.091042453358316,7.099449442022756,0
0,0,0,1,1,0,0,0,0,0,0,0,0,0,20.45,20.45,0,1,0,1,0,0,1,0,1,0,0,0.0,0.0,10.225,3.065724645374026,3.065724645374026,1
0,0,0,12,1,1,0,0,0,1,1,1,1,1,75.85,854.45,0,0,0,0,0,0,1,0,5,1,0,75.85,0.0,65.72692307692309,4.341855469984605,6.7516276462706575,0
0,0,0,31,1,1,0,1,0,0,0,0,0,1,80.45,2429.1,0,1,1,0,0,1,0,0,3,3,0,0.0,80.45,75.909375,4.399989335048054,7.795687687751237,0
0,1,0,5,0,0,0,0,0,0,0,0,0,1,24.95,100.4,1,1,0,0,0,1,0,0,0,0,0,0.0,0.0,16.733333333333334,3.2561716096118976,4.619073091157083,1
0,1,1,67,1,1,1,0,0,0,1,1,2,1,75.5,5229.45,0,0,0,0,0,1,0,0,5,4,0,151.0,0.0,76.90367647058824,4.33729074083249,8.562252595422573,0
0,0,0,1,1,0,0,0,0,0,0,0,0,0,44.45,44.45,0,1,0,0,0,0,1,0,1,0,0,0.0,0.0,22.225,3.816612820623488,3.816612820623488,1
0,1,0,40,0,0,1,1,1,0,0,0,1,1,42.35,1716.45,1,1,0,0,0,1,0,0,3,4,0,42.35,0.0,41.864634146341466,3.769306703226551,7.448595911591226,0
0,1,1,41,1,1,1,1,1,0,1,0,0,1,74.55,3023.55,0,1,0,0,1,0,0,1,6,4,0,0.0,0.0,71.98928571428571,4.3247946887187485,8.014517599068448,0
0,0,0,1,1,1,0,0,0,0,0,0,0,1,75.3,75.3,1,1,1,0,0,1,0,0,2,0,0,0.0,75.3,37.65,4.334672938290411,4.334672938290411,1
0,0,0,51,1,1,1,1,0,0,1,0,1,1,94.8,4837.6,1,1,1,0,0,1,0,0,5,4,1,94.8,94.8,93.03076923076924,4.562262684976814,8.484380701669687,0
0,1,1,42,0,0,1,0,1,1,1,0,2,0,48.15,2032.3,0,1,0,0,1,0,0,1,4,4,0,96.3,0.0,47.26279069767442,3.8948768465931756,7.617415367916296,0
0,1,1,23,1,0,0,0,0,0,0,0,1,0,19.65,436.9,0,1,0,1,0,0,1,0,1,2,0,19.65,0.0,18.204166666666666,3.027715319407042,6.081990573807353,0
1,0,0,1,1,0,0,0,0,0,0,0,0,1,70.55,70.55,1,0,1,0,0,1,0,0,1,0,0,0.0,70.55,35.275,4.27039650600246,4.27039650600246,1
0,0,0,1,1,0,0,0,0,0,0,0,0,0,20.15,20.15,0,0,0,1,0,0,1,0,1,0,0,0.0,0.0,10.075,3.0516399054922867,3.0516399054922867,1
0,0,0,56,1,1,1,1,0,0,1,1,0,1,106.6,5893.95,0,0,1,0,1,0,0,1,6,4,1,0.0,106.6,103.40263157894736,4.678420647727684,8.681851331171295,0
0,0,1,15,1,1,0,1,0,0,1,0,0,1,91.0,1430.05,0,1,1,0,0,1,0,0,4,2,1,0.0,91.0,89.378125,4.5217885770490405,7.266163719547021,0
0,1,1,12,1,1,0,0,0,0,0,0,2,1,25.4,313.0,0,1,0,1,0,0,0,1,2,1,0,50.8,0.0,24.076923076923077,3.2733640101522705,5.749392985908253,0
0,1,1,54,1,0,1,0,1,1,0,1,2,0,69.95,3871.85,0,0,0,0,0,0,0,1,5,4,0,139.9,0.0,70.39727272727272,4.261975403606051,8.261745949097815,0
0,0,0,7,1,0,0,0,0,0,1,1,0,1,66.85,458.1,0,0,0,0,0,1,0,0,3,1,0,0.0,0.0,57.2625,4.217299386280878,6.129268051255177,0
0,1,1,33,1,1,0,0,0,0,0,1,0,0,86.15,2745.7,1,0,1,0,1,0,0,1,3,3,0,0.0,86.15,80.75588235294117,4.46763077196603,7.918155470084098,0
0,1,1,16,1,0,0,0,0,0,0,0,0,0,20.15,341.35,0,1,0,1,0,1,0,0,1,2,0,0.0,0.0,20.079411764705885,3.0516399054922867,5.835833605567072,0
0,0,1,21,1,0,1,0,1,0,0,1,1,0,64.85,1336.8,0,0,0,0,0,0,1,0,4,2,0,64.85,0.0,60.76363636363636,4.18737942818929,7.198781752684307,0
1,1,0,30,1,1,0,0,1,0,1,1,2,0,74.85,2181.75,0,1,0,0,0,1,0,0,5,3,0,149.7,0.0,70.37903225806451,4.328757705794541,7.688340828690917,0
0,0,0,3,1,0,0,0,0,1,0,0,0,1,50.5,147.75,0,1,0,0,0,0,1,0,2,0,0,0.0,0.0,36.9375,3.9415818076696905,5.002267044425739,1
0,0,0,11,1,0,0,0,1,0,0,0,0,0,72.9,818.45,0,1,1,0,0,1,0,0,2,1,0,0.0,72.9,68.20416666666667,4.302712827954156,6.708633383509836,0
0,0,0,62,1,1,1,1,1,1,1,1,1,1,115.05,7133.45,0,0,1,0,1,0,0,1,8,4,1,115.05,115.05,113.22936507936508,4.754021132720446,8.872690442146478,0
0,0,0,18,1,0,0,0,0,0,0,0,0,0,19.0,348.8,0,1,0,1,0,1,0,0,1,2,0,0.0,0.0,18.357894736842105,2.995732273553991,5.857361562584502,0
0,0,1,6,1,0,0,0,0,0,0,0,0,0,19.55,128.6,0,1,0,1,0,0,1,0,1,0,0,0.0,0.0,18.37142857142857,3.022860940942244,4.864452783918174,1
0,0,0,46,1,1,0,0,1,0,1,1,1,1,101.1,4674.4,0,0,1,0,0,1,0,0,5,4,1,101.1,101.1,99.45531914893617,4.625952725170619,8.450069999559938,0
0,0,0,21,1,1,0,0,0,0,0,1,0,1,84.1,1737.45,0,1,1,0,0,1,0,0,3,2,0,0.0,84.1,78.97500000000001,4.443827035579329,7.460749190608673,0
0,0,0,68,1,1,0,0,0,0,0,0,2,1,24.15,1498.85,0,1,0,1,0,0,0,1,2,4,0,48.3,0.0,21.72246376811594,3.224857896545748,7.313120382089968,0
0,0,0,1,1,1,0,0,0,0,0,0,0,1,50.1,50.1,0,0,0,0,0,1,0,0,2,0,0,0.0,0.0,25.05,3.933784497209659,3.933784497209659,1
0,1,0,25,1,0,0,0,1,0,0,0,0,1,74.6,1797.75,0,0,1,0,0,1,0,0,2,3,0,0.0,74.6,69.14423076923077,4.3254562831854875,7.4948472582015775,0
0,0,1,24,1,0,0,0,0,0,0,0,2,0,19.75,498.1,0,0,0,1,0,0,1,0,1,2,0,39.5,0.0,19.924,3.0325462466767075,6.2128064764755635,0
0,1,0,30,1,1,0,0,0,0,0,1,0,1,85.0,2624.25,1,0,1,0,0,1,0,0,3,3,0,0.0,85.0,84.65322580645162,4.454347296253507,7.872931408586103,0
0,0,0,2,1,0,0,0,0,0,0,1,0,0,80.55,184.1,1,0,1,0,0,1,0,0,2,0,0,0.0,80.55,61.36666666666667,4.401216329067023,5.220896219579452,1
0,1,0,51,1,1,0,1,1,0,1,1,1,1,106.8,5498.8,0,1,1,0,0,0,0,1,6,4,1,106.8,106.8,105.74615384615385,4.680277658474897,8.612467006923026,0
0,1,1,57,1,1,1,0,1,1,1,1,2,1,84.5,4845.4,0,0,0,0,0,1,0,0,7,4,0,169.0,0.0,83.54137931034482,4.448516375942715,8.485991440272972,0
0,0,0,15,1,1,0,0,0,0,0,0,2,0,25.05,369.1,0,0,0,1,0,0,0,1,2,2,0,50.1,0.0,23.06875,3.260017768199376,5.9137732393921105,0
0,1,1,72,1,0,1,1,1,1,1,1,2,1,83.7,6096.9,0,0,0,0,0,0,0,1,7,4,0,167.4,0.0,83.51917808219177,4.439115601658009,8.715699728594453,0
0,0,0,2,1,0,0,0,1,0,0,0,0,1,75.8,160.75,1,0,1,0,0,1,0,0,2,0,0,0.0,75.8,53.583333333333336,4.341204640153626,5.08605193338101,1
0,1,0,28,1,1,0,1,1,0,1,0,0,0,96.6,2684.35,0,1,1,0,1,0,0,1,5,3,1,0.0,96.6,92.56379310344828,4.580877493419047,7.895566352265149,0
1,1,0,29,1,1,0,0,1,0,1,1,0,1,98.5,3004.15,1,1,1,0,0,1,0,0,5,3,1,0.0,98.5,100.13833333333334,4.600157644164547,8.00808276252883,0
0,1,1,70,1,0,1,1,1,1,1,0,2,1,101.1,6994.8,0,1,1,0,1,0,0,1,6,4,1,202.2,101.1,98.51830985915493,4.625952725170619,8.853065247965418,0
0,0,0,13,1,0,0,0,0,0,0,0,1,0,20.2,273.25,0,0,0,1,0,0,1,0,1,2,0,20.2,0.0,19.517857142857142,3.054001181677967,5.614040099155339,0
1,1,0,59,1,1,1,1,1,1,0,0,1,1,94.05,5483.9,0,0,1,0,0,1,0,0,6,4,1,94.05,94.05,91.39833333333333,4.554403068934438,8.609754141002568,0
1,1,0,13,1,1,0,0,0,0,1,1,0,1,95.25,1233.65,1,1,1,0,0,1,0,0,4,2,1,0.0,95.25,88.11785714285715,4.566948973167894,7.1185428080867625,0
1,1,0,7,1,1,0,0,0,0,0,0,0,1,74.4,527.9,1,1,1,0,0,0,1,0,2,1,0,0.0,74.4,65.9875,4.32280727501391,6.270799378071934,0
0,1,0,62,1,0,1,0,1,1,1,1,2,0,81.0,4985.9,0,0,0,0,0,0,1,0,6,4,0,162.0,0.0,79.14126984126983,4.406719247264253,8.514569753209523,0
0,0,0,21,1,0,1,0,1,1,0,0,1,1,60.25,1258.35,0,0,0,0,0,1,0,0,4,2,0,60.25,0.0,57.19772727272727,4.114963849424837,7.138350993821386,0
0,0,0,2,1,0,0,0,1,0,0,1,0,0,60.85,111.4,0,0,0,0,0,1,0,0,3,0,0,0.0,0.0,37.13333333333333,4.124712098838497,4.722063937459591,1
0,0,0,1,1,0,0,0,0,0,0,0,0,0,43.95,43.95,0,0,0,0,1,0,0,1,1,0,0,0.0,0.0,21.975,3.8055507609176296,3.8055507609176296,1
0,0,0,4,1,0,0,0,1,0,0,1,0,0,86.05,308.1,0,1,1,0,0,1,0,0,3,0,0,0.0,86.05,61.620000000000005,4.466482666214198,5.733664849138071,1
0,0,0,19,1,0,0,0,0,0,0,0,1,0,20.25,383.65,0,0,0,1,1,0,0,1,1,2,0,20.25,0.0,19.182499999999997,3.056356895370426,5.952333829904943,0
0,0,0,30,1,0,0,0,0,1,1,0,0,0,85.15,2555.9,1,0,1,0,0,1,0,0,3,3,0,0.0,85.15,82.4483870967742,4.456089962973938,7.846550866196361,0
0,1,1,67,1,0,0,0,0,0,0,0,2,1,19.4,1284.2,0,1,0,1,1,0,0,1,1,4,0,38.8,0.0,18.88529411764706,3.0155349008501706,7.158669627241704,0
1,1,0,72,1,1,1,1,1,0,0,1,2,1,102.65,7550.3,0,1,1,0,1,0,0,1,6,4,1,205.3,102.65,103.42876712328767,4.641019838881789,8.929475012851324,0
0,1,0,53,1,0,0,0,0,0,0,0,2,0,19.9,1110.05,0,1,0,1,1,0,0,1,1,4,0,39.8,0.0,20.55648148148148,3.039749158970765,7.013060793127408,0
0,0,0,5,1,0,0,0,0,0,0,0,1,0,19.55,99.6,0,0,0,1,0,1,0,0,1,0,0,19.55,0.0,16.599999999999998,3.022860940942244,4.611152257665639,1
1,1,0,71,1,0,0,1,1,1,0,1,2,1,95.5,6707.15,0,1,1,0,1,0,0,1,5,4,1,191.0,95.5,93.1548611111111,4.56954300834494,8.81107848405266,0
0,1,1,50,1,1,0,1,1,1,1,1,1,1,84.15,4164.4,0,0,0,0,1,0,0,1,7,4,0,84.15,0.0,81.6549019607843,4.444414407108697,8.334567588404916,0
0,1,1,56,1,1,0,0,1,1,1,1,2,1,103.2,5873.75,0,1,1,0,0,1,0,0,6,4,1,206.4,103.2,103.04824561403508,4.646312129319266,8.678418784915458,0
0,0,0,2,1,0,0,0,0,1,0,0,0,1,50.2,109.25,0,1,0,0,1,0,0,1,2,0,0,0.0,0.0,36.416666666666664,3.9357395320454622,4.702750514326955,1
1,0,0,2,1,1,0,0,1,0,0,1,0,1,88.55,179.25,1,0,1,0,0,1,0,0,4,0,0,0.0,88.55,59.75,4.494797128506721,5.1943447761650585,1
0,1,1,24,1,1,1,0,0,0,0,0,0,0,54.75,1338.15,1,1,0,0,0,1,0,0,3,2,0,0.0,0.0,53.526,4.020877410340228,7.199790363315396,0
0,1,1,46,1,0,0,0,0,0,0,0,2,0,19.95,862.4,0,1,0,1,1,0,0,1,1,4,0,39.9,0.0,18.348936170212767,3.0421386463681466,6.760878083121377,0
0,1,0,71,1,1,1,1,1,1,1,1,2,1,116.25,8564.75,0,1,1,0,0,1,0,0,8,4,1,232.5,116.25,118.95486111111111,4.764308407326388,9.055526972598827,0
0,0,0,29,0,0,0,0,0,1,0,0,0,1,31.2,926.2,0,0,0,0,0,1,0,0,1,3,0,0.0,0.0,30.873333333333335,3.4719664525503626,6.832169292025542,0
0,1,1,69,1,1,0,0,0,0,0,0,2,0,24.45,1718.2,0,1,0,1,0,0,0,1,2,4,0,48.9,0.0,24.545714285714286,3.2367157429965316,7.449614345328301,0
0,1,0,71,1,1,0,1,1,1,1,1,2,0,84.2,5956.85,0,1,0,0,1,0,0,1,7,4,0,168.4,0.0,82.73402777777778,4.44500143383527,8.692464956722665,0
1,0,0,1,1,0,0,0,0,0,1,1,0,1,91.3,91.3,1,0,1,0,0,1,0,0,3,0,1,0.0,91.3,45.65,4.525044141508807,4.525044141508807,1
1,1,0,56,1,0,1,1,1,1,1,1,2,1,85.65,4824.45,0,1,0,0,0,0,0,1,7,4,0,171.3,0.0,84.63947368421053,4.4618770161616155,8.481659273672951,0
0,0,1,56,1,0,0,0,0,0,0,0,1,1,21.2,1238.65,0,1,0,1,0,0,1,0,1,4,0,21.2,0.0,21.730701754385965,3.100092288878234,7.122584360692262,0
0,0,0,1,1,0,0,0,0,0,1,0,0,1,79.5,79.5,1,1,1,0,0,1,0,0,2,0,0,0.0,79.5,39.75,4.388257184424518,4.388257184424518,1
0,1,0,28,1,1,0,0,0,0,0,0,1,0,25.55,672.2,0,0,0,1,0,0,1,0,2,3,0,25.55,0.0,23.179310344827588,3.279029747687948,6.512042462316651,0
0,1,1,19,1,0,0,0,0,0,0,0,0,0,20.2,382.2,0,0,0,1,0,0,1,0,1,2,0,0.0,0.0,19.11,3.054001181677967,5.948557046096705,0
0,1,0,66,1,1,0,0,0,1,0,1,0,0,63.85,4264.6,0,1,0,0,0,1,0,0,4,4,0,0.0,0.0,63.650746268656725,4.172076910762453,8.35833812998439,0
0,1,1,17,1,1,0,0,1,1,0,0,1,1,61.95,1070.7,0,0,0,0,0,0,1,0,4,2,0,61.95,0.0,59.483333333333334,4.142340760490356,6.977001451718952,0
0,1,1,52,1,1,0,0,0,0,0,0,2,0,25.75,1345.85,0,1,0,1,0,0,1,0,2,4,0,51.5,0.0,25.393396226415092,3.2865344733420154,7.205523811634928,0
0,0,0,19,1,0,0,1,0,0,1,0,1,0,58.2,1045.25,0,0,0,0,0,1,0,0,3,2,0,58.2,0.0,52.2625,4.0809215418899605,6.952967621803685,0
0,0,0,36,1,0,1,1,1,1,1,1,1,0,85.85,3003.55,0,0,0,0,0,0,0,1,7,3,0,85.85,0.0,81.17702702702704,4.464182492687114,8.007883085339621,0
1,1,0,7,1,0,0,0,0,0,0,0,0,1,70.1,467.55,1,1,1,0,0,0,1,0,1,1,0,0.0,70.1,58.44375,4.264087336809195,6.1496428195698325,0
0,1,1,72,1,1,1,1,1,1,0,1,1,1,104.9,7537.5,0,1,1,0,1,0,0,1,7,4,1,104.9,104.9,103.25342465753425,4.662495252607361,8.927778502218974,0
0,1,1,67,1,1,1,1,1,0,1,1,1,1,111.3,7482.1,1,1,1,0,0,1,0,0,7,4,1,111.3,111.3,110.03088235294118,4.721173861744398,8.92040242361528,0
1,0,0,34,1,0,0,1,1,0,1,1,1,1,99.85,3343.15,0,1,1,0,0,1,0,0,5,3,1,99.85,99.85,95.51857142857143,4.613634264400221,8.114967829657902,0
1,1,0,57,1,1,0,1,1,0,0,1,0,1,95.25,5427.05,1,1,1,0,0,0,0,1,5,4,1,0.0,95.25,93.5698275862069,4.566948973167894,8.599335232408281,0
0,1,0,7,1,0,0,0,1,0,1,0,0,1,86.25,587.1,1,0,1,0,0,1,0,0,3,1,0,0.0,86.25,73.3875,4.468777561082536,6.3768970014659105,0
1,1,0,1,1,1,0,0,1,0,1,1,0,1,100.8,100.8,1,0,1,0,0,1,0,0,5,0,1,0.0,100.8,50.4,4.623010104116422,4.623010104116422,1
0,1,0,8,1,0,0,0,0,0,0,0,0,1,19.55,161.15,0,1,0,1,0,0,0,1,1,1,0,0.0,0.0,17.905555555555555,3.022860940942244,5.088521832753327,0
0,0,0,69,1,1,0,0,1,1,1,1,2,0,104.0,7028.5,0,0,1,0,0,1,0,0,6,4,1,208.0,104.0,100.40714285714286,4.653960350157523,8.857870858519963,0
0,1,0,50,1,1,1,0,1,0,1,1,1,1,104.4,5232.9,0,0,1,0,0,0,1,0,6,4,1,104.4,104.4,102.60588235294117,4.657762636107262,8.562911977061184,0
0,0,0,10,1,0,0,0,0,0,0,0,1,0,19.5,225.85,0,1,0,1,0,0,1,0,1,1,0,19.5,0.0,20.53181818181818,3.0204248861443626,5.424289006109973,0
0,1,1,12,1,1,0,0,0,0,0,0,2,0,25.25,274.7,0,0,0,1,1,0,0,1,2,1,0,50.5,0.0,21.13076923076923,3.2676659890376327,5.619313318029751,0
0,0,0,14,1,0,0,1,0,0,0,1,0,1,86.3,1180.95,1,0,1,0,0,1,0,0,3,2,0,0.0,86.3,78.73,4.469350462845557,7.07492089588689,0
0,1,0,70,0,0,1,0,1,1,0,1,2,1,49.85,3370.2,0,0,0,0,0,0,0,1,4,4,0,99.7,0.0,47.46760563380281,3.928880122494569,8.123024043049924,0
1,0,0,64,1,1,1,0,1,1,1,1,0,1,108.95,7111.3,0,0,1,0,0,0,0,1,7,4,1,0.0,108.95,109.40461538461538,4.70002571700077,8.869580958531317,0
0,1,1,66,1,1,1,1,1,1,1,1,2,0,89.9,5958.85,0,0,0,0,1,0,0,1,8,4,1,179.8,0.0,88.93805970149255,4.509760001183433,8.692800591957447,0
0,1,1,71,1,0,1,0,1,1,1,1,2,1,82.0,5999.85,0,0,0,0,1,0,0,1,6,4,0,164.0,0.0,83.33125000000001,4.418840607796598,8.699656404843084,0
1,0,0,20,1,0,0,0,0,0,1,1,0,0,89.95,1648.45,0,1,1,0,0,1,0,0,3,2,1,0.0,89.95,78.49761904761905,4.5103099049641315,7.408197177993388,0
0,1,0,72,1,0,1,1,0,1,1,1,2,1,79.35,5753.25,0,1,0,0,0,0,0,1,6,4,0,158.7,0.0,78.81164383561644,4.386392092183521,8.657693991203804,0
0,1,1,71,1,0,1,1,1,1,0,0,2,0,64.05,4492.9,0,0,0,0,1,0,0,1,5,4,0,128.1,0.0,62.40138888888888,4.1751562049585145,8.410476200606286,0
0,1,1,38,1,1,0,0,1,0,1,1,0,1,101.15,3956.7,0,1,1,0,1,0,0,1,5,4,1,0.0,101.15,101.45384615384614,4.626442321263631,8.283418327433367,0
0,0,0,28,1,1,0,1,0,0,0,1,0,1,89.95,2625.55,1,0,1,0,0,1,0,0,4,3,1,0.0,89.95,90.53620689655173,4.5103099049641315,7.87342647695373,0
1,1,0,17,1,0,0,1,0,0,0,0,0,1,76.45,1233.4,1,1,1,0,0,1,0,0,2,2,0,0.0,76.45,68.52222222222223,4.349632566862877,7.118340301048951,0
0,0,0,33,0,0,0,1,0,0,1,0,1,1,39.1,1309.0,0,1,0,0,0,1,0,0,2,3,0,39.1,0.0,38.5,3.6913763343125234,7.177782416195197,0
0,1,1,23,0,0,1,0,0,1,0,0,2,0,34.6,813.45,0,0,0,0,0,0,1,0,2,2,0,69.2,0.0,33.893750000000004,3.572345637857985,6.702513038803614,0
0,1,1,58,1,0,0,0,0,0,0,0,1,1,19.55,1108.8,0,1,0,1,0,1,0,0,1,4,0,19.55,0.0,18.79322033898305,3.022860940942244,7.011935097891801,0
1,1,0,70,1,1,0,1,0,1,1,1,2,1,104.45,7349.35,0,0,1,0,0,0,0,1,6,4,1,208.9,104.45,103.51197183098591,4.658236906924784,8.90250321012075,0
0,1,0,4,1,0,0,0,0,0,0,0,0,0,70.5,294.2,0,1,1,0,0,1,0,0,1,0,0,0.0,70.5,58.839999999999996,4.269697449699962,5.687653092726317,1
0,1,1,45,1,0,0,0,0,0,0,0,2,0,20.35,929.2,0,1,0,1,0,0,1,0,1,4,0,40.7,0.0,20.2,3.0610517396746335,6.835399616789997,0
0,0,0,10,1,0,0,0,0,0,0,0,0,1,70.0,740.0,1,1,1,0,0,1,0,0,1,1,0,0.0,70.0,67.27272727272727,4.2626798770413155,6.608000625296087,0
0,1,1,36,1,0,0,0,0,0,0,0,2,0,19.45,754.5,0,1,0,1,1,0,0,1,1,3,0,38.9,0.0,20.39189189189189,3.017982882488811,6.627379781712794,0
0,0,0,54,1,0,1,1,0,1,1,0,0,1,69.9,3883.3,0,1,0,0,0,0,1,0,5,4,0,0.0,0.0,70.60545454545455,4.2612704335380815,8.264698066387169,0
0,1,1,23,1,1,0,1,0,1,0,0,2,0,59.7,1414.2,0,1,0,0,0,0,1,0,4,2,0,119.4,0.0,58.925000000000004,4.1059436980654525,7.255026142845575,0
0,1,1,41,1,1,1,1,1,0,1,0,1,1,78.35,3211.2,0,0,0,0,1,0,0,1,6,4,0,78.35,0.0,76.45714285714286,4.373868446972418,8.074711339628797,0
1,0,0,5,1,0,0,0,0,0,0,0,0,1,71.45,371.6,0,1,1,0,0,0,1,0,1,0,0,0.0,71.45,61.93333333333334,4.282896668766692,5.920505458167488,1
0,1,1,27,0,0,0,1,1,0,0,1,1,1,45.85,1246.4,0,1,0,0,1,0,0,1,3,3,0,45.85,0.0,44.51428571428572,3.846951008684431,7.128816664092023,0
0,0,0,1,1,0,0,0,0,1,1,1,0,1,95.85,95.85,0,0,1,0,0,1,0,0,4,0,1,0.0,95.85,47.925,4.573163389853005,4.573163389853005,1
0,1,1,67,0,0,1,0,0,1,0,0,2,0,35.7,2545.7,0,0,0,0,1,0,0,1,2,4,0,71.4,0.0,37.436764705882354,3.6027767550605247,7.842553682412031,0
1,1,1,72,1,1,1,1,1,1,1,1,2,1,89.55,6448.85,0,0,0,0,1,0,0,1,8,4,0,179.1,0.0,88.34041095890412,4.505902184329423,8.771812153705444,0
0,1,1,56,1,1,0,0,0,0,0,0,2,1,24.95,1468.9,0,0,0,1,1,0,0,1,2,4,0,49.9,0.0,25.770175438596493,3.2561716096118976,7.292949650247942,0
0,1,1,44,1,1,0,0,0,0,0,0,1,0,24.85,1013.6,0,1,0,1,0,1,0,0,2,4,0,24.85,0.0,22.524444444444445,3.2523106009544382,6.922249725132589,0
1,1,0,66,1,1,0,1,0,0,1,1,0,1,100.8,6690.75,0,0,1,0,0,1,0,0,5,4,1,0.0,100.8,99.86194029850746,4.623010104116422,8.808630703369436,0
0,0,0,34,1,1,1,1,0,1,0,0,1,1,64.4,2088.75,1,0,0,0,0,0,1,0,5,3,0,64.4,0.0,59.67857142857143,4.180522258463153,7.6447997205792655,0
0,1,0,69,1,1,0,0,1,1,1,1,2,0,105.35,7240.65,0,0,1,0,0,0,0,1,6,4,1,210.7,105.35,103.43785714285714,4.666735541646246,8.887604359966863,0
0,1,1,1,1,1,1,0,1,0,1,1,0,1,102.45,102.45,1,0,1,0,0,1,0,0,6,0,1,0.0,102.45,51.225,4.639088404191552,4.639088404191552,1
0,0,0,40,1,0,0,0,0,0,0,0,2,0,19.65,830.25,0,0,0,1,1,0,0,1,1,4,0,39.3,0.0,20.25,3.027715319407042,6.722930591970064,0
0,1,1,30,1,1,1,0,0,0,0,0,0,1,54.45,1588.7,0,1,0,0,0,0,0,1,3,3,0,0.0,0.0,51.248387096774195,4.015481713796376,7.371300598166826,0
0,0,0,11,1,0,0,0,0,1,1,1,0,0,70.5,829.3,0,0,0,0,0,0,1,0,4,1,0,0.0,0.0,69.10833333333333,4.269697449699962,6.721787081267985,0
0,0,0,15,1,0,0,0,0,0,0,0,1,0,20.1,302.45,0,0,0,1,1,0,0,1,1,2,0,20.1,0.0,18.903125,3.0492730404820207,5.7152168522818645,0
0,0,0,11,1,0,0,0,1,0,1,1,0,1,69.35,712.25,0,1,0,0,0,1,0,0,4,1,0,0.0,0.0,59.354166666666664,4.253482783560398,6.5698319900936095,0
0,1,1,64,1,0,0,0,0,0,0,0,1,0,19.8,1336.65,0,0,0,1,0,0,0,1,1,4,0,19.8,0.0,20.563846153846157,3.0349529867072724,7.198669622014584,0
1,1,0,72,1,0,1,1,1,1,1,0,2,0,74.4,5360.75,0,1,0,0,0,0,0,1,6,4,0,148.8,0.0,73.43493150684931,4.32280727501391,8.587045693315071,0
1,1,0,72,1,1,1,1,1,1,0,0,2,1,93.05,6735.05,0,1,1,0,0,0,0,1,6,4,1,186.1,93.05,92.26095890410959,4.54382655574704,8.815228978697464,0
0,0,1,1,1,0,1,0,0,0,0,0,0,0,51.2,51.2,0,0,0,0,0,0,1,0,2,0,0,0.0,0.0,25.6,3.955082494888593,3.955082494888593,1
0,0,1,15,1,0,1,1,1,1,0,0,1,0,65.6,1010.0,0,0,0,0,1,0,0,1,5,2,0,65.6,0.0,63.125,4.198704577546343,6.918695219020472,0
0,0,0,60,1,1,0,0,1,1,1,1,1,0,80.55,4847.05,0,0,0,0,1,0,0,1,6,4,0,80.55,0.0,79.45983606557377,4.401216329067023,8.486331841227319,0
0,0,0,56,1,0,1,0,1,0,0,0,1,0,52.7,3019.7,0,1,0,0,0,0,1,0,3,4,0,52.7,0.0,52.97719298245614,3.983413001514819,8.01324387158968,0
0,0,0,8,1,0,0,0,0,0,0,0,2,0,20.85,161.65,0,0,0,1,0,0,1,0,1,1,0,41.7,0.0,17.961111111111112,3.084200921541599,5.091600652919361,0
0,0,0,3,1,0,0,0,1,1,0,0,0,0,80.1,217.55,1,0,1,0,1,0,0,1,3,0,0,0.0,80.1,54.3875,4.395682961121367,5.387014821309323,1
0,1,0,49,1,1,0,0,0,0,0,0,0,1,52.15,2583.75,0,0,0,0,1,0,0,1,2,4,0,0.0,0.0,51.675,3.973118104787957,7.857384070466803,0
0,0,0,2,1,0,0,0,0,0,1,0,0,1,80.2,146.05,1,0,1,0,0,1,0,0,2,0,0,0.0,80.2,48.68333333333334,4.396915247167632,4.990772665000004,1
0,0,0,6,1,0,1,1,1,1,0,1,0,1,98.15,567.45,1,0,1,0,0,0,0,1,6,0,1,0.0,98.15,81.06428571428572,4.5966338549658055,6.342913358575116,1
0,0,0,70,1,1,1,1,1,1,1,1,2,1,114.95,7711.25,0,1,1,0,0,0,0,1,8,4,1,229.9,114.95,108.60915492957747,4.753159063701541,8.950565252777409,0
0,0,0,12,1,1,0,1,1,1,1,1,0,1,112.95,1384.75,1,1,1,0,0,0,1,0,7,1,1,0.0,112.95,106.51923076923077,4.735759755691693,7.233996788299914,0
1,1,0,52,1,0,1,0,1,1,1,1,1,1,104.45,5481.25,0,1,1,0,0,0,0,1,6,4,1,104.45,104.45,103.41981132075472,4.658236906924784,8.609270879617146,0
0,1,0,72,1,1,1,1,1,1,1,1,2,1,113.65,8124.2,0,0,1,0,1,0,0,1,8,4,1,227.3,113.65,111.2904109589041,4.741884009303914,9.0027256222796,0
0,0,0,40,1,0,0,0,0,0,0,0,2,1,20.6,827.3,0,0,0,1,0,0,0,1,1,4,0,41.2,0.0,20.178048780487803,3.0726933146901194,6.719375407604218,0
0,0,0,1,1,0,0,0,0,0,0,0,0,0,70.9,70.9,1,0,1,0,0,0,1,0,1,0,0,0.0,70.9,35.45,4.275276264727001,4.275276264727001,1
1,0,0,3,1,0,0,0,1,0,1,0,0,1,86.85,220.95,1,0,1,0,0,1,0,0,3,0,0,0.0,86.85,55.2375,4.4756308146331065,5.402452131280044,1
1,0,0,40,1,0,0,0,0,0,1,1,0,1,91.55,3673.6,0,0,1,0,0,1,0,0,3,4,1,0.0,91.55,89.6,4.527749039019507,8.209199562185635,0
0,0,1,1,1,0,0,0,1,0,0,0,0,1,49.85,49.85,0,1,0,0,0,1,0,0,2,0,0,0.0,0.0,24.925,3.928880122494569,3.928880122494569,1
0,1,0,30,1,0,0,0,0,0,0,0,1,0,19.8,576.65,0,1,0,1,1,0,0,1,1,3,0,19.8,0.0,18.601612903225806,3.0349529867072724,6.358968148929027,0
0,1,1,23,1,0,1,0,0,1,1,1,0,1,99.85,2331.3,1,1,1,0,0,1,0,0,5,2,1,0.0,99.85,97.1375,4.613634264400221,7.754610184136298,0
0,1,1,1,1,1,0,0,0,0,0,0,0,1,74.5,74.5,1,1,1,0,0,1,0,0,2,0,0,0.0,74.5,37.25,4.324132656254979,4.324132656254979,1
1,1,0,44,1,1,0,0,1,1,1,1,0,0,104.15,4495.65,0,0,1,0,0,1,0,0,6,4,1,0.0,104.15,99.90333333333332,4.655387902148709,8.411087954077601,0
0,0,0,65,1,1,0,1,1,1,1,1,0,1,109.15,6941.2,1,1,1,0,0,1,0,0,7,4,1,0.0,109.15,105.16969696969697,4.7018430732483525,8.845374006147898,0
1,0,0,7,1,0,1,0,0,0,0,0,0,1,48.2,340.35,0,0,0,0,0,1,0,0,2,1,0,0.0,0.0,42.54375,3.8958936234982624,5.83290834386429,0
1,0,0,72,1,1,0,0,0,0,0,0,2,1,25.1,1789.9,0,1,0,1,1,0,0,1,2,4,0,50.2,0.0,24.519178082191782,3.261935314328648,7.490473565772694,0
1,0,0,8,1,1,0,0,0,1,1,1,0,1,100.15,908.55,0,0,1,0,1,0,0,1,5,1,1,0.0,100.15,100.94999999999999,4.6166045636137545,6.812949971708225,0
0,0,0,16,1,1,0,0,1,0,0,1,0,1,65.2,1043.35,1,0,0,0,1,0,0,1,4,2,0,0.0,0.0,61.3735294117647,4.192680462942962,6.951149961301326,0
1,1,1,66,1,1,0,0,1,0,1,1,0,1,99.5,6822.15,1,1,1,0,1,0,0,1,5,4,1,0.0,99.5,101.82313432835821,4.61015772749913,8.828076521038081,0
0,0,0,1,1,0,0,0,0,0,0,0,0,1,71.55,71.55,1,1,1,0,0,0,1,0,1,0,0,0.0,71.55,35.775,4.2842759793301965,4.2842759793301965,1
0,0,1,3,1,0,1,0,1,0,0,0,0,0,55.9,157.55,0,1,0,0,0,0,1,0,3,0,0,0.0,0.0,39.3875,4.041295341132285,5.0660700009843564,1
0,1,0,53,1,1,1,0,1,0,0,1,0,0,93.9,5029.2,1,1,1,0,0,1,0,0,5,4,1,0.0,93.9,93.13333333333333,4.552823705615882,8.523215023734732,0
1,1,0,8,1,0,0,0,1,1,0,1,0,1,64.4,581.7,0,1,0,0,1,0,0,1,4,1,0,0.0,0.0,64.63333333333334,4.180522258463153,6.367672474149028,0
1,1,0,69,1,1,0,1,1,1,1,1,2,1,108.4,7318.2,1,1,1,0,0,0,0,1,7,4,1,216.8,108.4,104.54571428571428,4.695010889987881,8.898256311365326,0
0,0,0,5,1,0,0,1,0,0,1,0,0,1,85.3,420.45,0,0,1,0,0,0,1,0,3,0,0,0.0,85.3,70.075,4.457829598089382,6.0437011464434915,1
0,1,1,72,1,1,1,0,1,1,1,1,2,0,107.45,7576.7,0,0,1,0,0,0,1,0,7,4,1,214.9,107.45,103.7904109589041,4.6862892372728835,8.932965002513042,0
0,1,0,13,0,0,0,0,1,0,1,1,0,1,48.75,633.4,1,0,0,0,0,0,0,1,3,2,0,0.0,0.0,45.24285714285714,3.907010463604602,6.452679670320638,0
0,0,0,4,1,1,0,0,0,0,1,0,0,1,85.65,321.65,1,0,1,0,0,1,0,0,3,0,0,0.0,85.65,64.33,4.4618770161616155,5.776568144381849,1
0,1,1,54,1,1,1,1,1,1,1,1,2,0,91.3,4965.0,0,0,0,0,1,0,0,1,8,4,1,182.6,0.0,90.27272727272727,4.525044141508807,8.510369966068112,0
0,1,0,72,1,1,0,1,1,1,1,1,2,0,85.95,6151.9,0,1,0,0,0,0,0,1,7,4,0,171.9,0.0,84.27260273972603,4.465333240800292,8.72467879437374,0
0,0,0,12,1,1,0,1,1,0,1,1,0,1,106.7,1253.9,1,1,1,0,0,1,0,0,6,1,1,0.0,106.7,96.45384615384616,4.679349584162343,7.134811167116262,0
0,0,0,1,0,0,0,0,0,0,0,0,0,1,25.15,25.15,1,1,0,0,0,1,0,0,0,0,0,0.0,0.0,12.575,3.263849190510932,3.263849190510932,1
1,0,0,1,1,0,0,0,0,0,0,0,0,0,45.2,45.2,0,1,0,0,0,1,0,0,1,0,0,0.0,0.0,22.6,3.832979798087693,3.832979798087693,1
0,1,0,54,1,1,0,1,1,1,1,1,1,0,110.35,5893.15,1,0,1,0,0,1,0,0,7,4,1,110.35,110.35,107.14818181818181,4.712678393703377,8.681715612583577,0
0,1,1,69,1,1,0,0,1,0,0,0,2,1,79.2,5420.65,0,1,1,0,1,0,0,1,3,4,0,158.4,79.2,77.43785714285714,4.384523514872469,8.598155476149158,0
0,0,0,48,1,0,1,1,0,0,0,0,2,0,55.5,2627.35,0,0,0,0,1,0,0,1,3,4,0,111.0,0.0,53.61938775510204,4.034240638152395,7.874111551863014,0
0,1,1,48,1,1,1,1,0,0,1,1,1,1,103.25,5037.55,1,0,1,0,1,0,0,1,6,4,1,103.25,103.25,102.80714285714286,4.646791860678911,8.524873621259589,0
0,1,0,8,1,1,0,0,0,1,0,1,0,1,90.25,743.75,0,0,1,0,0,1,0,0,4,1,1,0.0,90.25,82.63888888888889,4.513602992462601,6.613048591593392,0
0,1,1,71,1,1,1,1,1,1,1,1,2,1,91.25,6589.6,0,1,0,0,0,0,1,0,8,4,1,182.5,0.0,91.52222222222223,4.524502282920636,8.793399670392994,0
0,0,0,2,1,0,1,0,0,0,0,0,0,1,47.8,92.45,1,1,0,0,0,1,0,0,2,0,0,0.0,0.0,30.816666666666666,3.8877303128591016,4.537426533901572,1
0,1,0,67,1,0,1,1,0,0,1,1,1,1,100.9,6733.15,0,1,1,0,1,0,0,1,5,4,1,100.9,100.9,99.01691176470588,4.623991940228679,8.81494687449521,0
0,1,1,34,1,1,0,1,0,0,1,1,0,1,97.7,3410.0,0,1,1,0,0,0,0,1,5,3,1,0.0,97.7,97.42857142857143,4.592084946439436,8.134760782418645,0
0,0,0,3,1,0,0,0,0,0,0,0,0,1,69.85,199.85,0,0,1,0,0,1,0,0,1,0,0,0.0,69.85,49.9625,4.260564966136689,5.302558360805291,1
0,1,1,9,1,0,0,1,0,1,1,0,1,1,65.6,593.3,0,0,0,0,0,0,1,0,4,1,0,65.6,0.0,59.33,4.198704577546343,6.387384242372615,0
0,1,1,71,1,0,1,1,1,0,1,1,1,1,104.65,7288.4,0,1,1,0,0,0,0,1,6,4,1,104.65,104.65,101.22777777777777,4.660131744062066,8.894176517088752,0
0,0,0,57,1,1,0,0,0,1,1,0,2,1,90.45,5229.8,0,1,1,0,1,0,0,1,4,4,1,180.9,90.45,90.16896551724139,4.515792374836875,8.562319509032347,0
0,0,0,72,0,0,1,1,1,1,1,1,2,1,63.7,4464.8,0,1,0,0,0,0,0,1,6,4,0,127.4,0.0,61.16164383561644,4.169761201506855,8.40420364859392,0
1,1,1,48,1,0,1,0,1,1,1,1,0,1,104.5,5068.05,0,0,1,0,0,1,0,0,6,4,1,0.0,104.5,103.4295918367347,4.658710952916121,8.53090870230218,0
0,0,0,18,1,0,0,0,0,0,0,0,1,0,20.1,401.85,0,1,0,1,0,0,1,0,1,2,0,20.1,0.0,21.150000000000002,3.0492730404820207,5.998564284223205,0
0,1,1,43,1,1,0,0,1,1,1,1,1,1,104.3,4451.85,0,1,1,0,1,0,0,1,6,4,1,104.3,104.3,101.1784090909091,4.6568134191399295,8.40129961959827,0
0,1,1,72,1,1,1,1,1,1,1,1,2,1,93.25,6688.95,0,0,0,0,0,0,0,1,8,4,1,186.5,0.0,91.62945205479451,4.54595082632812,8.80836167925279,0
0,1,1,35,1,1,0,0,0,1,1,1,1,1,73.45,2661.1,0,1,0,0,0,0,0,1,5,3,0,73.45,0.0,73.91944444444444,4.310127759130018,7.886870563989527,0
0,0,0,4,1,0,0,0,0,0,0,0,0,0,20.7,73.05,0,1,0,1,0,0,1,0,1,0,0,0.0,0.0,14.61,3.077312260546414,4.304740540713808,1
0,1,1,49,1,1,0,0,0,0,0,0,2,0,25.25,1211.65,0,0,0,1,0,0,1,0,2,4,0,50.5,0.0,24.233,3.2676659890376327,7.100563326500228,0
0,1,1,71,1,1,1,1,1,0,1,0,2,0,100.5,7030.65,0,0,1,0,0,0,0,1,6,4,1,201.0,100.5,97.64791666666666,4.620058798481842,8.858176665657608,0
0,1,1,11,1,0,0,0,0,0,1,1,0,0,90.6,1020.2,0,1,1,0,0,1,0,0,3,1,1,0.0,90.6,85.01666666666667,4.517431271680085,6.9287336853673285,0
0,1,1,63,1,1,1,1,1,1,1,1,2,1,89.4,5597.65,0,1,0,0,1,0,0,1,8,4,0,178.8,0.0,87.46328125,4.504244267398131,8.630280776232281,0
1,0,0,65,1,1,0,1,1,0,1,0,0,1,95.45,6223.3,0,0,1,0,0,0,0,1,5,4,1,0.0,95.45,94.29242424242425,4.569024739351738,8.736216265210759,0
0,0,1,49,1,0,0,0,0,0,0,0,2,0,20.45,1024.65,0,0,0,1,1,0,0,1,1,4,0,40.9,0.0,20.493000000000002,3.065724645374026,6.933081836928146,0
0,0,0,29,1,1,0,0,1,0,1,1,0,1,98.6,2933.2,1,0,1,0,1,0,0,1,5,3,1,0.0,98.6,97.77333333333333,4.601162164590552,7.984190122705543,0
1,1,0,15,1,1,0,0,1,1,0,0,0,1,83.05,1258.3,1,0,1,0,0,1,0,0,4,2,0,0.0,83.05,78.64375,4.431411859854625,7.138311290011801,0
0,1,1,4,1,0,0,0,0,0,0,0,0,1,19.95,82.9,0,0,0,1,0,1,0,0,1,0,0,0.0,0.0,16.580000000000002,3.0421386463681466,4.429625613473161,1
0,1,0,72,1,1,0,1,1,1,1,1,1,0,109.15,7789.6,0,0,1,0,1,0,0,1,7,4,1,109.15,109.15,106.7068493150685,4.7018430732483525,8.960673157721615,0
1,1,0,26,1,0,0,0,1,0,1,0,0,1,85.7,2067.0,0,0,1,0,1,0,0,1,3,3,0,0.0,85.7,76.55555555555556,4.462453883786496,7.63433723562832,0
1,1,0,35,1,1,0,0,1,0,1,1,0,0,102.05,3452.55,0,0,1,0,0,0,0,1,5,3,1,0.0,102.05,95.90416666666667,4.635214307336468,8.147157966489951,0
0,0,0,57,1,1,0,1,0,1,0,1,1,0,94.7,5468.95,0,0,1,0,0,1,0,0,5,4,1,94.7,94.7,94.29224137931034,4.5612182984589085,8.607024754606424,0
0,1,1,28,1,1,0,1,0,0,0,1,0,0,64.4,1802.15,0,1,0,0,0,1,0,0,4,3,0,0.0,0.0,62.143103448275866,4.180522258463153,7.497290414418373,0
0,1,0,25,1,1,0,0,0,0,0,0,1,1,26.8,733.55,0,0,0,1,0,0,1,0,2,3,0,26.8,0.0,28.213461538461537,3.3250360206965914,6.599258066816436,0
0,1,0,47,1,0,1,0,1,0,1,0,1,1,66.05,3021.45,0,0,0,0,1,0,0,1,4,4,0,66.05,0.0,62.946875,4.205438609727688,8.01382303975493,0
0,1,1,57,1,1,1,1,0,1,0,0,0,0,65.2,3687.85,0,0,0,0,0,0,0,1,5,4,0,0.0,0.0,63.58362068965517,4.192680462942962,8.213070035344117,0
1,1,0,16,1,1,0,0,0,0,1,0,0,1,85.05,1391.15,0,1,1,0,1,0,0,1,3,2,0,0.0,85.05,81.83235294117648,4.454928522657548,7.238604593709511,0
0,0,0,5,1,0,1,0,1,0,0,0,0,1,55.8,274.35,0,1,0,0,0,0,1,0,3,0,0,0.0,0.0,45.725,4.039536325727106,5.618043015708491,1
0,1,0,17,1,0,0,0,0,0,0,0,0,1,70.4,1214.05,1,1,1,0,0,0,0,1,1,2,0,0.0,70.4,67.44722222222222,4.268297869345539,7.102540507191292,0
1,0,0,56,1,1,0,1,1,0,1,1,1,1,104.75,5510.65,1,0,1,0,0,0,0,1,6,4,1,104.75,104.75,96.67807017543859,4.661077817926388,8.61461931285449,0
0,1,1,72,1,0,0,0,0,0,0,0,2,0,19.95,1322.85,0,1,0,1,0,0,0,1,1,4,0,39.9,0.0,18.121232876712327,3.0421386463681466,7.188299437027451,0
1,0,0,21,1,1,0,0,0,0,1,1,0,1,94.25,1973.75,1,0,1,0,0,1,0,0,4,2,1,0.0,94.25,89.7159090909091,4.55650501400681,7.588197087044528,0
0,1,1,48,0,0,1,0,1,0,0,1,1,0,45.0,2196.3,0,0,0,0,1,0,0,1,3,4,0,45.0,0.0,44.82244897959184,3.828641396489095,7.694984612903221,0
0,1,0,68,1,1,1,1,1,1,1,1,2,0,114.9,7843.55,0,0,1,0,0,0,0,1,8,4,1,229.8,114.9,113.67463768115942,4.752727750345706,8.967574302145234,0
0,0,0,30,1,1,1,0,0,1,1,1,0,0,106.4,3211.9,0,0,1,0,0,0,0,1,6,3,1,0.0,106.4,103.60967741935484,4.676560182074764,8.074929235070975,0
0,1,0,3,1,0,0,0,0,0,0,0,0,1,46.1,130.15,0,0,0,0,0,0,1,0,1,0,0,0.0,0.0,32.5375,3.8522730010223722,4.876341706312883,1
1,0,0,14,0,0,1,0,1,1,0,0,2,0,39.7,692.35,0,0,0,0,0,0,1,0,3,2,0,79.4,0.0,46.156666666666666,3.7062280924485496,6.541534922199873,0
0,0,1,4,1,0,0,0,0,0,0,0,0,1,20.05,85.5,0,0,0,1,0,0,0,1,1,0,0,0.0,0.0,17.1,3.0469005601283903,4.460144413937834,1
0,1,1,71,1,1,0,1,1,0,0,1,2,1,95.75,6849.4,0,0,1,0,1,0,0,1,5,4,1,191.5,95.75,95.13055555555555,4.572130331909891,8.832062323711982,0
0,1,1,8,1,1,0,0,0,0,0,0,1,0,24.4,203.95,0,1,0,1,0,0,1,0,2,1,0,24.4,0.0,22.66111111111111,3.2347491740244907,5.322766046950346,0
0,1,1,61,0,0,1,0,1,0,0,0,0,0,33.6,2117.2,0,1,0,0,0,0,0,1,2,4,0,0.0,0.0,34.148387096774194,3.543853682063679,7.658321950409569,0
0,1,1,72,1,1,0,1,1,1,0,0,2,0,90.45,6565.85,0,1,1,0,0,0,0,1,5,4,1,180.9,90.45,89.94315068493151,4.515792374836875,8.789789544449974,0
0,0,0,5,1,1,0,0,0,0,1,0,0,1,84.0,424.75,0,0,1,0,0,1,0,0,3,0,0,0.0,84.0,70.79166666666667,4.442651256490317,6.053852319542798,1
0,0,0,49,1,0,1,1,1,1,0,0,2,0,67.4,3306.85,0,0,0,0,0,0,0,1,5,4,0,134.8,0.0,66.137,4.225372824628505,8.104053710496379,0
0,0,0,8,1,0,0,0,0,0,0,0,0,1,19.7,168.9,0,1,0,1,0,0,0,1,1,1,0,0.0,0.0,18.766666666666666,3.0301337002713233,5.135210028677887,0
0,0,0,3,1,0,0,0,0,0,0,1,0,1,80.35,253.8,0,1,1,0,0,1,0,0,2,0,0,0.0,80.35,63.45,4.3987608336650466,5.540478923698008,1
0,1,1,9,1,0,0,0,0,0,0,0,2,0,19.6,197.4,0,1,0,1,0,0,1,0,1,1,0,39.2,0.0,19.740000000000002,3.0252910757955354,5.290285194850773,0
0,1,1,67,1,0,1,1,0,0,0,0,2,1,54.2,3838.2,0,1,0,0,0,0,0,1,3,4,0,108.4,0.0,56.44411764705882,4.01096295328305,8.253019290544035,0
0,0,0,46,1,0,0,0,0,0,0,0,0,1,45.2,2065.15,0,1,0,0,1,0,0,1,1,4,0,0.0,0.0,43.93936170212766,3.832979798087693,7.633442251109864,0
0,1,0,67,1,1,1,1,1,0,0,1,1,0,75.1,5064.45,0,0,0,0,0,0,1,0,6,4,0,75.1,0.0,74.47720588235293,4.33204826486764,8.530198257751106,0
0,1,0,55,1,0,0,0,0,0,0,0,1,0,19.7,1140.05,0,0,0,1,0,1,0,0,1,4,0,19.7,0.0,20.358035714285712,3.0301337002713233,7.03970417011142,0
0,1,0,33,1,1,1,1,1,0,1,0,0,1,72.75,2447.45,0,1,0,0,0,0,0,1,6,3,0,0.0,0.0,71.98382352941177,4.300680995219929,7.803210450268153,0
0,1,1,62,1,0,0,0,0,0,0,0,2,0,20.05,1263.9,0,1,0,1,1,0,0,1,1,4,0,40.1,0.0,20.061904761904763,3.0469005601283903,7.142748346653496,0
0,0,1,1,1,0,0,0,0,0,0,0,0,0,45.95,45.95,1,0,0,0,0,0,1,0,1,0,0,0.0,0.0,22.975,3.849083205654272,3.849083205654272,1
0,1,1,49,0,0,1,0,0,0,0,1,0,1,39.2,1838.15,0,1,0,0,0,1,0,0,2,4,0,0.0,0.0,36.763000000000005,3.6938669956249757,7.517058787346506,0
0,0,0,1,1,0,0,0,0,0,0,0,0,1,44.75,44.75,0,1,0,0,0,1,0,0,1,0,0,0.0,0.0,22.375,3.82319179172153,3.82319179172153,1
0,1,0,14,1,1,0,1,1,0,0,0,0,1,82.65,1185.0,0,1,1,0,0,1,0,0,4,2,0,0.0,82.65,79.0,4.426641427432833,7.078341579557671,0
1,0,0,18,1,1,0,0,1,1,1,0,0,0,93.9,1743.9,0,1,1,0,0,0,0,1,5,2,1,0.0,93.9,91.78421052631579,4.552823705615882,7.464452526404185,0
1,0,0,1,1,0,0,0,0,0,0,0,0,1,70.15,70.15,1,0,1,0,0,1,0,0,1,0,0,0.0,70.15,35.075,4.264790324535862,4.264790324535862,1
0,0,0,1,1,0,0,0,1,0,1,0,0,1,85.55,85.55,1,0,1,0,1,0,0,1,3,0,0,0.0,85.55,42.775,4.4607222816222185,4.4607222816222185,1
0,1,0,72,1,1,1,1,1,1,1,1,2,1,117.15,8529.5,0,0,1,0,1,0,0,1,8,4,1,234.3,117.15,116.84246575342466,4.771955003632917,9.051403255414964,0
0,0,0,64,1,1,1,0,1,1,0,1,2,0,99.25,6549.45,0,1,1,0,1,0,0,1,6,4,1,198.5,99.25,100.76076923076923,4.6076670661866785,8.78728902855948,0
0,1,0,69,1,1,1,1,1,1,1,1,2,1,112.55,7806.5,0,1,1,0,0,0,0,1,8,4,1,225.1,112.55,111.52142857142857,4.732243268551567,8.962840089157234,0
0,0,0,1,1,1,0,0,0,0,0,0,0,1,25.7,25.7,0,0,0,1,0,1,0,0,2,0,0,0.0,0.0,12.85,3.2846635654062037,3.2846635654062037,1
0,1,1,71,1,1,1,1,1,1,1,1,2,0,90.3,6287.3,0,1,0,0,1,0,0,1,8,4,1,180.6,0.0,87.32361111111112,4.514150787600923,8.746446042894624,0
0,1,1,66,1,0,0,0,0,1,0,0,1,1,49.4,3251.85,0,0,0,0,1,0,0,1,2,4,0,49.4,0.0,48.53507462686567,3.919991175077323,8.0872868141283,0
0,0,0,2,1,0,0,0,0,0,0,0,0,0,19.4,50.6,0,1,0,1,0,0,1,0,1,0,0,0.0,0.0,16.866666666666667,3.0155349008501706,3.9435216724875173,1
1,1,0,71,1,0,1,1,1,1,1,1,2,1,109.7,7904.25,0,0,1,0,0,0,0,1,7,4,1,219.4,109.7,109.78125,4.706823839714591,8.975282374696942,0
0,0,0,11,1,0,0,1,0,0,1,0,1,1,61.25,729.95,0,1,0,0,0,1,0,0,3,1,0,61.25,0.0,60.82916666666667,4.131158535344817,6.594345057957625,0
0,0,1,47,1,0,1,1,0,0,0,0,0,1,55.3,2654.05,0,1,0,0,0,1,0,0,3,4,0,0.0,0.0,55.29270833333334,4.030694535145645,7.8842187658904255,0
0,1,0,35,1,0,0,0,0,0,0,0,0,1,70.3,2416.55,1,0,1,0,0,1,0,0,1,3,0,0.0,70.3,67.1263888888889,4.26689632742025,7.790509909636837,0
1,1,0,32,1,1,0,1,1,0,1,1,0,0,106.35,3520.75,1,1,1,0,0,0,0,1,6,3,1,0.0,106.35,106.68939393939394,4.67609452432479,8.166713304140416,0
0,1,1,60,1,1,0,1,0,1,1,1,0,1,103.75,5969.95,0,1,1,0,0,0,0,1,6,4,1,0.0,103.75,97.86803278688524,4.6515765588022475,8.6946613227052,0
0,0,0,11,1,0,0,0,0,0,0,0,1,0,19.5,226.8,0,1,0,1,0,0,1,0,1,1,0,19.5,0.0,18.900000000000002,3.0204248861443626,5.428468051013081,0
0,0,0,29,0,0,1,1,0,1,0,0,1,0,39.5,1082.75,0,0,0,0,1,0,0,1,3,3,0,39.5,0.0,36.09166666666667,3.7013019741124933,6.988182528094752,0
0,1,1,21,0,0,0,0,0,0,0,0,0,1,26.05,565.75,0,1,0,0,0,1,0,0,0,2,0,0.0,0.0,25.71590909090909,3.2976870052924907,6.339918289387638,0
1,1,0,48,1,1,0,0,1,0,0,1,0,1,91.05,4370.75,0,1,1,0,1,0,0,1,4,4,1,0.0,91.05,89.19897959183673,4.522331907679087,8.382918665593769,0
0,0,1,3,0,0,0,1,0,0,0,0,0,0,29.65,90.05,0,0,0,0,0,0,1,0,1,0,0,0.0,0.0,22.5125,3.4226326623822203,4.511408806173617,1
0,1,1,43,1,0,0,1,0,0,0,0,0,0,50.2,2169.4,0,0,0,0,0,0,1,0,2,4,0,0.0,0.0,49.304545454545455,3.9357395320454622,7.682666761344722,0
0,0,0,5,1,1,0,1,1,0,1,1,0,0,105.3,550.6,0,1,1,0,0,1,0,0,6,0,1,0.0,105.3,91.76666666666667,4.666265285347902,6.312823145919147,1
0,0,0,1,1,0,0,0,0,0,0,1,0,1,55.45,55.45,0,0,0,0,0,1,0,0,2,0,0,0.0,0.0,27.725,4.033355290595671,4.033355290595671,1
0,1,1,71,1,1,1,0,1,1,1,1,1,0,85.45,6300.85,0,1,0,0,0,1,0,0,7,4,0,85.45,0.0,87.51180555555555,4.4595662121293,8.74859852006632,0
0,1,1,8,1,0,0,0,0,0,0,0,1,0,19.8,160.05,0,0,0,1,0,1,0,0,1,1,0,19.8,0.0,17.783333333333335,3.0349529867072724,5.081714875777208,0
0,0,0,8,1,1,0,0,0,0,1,0,0,1,59.25,436.6,0,1,0,0,0,1,0,0,3,1,0,0.0,0.0,48.51111111111111,4.098502572370764,6.081305251107771,0
0,0,0,20,1,1,0,0,1,0,1,0,0,1,90.7,1781.35,0,1,1,0,1,0,0,1,4,2,1,0.0,90.7,84.82619047619048,4.51852237926242,7.485687997274867,0
0,1,1,33,1,1,1,0,1,0,1,1,1,1,103.7,3467.0,1,0,1,0,0,0,1,0,6,3,1,103.7,103.7,101.97058823529412,4.651099117876491,8.151333337900432,0
0,0,0,71,1,1,0,1,0,0,0,0,1,1,79.05,5552.5,0,1,1,0,1,0,0,1,3,4,0,79.05,79.05,77.11805555555556,4.382651439442724,8.622183638607174,0
1,1,0,31,1,1,0,0,1,0,1,0,1,1,90.7,2835.5,0,0,1,0,0,1,0,0,4,3,1,90.7,90.7,88.609375,4.51852237926242,7.950326176766622,0
1,1,0,38,1,1,1,1,0,0,0,1,1,0,95.0,3591.25,0,0,1,0,1,0,0,1,5,4,1,95.0,95.0,92.08333333333333,4.564348191467836,8.186534026109316,0
0,0,0,1,1,0,0,0,0,0,1,1,0,1,88.35,88.35,1,1,1,0,0,1,0,0,3,0,0,0.0,88.35,44.175,4.492561241605437,4.492561241605437,1
0,1,1,2,0,0,0,1,0,0,0,0,0,1,30.25,63.75,0,0,0,0,0,0,1,0,1,0,0,0.0,0.0,21.25,3.4420193761824107,4.1705337005796475,1
0,1,0,12,0,0,0,0,1,0,1,1,0,1,49.85,617.15,0,0,0,0,0,0,0,1,3,1,0,0.0,0.0,47.473076923076924,3.928880122494569,6.426731146452936,0
0,0,1,9,1,0,1,0,1,1,0,1,0,0,93.0,870.25,0,0,1,0,0,0,0,1,5,1,1,0.0,93.0,87.025,4.543294782270004,6.769928962074734,0
1,0,1,11,1,0,0,1,0,1,0,0,0,1,54.55,601.25,0,1,0,0,0,1,0,0,3,1,0,0.0,0.0,50.104166666666664,4.017283516085639,6.400672641494981,0
0,0,1,6,1,0,0,0,0,0,0,0,0,0,19.7,111.65,0,1,0,1,0,0,1,0,1,0,0,0.0,0.0,15.950000000000001,3.0301337002713233,4.724285666878253,1
0,1,0,71,1,0,1,1,1,1,1,1,1,1,84.8,6046.1,0,0,0,0,0,0,0,1,7,4,0,84.8,0.0,83.97361111111111,4.4520190064939165,8.707334097262324,0
0,1,1,42,1,1,1,1,0,0,1,0,1,1,94.45,3923.8,0,0,1,0,1,0,0,1,5,4,1,94.45,94.45,91.25116279069768,4.558602550171757,8.275070673504224,0
0,1,1,8,1,0,0,0,1,0,1,1,0,1,94.2,777.3,1,0,1,0,0,1,0,0,4,1,1,0.0,94.2,86.36666666666666,4.55597994179732,6.657112053965342,0
0,0,0,5,1,0,0,1,0,0,1,1,0,1,96.25,512.45,1,0,1,0,0,1,0,0,4,0,1,0.0,96.25,85.40833333333335,4.577284982498556,6.2411526536443045,1
0,1,0,2,1,0,0,0,0,0,0,0,0,1,70.7,141.45,1,0,1,0,0,1,0,0,1,0,0,0.0,70.7,47.15,4.272490747605575,4.958991060943918,1
0,1,1,45,1,0,0,0,0,0,0,0,2,0,20.85,892.15,0,0,0,1,0,0,1,0,1,4,0,41.7,0.0,19.394565217391303,3.084200921541599,6.794754539894893,0
0,1,1,28,0,0,0,1,1,1,1,1,1,1,60.0,1682.05,0,1,0,0,1,0,0,1,5,3,0,60.0,0.0,58.001724137931035,4.110873864173311,7.428362902602745,0
0,1,0,43,1,1,0,1,0,0,0,0,0,0,80.45,3398.9,0,0,1,0,0,1,0,0,3,4,0,0.0,80.45,77.24772727272727,4.399989335048054,8.131501298407013,0
0,0,1,60,1,1,1,0,1,1,1,1,2,1,84.95,4984.85,0,1,0,0,0,1,0,0,7,4,0,169.9,0.0,81.7188524590164,4.453765731828859,8.514359179395104,0
0,1,0,42,0,0,0,1,0,1,0,0,1,0,33.55,1445.3,1,0,0,0,0,0,1,0,2,4,0,33.55,0.0,33.61162790697674,3.542407550213679,7.2767638500796865,0
0,1,1,7,0,0,1,0,1,1,0,1,2,0,49.65,305.55,0,1,0,0,1,0,0,1,4,1,0,99.3,0.0,38.19375,3.9249392306946924,5.725380874208697,0
0,1,0,25,1,0,0,0,0,0,0,0,1,1,20.2,507.9,0,0,0,1,0,0,0,1,1,3,0,20.2,0.0,19.534615384615385,3.054001181677967,6.232251533594787,0
1,1,1,40,1,1,0,0,0,0,1,1,0,1,94.55,3640.45,1,0,1,0,1,0,0,1,4,4,1,0.0,94.55,88.79146341463414,4.559649670686282,8.200137232958184,0
0,0,0,27,1,1,0,0,1,0,1,1,1,1,100.5,2673.45,0,1,1,0,0,0,0,1,5,3,1,100.5,100.5,95.48035714285713,4.620058798481842,7.891499030713357,0
0,0,0,10,0,0,0,1,0,1,0,0,0,0,35.75,389.8,0,1,0,0,0,1,0,0,2,1,0,0.0,0.0,35.43636363636364,3.6041382256588457,5.968195920168628,0
1,0,0,27,1,1,0,1,1,0,0,0,0,1,86.45,2401.05,0,0,1,0,0,0,0,1,4,3,0,0.0,86.45,85.75178571428572,4.471067201464611,7.7840778184099575,0
0,0,0,11,1,0,0,0,1,1,0,0,1,0,53.8,651.55,0,0,0,0,0,0,0,1,3,1,0,53.8,0.0,54.29583333333333,4.00369019395397,6.480887764613537,0
0,1,1,4,0,0,1,0,0,0,1,0,0,0,38.55,156.1,0,1,0,0,1,0,0,1,2,0,0,0.0,0.0,31.22,3.677565694213663,5.056882545261575,1
0,0,0,68,0,0,0,0,1,0,0,1,0,1,39.9,2796.35,0,1,0,0,0,0,0,1,2,4,0,0.0,0.0,40.5268115942029,3.711130063048756,7.936427819445565,0
1,0,0,1,1,0,0,0,0,0,0,0,0,1,70.05,70.05,0,1,1,0,0,1,0,0,1,0,0,0.0,70.05,35.025,4.263383854543109,4.263383854543109,1
0,0,0,18,1,0,0,0,0,0,0,0,1,0,20.1,407.05,0,0,0,1,0,0,1,0,1,2,0,20.1,0.0,21.423684210526318,3.0492730404820207,6.011389715915252,0
0,0,0,57,1,1,1,1,1,0,1,1,2,1,112.95,6465.0,1,0,1,0,0,0,0,1,7,4,1,225.9,112.95,111.46551724137932,4.735759755691693,8.774312958285378,0
0,0,0,26,1,0,0,0,0,0,0,0,0,1,20.3,511.25,0,1,0,1,0,1,0,0,1,3,0,0.0,0.0,18.935185185185187,3.0587070727153796,6.238812787119009,0
0,1,0,17,0,0,0,1,1,0,0,0,0,1,35.65,646.05,0,0,0,0,1,0,0,1,2,2,0,0.0,0.0,35.891666666666666,3.6014134283326604,6.472423571267679,0
0,0,0,1,0,0,0,0,0,0,0,1,0,0,35.9,35.9,1,1,0,0,0,1,0,0,1,0,0,0.0,0.0,17.95,3.6082115510464816,3.6082115510464816,1
0,0,1,38,1,1,0,0,1,0,1,1,0,1,99.25,3777.15,1,1,1,0,0,0,0,1,5,4,1,0.0,99.25,96.85000000000001,4.6076670661866785,8.23698975082014,0
1,1,0,59,1,0,1,1,1,0,0,0,1,1,82.95,4903.15,0,1,1,0,1,0,0,1,4,4,0,82.95,82.95,81.71916666666667,4.43022138352355,8.49783706442396,0
0,0,0,30,1,0,1,0,1,0,0,0,2,1,55.65,1653.85,0,1,0,0,0,0,1,0,3,3,0,111.3,0.0,53.349999999999994,4.036891987474015,7.411465649262526,0
1,0,0,2,0,0,0,0,0,0,0,0,0,1,24.45,47.5,1,1,0,0,0,0,1,0,0,0,0,0.0,0.0,15.833333333333334,3.2367157429965316,3.8815637979434374,1
1,1,0,50,1,1,0,0,0,0,0,0,1,0,25.2,1306.3,0,0,0,1,0,1,0,0,2,4,0,25.2,0.0,25.613725490196078,3.265759410767051,7.175719220567815,0
0,0,0,9,0,0,1,0,1,1,0,1,1,0,50.8,463.6,0,1,0,0,0,0,1,0,4,1,0,50.8,0.0,46.36,3.9473901492654373,6.141176820336309,0
0,1,1,3,1,0,0,0,0,0,0,0,0,0,19.65,60.65,0,0,0,1,0,0,1,0,1,0,0,0.0,0.0,15.1625,3.027715319407042,4.121473229610353,1
0,0,1,14,1,0,0,0,1,0,1,0,0,1,59.8,824.85,0,0,0,0,1,0,0,1,3,2,0,0.0,0.0,54.99,4.107589788972121,6.716413158967099,0
1,0,0,31,1,0,1,0,0,0,0,0,0,1,73.55,2094.65,0,0,1,0,1,0,0,1,2,3,0,0.0,73.55,65.4578125,4.311470041210748,7.647619046764605,0
0,0,0,7,1,0,1,1,1,0,0,0,0,0,61.4,438.9,0,0,0,0,0,1,0,0,4,1,0,0.0,0.0,54.8625,4.133565275375382,6.086547428354674,0
0,0,0,8,1,1,1,0,0,1,1,1,0,1,103.35,847.3,1,0,1,0,0,0,0,1,6,1,1,0.0,103.35,94.14444444444445,4.647750633523209,6.743234346813689,0
0,1,1,17,1,0,0,0,0,0,0,0,1,0,19.9,329.75,0,1,0,1,0,0,0,1,1,2,0,19.9,0.0,18.319444444444443,3.039749158970765,5.801362802995065,0
0,1,1,32,1,0,0,0,0,0,0,0,0,1,19.45,674.55,0,1,0,1,1,0,0,1,1,3,0,0.0,0.0,20.440909090909088,3.017982882488811,6.515527173905968,0
1,0,0,2,1,0,0,0,0,0,1,0,0,0,81.5,162.55,0,0,1,0,0,0,1,0,2,0,0,0.0,81.5,54.18333333333334,4.412798293340635,5.097118753984393,1
1,0,0,7,1,1,0,0,0,0,1,0,0,1,84.8,546.95,1,1,1,0,0,1,0,0,3,1,0,0.0,84.8,68.36875,4.4520190064939165,6.306184041909401,0
0,1,1,72,1,1,1,1,1,0,1,1,2,0,109.55,7887.25,0,0,1,0,1,0,0,1,7,4,1,219.1,109.55,108.04452054794521,4.705467907303455,8.973129589492205,0
1,0,0,31,1,1,0,1,0,0,1,1,0,1,99.95,3186.65,1,0,1,0,0,1,0,0,5,3,1,0.0,99.95,99.5828125,4.614625344758847,8.06703924718298,0
0,1,1,27,1,0,1,0,0,0,0,0,0,0,74.4,1972.35,0,0,1,0,0,0,1,0,2,3,0,0.0,74.4,70.44107142857142,4.32280727501391,7.587487885120221,0
0,0,0,18,1,1,0,1,0,0,1,0,0,1,90.0,1527.35,1,0,1,0,1,0,0,1,4,2,1,0.0,90.0,80.38684210526316,4.51085950651685,7.331944001088404,0
0,0,0,7,1,0,0,0,1,0,0,0,0,1,74.9,490.55,0,1,1,0,0,1,0,0,2,1,0,0.0,74.9,61.31875,4.3294166844015844,6.197563663812933,0
1,0,0,14,1,1,0,1,1,0,1,1,0,1,104.85,1531.4,1,0,1,0,0,1,0,0,6,2,1,0.0,104.85,102.09333333333333,4.662022997580874,7.334590412826494,0
0,1,1,11,1,0,0,0,1,0,1,0,0,1,59.65,683.25,0,1,0,0,0,0,0,1,3,1,0,0.0,0.0,56.9375,4.105119635390059,6.5283233479207885,0
0,1,1,72,1,1,1,0,1,1,1,1,2,1,110.45,8058.85,0,0,1,0,0,0,0,1,7,4,1,220.9,110.45,110.39520547945206,4.713576059831878,8.994650224905662,0
0,1,1,28,1,1,1,1,0,0,1,1,1,0,106.1,2847.4,1,1,1,0,0,1,0,0,6,3,1,106.1,106.1,98.18620689655172,4.673762977453703,7.954512712107969,0
1,0,0,15,1,1,0,0,0,0,0,0,0,1,74.2,1133.9,1,1,1,0,1,0,0,1,2,2,0,0.0,74.2,70.86875,4.320151230955794,7.034299820307093,0
1,0,0,4,1,1,0,0,0,0,0,0,0,1,74.45,294.45,0,0,1,0,0,1,0,0,2,0,0,0.0,74.45,58.89,4.323470185213858,5.688499617791684,1
0,0,0,71,1,1,0,0,0,0,0,0,2,0,24.55,1719.15,0,0,0,1,0,1,0,0,2,4,0,49.1,0.0,23.877083333333335,3.2406373166497136,7.450166775307315,0
0,0,0,5,1,0,0,1,0,1,0,1,0,1,89.35,461.7,1,0,1,0,0,1,0,0,4,0,0,0.0,89.35,76.95,4.503691017038237,6.137078895912954,1
0,1,1,47,1,1,0,0,0,0,0,0,2,0,24.55,1160.45,0,1,0,1,0,0,1,0,2,4,0,49.1,0.0,24.176041666666666,3.2406373166497136,7.057424503500842,0
1,1,0,57,1,0,0,1,1,0,1,0,1,1,90.65,5199.8,0,1,1,0,0,1,0,0,4,4,1,90.65,90.65,89.65172413793104,4.517976974285714,8.556567738890259,0
1,1,0,50,1,1,1,0,1,0,1,1,2,1,105.05,5163.3,0,1,1,0,1,0,0,1,6,4,1,210.1,105.05,101.24117647058824,4.663910681010692,8.5495248447795,0
0,0,0,8,1,0,0,0,0,0,0,0,0,1,20.45,162.3,0,1,0,1,1,0,0,1,1,1,0,0.0,0.0,18.033333333333335,3.065724645374026,5.095588999976419,0
0,1,1,48,1,0,0,0,0,0,0,0,2,0,19.55,883.35,0,0,0,1,0,0,1,0,1,4,0,39.1,0.0,18.027551020408165,3.022860940942244,6.784852911880803,0
0,0,0,70,1,0,0,0,0,0,0,0,1,0,19.7,1341.5,0,0,0,1,0,0,0,1,1,4,0,19.7,0.0,18.8943661971831,3.0301337002713233,7.20228882638302,0
0,0,1,1,1,0,1,1,0,1,0,1,0,1,70.45,70.45,0,1,0,0,0,0,0,1,5,0,0,0.0,0.0,35.225,4.268997904375876,4.268997904375876,1
0,1,0,8,1,1,0,0,0,0,0,1,0,1,85.65,659.45,0,1,1,0,0,0,0,1,3,1,0,0.0,85.65,73.27222222222223,4.4618770161616155,6.492921420869872,0
0,0,0,1,1,1,0,0,0,0,0,0,0,1,77.15,77.15,1,0,1,0,0,1,0,0,2,0,0,0.0,77.15,38.575,4.358630056867486,4.358630056867486,1
0,0,0,1,0,0,0,0,0,0,0,1,0,1,35.25,35.25,1,1,0,0,0,0,0,1,1,0,0,0.0,0.0,17.625,3.590439381300684,3.590439381300684,1
0,1,1,60,1,0,0,0,0,0,0,0,2,0,20.55,1205.05,0,1,0,1,0,0,1,0,1,4,0,41.1,0.0,19.754918032786886,3.070375816549757,7.095105835797533,0
0,1,1,49,1,1,0,0,0,1,1,1,1,1,97.95,4917.9,0,1,1,0,0,1,0,0,5,4,1,97.95,97.95,98.35799999999999,4.594614672048575,8.500840207253466,0
0,1,0,4,0,0,0,1,0,0,1,1,0,1,48.55,201.0,1,1,0,0,0,1,0,0,3,0,0,0.0,0.0,40.2,3.902982260775997,5.308267697401205,1
0,0,0,29,1,0,0,0,0,0,0,0,1,0,20.0,599.3,0,0,0,1,0,0,1,0,1,3,0,20.0,0.0,19.976666666666667,3.044522437723423,6.3974295302577975,0
0,1,0,67,1,1,0,0,0,0,0,0,2,1,25.25,1733.15,0,0,0,1,1,0,0,1,2,4,0,50.5,0.0,25.4875,3.2676659890376327,7.458272658789441,0
0,1,0,53,1,1,0,1,0,0,1,1,0,1,98.4,5149.5,1,0,1,0,1,0,0,1,5,4,1,0.0,98.4,95.36111111111111,4.599152113662528,8.546849076323747,0
0,1,0,67,1,1,1,1,1,1,0,0,2,0,70.9,4677.1,0,1,0,0,1,0,0,1,6,4,0,141.8,0.0,68.78088235294118,4.275276264727001,8.450647323572339,0
0,1,1,6,1,0,0,0,0,0,0,0,0,0,19.85,119.3,0,0,0,1,0,0,1,0,1,0,0,0.0,0.0,17.04285714285714,3.0373539482448106,4.789988622980633,1
0,0,0,47,1,1,0,1,1,0,1,1,0,1,106.35,4849.1,0,0,1,0,0,1,0,0,6,4,1,0.0,106.35,101.02291666666667,4.67609452432479,8.48675460227567,0
0,0,0,53,1,0,1,1,1,1,0,1,2,0,99.5,5424.25,0,0,1,0,0,0,1,0,6,4,1,199.0,99.5,100.44907407407408,4.61015772749913,8.598819260296182,0
0,1,0,69,1,0,1,1,1,1,1,1,2,1,84.7,5878.9,0,1,0,0,0,0,1,0,7,4,0,169.4,0.0,83.9842857142857,4.450852825603734,8.679295033945333,0
0,0,0,3,1,0,1,0,0,0,0,1,0,1,86.05,244.85,0,1,1,0,0,0,1,0,3,0,0,0.0,86.05,61.2125,4.466482666214198,5.504721593857949,1
0,0,0,4,1,0,0,0,0,0,0,0,0,0,44.55,220.75,0,1,0,0,0,0,1,0,1,0,0,0.0,0.0,44.15,3.8188106237059674,5.401550621189688,1
0,1,1,56,1,1,1,1,0,1,0,1,2,1,75.85,4261.2,0,1,0,0,1,0,0,1,6,4,0,151.7,0.0,74.7578947368421,4.341855469984605,8.357540737883225,0
1,1,0,59,1,1,0,0,0,0,1,1,0,1,93.85,5574.75,1,1,1,0,0,0,0,1,4,4,1,0.0,93.85,92.9125,4.552296696381023,8.626182116428067,0
1,1,0,61,1,1,0,0,0,0,0,0,2,0,25.0,1501.75,0,1,0,1,0,0,0,1,2,4,0,50.0,0.0,24.221774193548388,3.258096538021482,7.315052041919271,0
0,1,0,2,1,0,0,0,0,0,0,0,0,1,45.0,89.75,0,0,0,0,0,1,0,0,1,0,0,0.0,0.0,29.916666666666668,3.828641396489095,4.5081084731449605,1
1,1,1,46,1,1,1,1,1,0,1,0,0,1,100.7,4541.2,1,1,1,0,0,1,0,0,6,4,1,0.0,100.7,96.62127659574467,4.622027303054514,8.421166755161494,0
0,1,1,12,1,0,0,0,0,0,0,0,0,0,20.5,255.5,0,1,0,1,0,0,1,0,1,1,0,0.0,0.0,19.653846153846153,3.068052935133617,5.547128664610824,0
0,0,0,14,1,1,0,0,1,0,0,0,0,1,80.45,1072.0,1,0,1,0,0,1,0,0,3,2,0,0.0,80.45,71.46666666666667,4.399989335048054,6.9782137426306985,0
0,1,1,28,1,1,0,0,0,1,0,1,1,1,90.45,2509.25,0,0,1,0,0,1,0,0,4,3,1,90.45,90.45,86.52586206896552,4.515792374836875,7.828137628759546,0
0,0,0,24,1,0,1,1,0,1,0,0,0,0,60.45,1440.75,0,1,0,0,0,0,0,1,4,2,0,0.0,0.0,57.63,4.118223836012044,7.273612932495522,0
0,0,0,31,1,0,0,0,1,1,0,0,0,1,55.25,1715.65,1,1,0,0,0,1,0,0,3,3,0,0.0,0.0,53.6140625,4.029806041084529,7.448129996204678,0
0,1,1,68,1,1,1,1,1,1,0,1,1,1,78.45,5333.35,0,0,0,0,0,1,0,0,7,4,0,78.45,0.0,77.2949275362319,4.375127892982725,8.581922319387171,0
0,0,1,39,1,1,0,0,0,1,1,1,2,0,100.55,3895.35,0,1,1,0,0,0,1,0,5,4,1,201.1,100.55,97.38374999999999,4.620551288026394,8.26779549645639,0
0,1,0,42,1,0,0,0,0,0,0,0,0,0,20.35,869.9,0,0,0,1,1,0,0,1,1,4,0,0.0,0.0,20.230232558139534,3.0610517396746335,6.7695271596986935,0
0,1,0,13,0,0,1,0,0,1,1,1,0,1,54.45,706.85,1,1,0,0,0,1,0,0,4,2,0,0.0,0.0,50.489285714285714,4.015481713796376,6.562232206840506,0
0,1,0,6,1,1,0,1,0,0,0,1,0,1,90.75,512.25,0,0,1,0,0,1,0,0,4,0,1,0.0,90.75,73.17857142857143,4.51906748693468,6.240763055899043,1
0,0,0,35,1,1,0,0,0,0,0,0,0,0,75.35,2636.05,1,1,1,0,1,0,0,1,2,3,0,0.0,75.35,73.22361111111111,4.335328031664641,7.877416147113993,0
0,1,0,38,1,0,0,0,0,0,0,0,1,1,20.25,814.75,0,0,0,1,1,0,0,1,1,4,0,20.25,0.0,20.891025641025642,3.056356895370426,6.70410793547343,0
0,0,0,18,1,0,0,0,0,0,0,0,2,0,20.05,388.6,0,1,0,1,1,0,0,1,1,2,0,40.1,0.0,20.45263157894737,3.0469005601283903,5.96512057176838,0
0,1,0,4,1,0,0,0,0,0,0,0,0,0,19.6,93.45,0,0,0,1,0,0,1,0,1,0,0,0.0,0.0,18.69,3.0252910757955354,4.548070593947519,1
0,1,0,27,1,0,0,1,0,1,0,0,0,1,53.8,1389.85,0,1,0,0,0,1,0,0,3,3,0,0.0,0.0,49.637499999999996,4.00369019395397,7.237670350019569,0
0,0,1,41,1,0,1,1,1,0,1,0,1,0,70.2,2894.55,0,1,0,0,0,0,1,0,5,4,0,70.2,0.0,68.91785714285714,4.26549281841793,7.970930354691506,0
0,1,1,50,1,0,1,0,0,1,1,1,1,0,75.5,4025.6,0,1,0,0,0,1,0,0,5,4,0,75.5,0.0,78.93333333333334,4.33729074083249,8.300677626392249,0
0,1,1,72,1,0,0,0,0,0,0,0,2,0,20.35,1354.4,0,1,0,1,0,1,0,0,1,4,0,40.7,0.0,18.553424657534247,3.0610517396746335,7.211851892702013,0
0,0,0,70,1,1,0,0,0,0,0,0,1,0,26.05,1856.4,0,0,0,1,1,0,0,1,2,4,0,26.05,0.0,26.146478873239438,3.2976870052924907,7.526932939341908,0
0,1,1,44,1,0,0,0,0,0,0,0,1,0,20.6,926.0,0,1,0,1,0,0,0,1,1,4,0,20.6,0.0,20.57777777777778,3.0726933146901194,6.831953565565855,0
0,0,0,2,1,0,1,0,0,0,0,0,0,1,75.7,189.2,1,1,1,0,0,1,0,0,2,0,0,0.0,75.7,63.06666666666666,4.33990170837321,5.24807615011129,1
0,1,1,34,1,0,0,0,0,0,0,0,1,1,20.1,682.1,0,0,0,1,0,0,0,1,1,3,0,20.1,0.0,19.48857142857143,3.0492730404820207,6.526641261737804,0
1,1,0,72,1,1,0,0,0,0,0,0,2,0,24.3,1778.7,0,0,0,1,0,0,0,1,2,4,0,48.6,0.0,24.365753424657534,3.2308043957334744,7.48420008975594,0
0,1,0,71,1,1,0,0,0,0,0,0,2,1,24.5,1816.2,0,1,0,1,0,1,0,0,2,4,0,49.0,0.0,25.225,3.2386784521643803,7.505052133885248,0
0,0,0,64,1,1,0,1,1,1,1,1,2,1,110.5,7069.25,0,0,1,0,1,0,0,1,7,4,1,221.0,110.5,108.75769230769231,4.7140245909001735,8.86365111894437,0
0,1,0,72,1,1,0,0,0,0,0,0,2,1,25.25,1841.2,0,0,0,1,0,0,0,1,2,4,0,50.5,0.0,25.221917808219178,3.2676659890376327,7.518715788554135,0
0,0,0,1,1,1,0,0,0,0,0,0,0,1,74.25,74.25,1,1,1,0,0,0,1,0,2,0,0,0.0,74.25,37.125,4.3208159036289855,4.3208159036289855,1
1,1,0,29,1,0,1,0,1,0,0,1,1,0,90.1,2656.7,0,1,1,0,0,0,0,1,4,3,1,90.1,90.1,88.55666666666666,4.511957804265912,7.885216366086096,0
0,1,0,23,1,0,1,0,1,1,0,1,1,1,68.75,1689.45,0,0,0,0,0,0,0,1,5,2,0,68.75,0.0,70.39375,4.244917420701475,7.4327500446623205,0
0,1,1,52,1,0,0,0,0,0,0,0,2,0,19.2,1054.75,0,1,0,1,0,0,1,0,1,4,0,38.4,0.0,19.900943396226417,3.005682604407159,6.962006693814053,0
1,0,0,25,1,1,0,1,0,0,0,1,0,1,89.7,2187.55,1,0,1,0,0,1,0,0,4,3,0,0.0,89.7,84.13653846153846,4.507557357121091,7.69099450306862,0
0,0,0,64,1,1,1,1,1,1,1,1,2,1,115.1,7334.05,0,0,1,0,0,0,0,1,8,4,1,230.2,115.1,112.83153846153846,4.754451888703846,8.900419507186433,0
1,0,0,16,1,1,0,0,0,0,1,1,0,1,96.4,1581.2,1,0,1,0,0,1,0,0,4,2,1,0.0,96.4,93.01176470588236,4.578826210648489,7.366571562587296,0
1,0,0,1,1,0,0,0,0,0,0,0,0,1,69.5,69.5,1,1,1,0,0,0,0,1,1,0,0,0.0,69.5,34.75,4.255612709818223,4.255612709818223,1
0,0,0,24,1,1,0,1,0,0,1,1,0,1,99.65,2404.85,0,1,1,0,0,0,0,1,5,2,1,0.0,99.65,96.194,4.611649152085801,7.785658550451497,0
0,1,0,2,1,1,0,0,1,0,1,0,0,1,91.45,171.45,0,1,1,0,0,1,0,0,4,0,1,0.0,91.45,57.15,4.5266679578331335,5.15010733938285,1
0,1,1,34,1,0,1,1,1,1,1,1,2,0,84.75,2839.45,0,0,0,0,0,0,1,0,7,3,0,169.5,0.0,81.12714285714286,4.45143608604605,7.95171776930749,0
1,1,0,36,1,1,0,0,0,0,0,1,0,1,85.25,3132.75,1,1,1,0,1,0,0,1,3,3,0,0.0,85.25,84.66891891891892,4.457250055911469,8.049985649472504,0
0,1,1,53,1,1,0,0,1,1,1,1,1,1,78.75,3942.45,0,1,0,0,0,0,1,0,6,4,0,78.75,0.0,73.00833333333333,4.378896741664954,8.279811253665487,0
0,1,1,47,1,0,0,0,0,0,0,0,2,0,20.25,873.4,0,0,0,1,1,0,0,1,1,4,0,40.5,0.0,18.195833333333333,3.056356895370426,6.773537936862329,0
0,0,1,72,1,0,0,0,0,0,0,0,2,0,19.9,1529.65,0,1,0,1,1,0,0,1,1,4,0,39.8,0.0,20.954109589041096,3.039749158970765,7.33344776077027,0
0,1,1,72,1,1,1,1,0,1,0,1,2,1,97.75,6991.6,0,1,1,0,1,0,0,1,6,4,1,195.5,97.75,95.77534246575343,4.592591403781231,8.852607726010682,0
0,0,0,1,1,0,0,0,0,0,0,0,0,0,19.4,19.4,1,1,0,1,0,0,1,0,1,0,0,0.0,0.0,9.7,3.0155349008501706,3.0155349008501706,1
0,0,0,9,1,1,0,0,0,0,0,1,0,1,83.3,803.3,1,0,1,0,0,1,0,0,3,1,0,0.0,83.3,80.33,4.4343818650078095,6.689972333910023,0
0,0,0,8,1,0,0,0,0,0,1,0,0,1,80.1,679.3,1,0,1,0,0,0,0,1,2,1,0,0.0,80.1,75.47777777777777,4.395682961121367,6.522533877351015,0
1,0,0,45,1,0,1,0,1,0,0,1,1,0,62.7,2791.5,1,1,0,0,1,0,0,1,4,4,0,62.7,0.0,60.68478260869565,4.154184562578117,7.934692530943356,0
0,0,0,7,1,0,0,0,1,1,1,1,0,1,100.4,715.0,0,0,1,0,0,1,0,0,5,1,1,0.0,100.4,89.375,4.619073091157083,6.573680166960646,0
0,1,0,71,1,1,0,0,0,0,0,0,2,1,24.45,1681.6,0,0,0,1,1,0,0,1,2,4,0,48.9,0.0,23.355555555555554,3.2367157429965316,7.428095495116713,0
1,0,0,41,1,0,0,0,1,1,1,1,1,1,101.1,4016.2,0,0,1,0,0,0,0,1,5,4,1,101.1,101.1,95.62380952380951,4.625952725170619,8.298340421519184,0
0,1,1,67,0,0,1,0,0,0,1,1,2,0,50.9,3281.65,0,1,0,0,1,0,0,1,3,4,0,101.8,0.0,48.25955882352941,3.949318790171843,8.09640630201026,0
0,1,0,69,1,1,1,1,1,1,0,1,1,1,107.2,7317.1,0,1,1,0,1,0,0,1,7,4,1,107.2,107.2,104.53,4.6839813664123815,8.898106010421563,0
1,1,0,70,1,1,1,1,1,1,1,1,2,1,92.2,6474.45,0,0,0,0,0,0,0,1,8,4,1,184.4,0.0,91.18943661971831,4.534747721691546,8.775773382222358,0
0,0,0,25,1,1,0,0,0,0,0,0,1,0,25.3,676.35,1,1,0,1,0,0,0,1,2,3,0,25.3,0.0,26.013461538461538,3.269568939183719,6.518188126026746,0
0,0,0,72,1,1,1,1,1,1,1,1,2,0,113.4,8164.1,0,1,1,0,0,0,0,1,8,4,1,226.8,113.4,111.83698630136986,4.739701078945697,9.007624252726995,0
0,1,1,34,0,0,0,0,0,1,1,0,2,1,40.55,1325.85,0,1,0,0,0,1,0,0,2,3,0,81.1,0.0,37.88142857142857,3.7268975213014572,7.190562991017657,0
0,1,1,65,1,1,0,0,0,0,0,0,2,0,26.0,1654.85,0,0,0,1,1,0,0,1,2,4,0,52.0,0.0,25.073484848484846,3.295836866004329,7.412069751132471,0
0,0,0,70,1,1,1,1,1,1,1,1,2,1,111.95,7795.95,0,0,1,0,1,0,0,1,8,4,1,223.9,111.95,109.80211267605634,4.726945242914012,8.961487910566197,0
0,1,1,72,0,0,1,0,1,0,1,1,2,1,53.8,3952.45,0,0,0,0,1,0,0,1,4,4,0,107.6,0.0,54.143150684931506,4.00369019395397,8.282343894409381,0
0,0,1,35,1,0,0,0,0,1,1,1,1,1,72.1,2495.15,0,1,0,0,0,0,1,0,4,3,0,72.1,0.0,69.30972222222222,4.291828366755733,7.822504823837463,0
0,0,0,13,1,1,1,0,0,0,1,1,0,0,98.15,1230.25,1,1,1,0,0,0,1,0,5,2,1,0.0,98.15,87.875,4.5966338549658055,7.115785192486299,0
0,1,0,12,1,1,1,0,1,0,1,1,1,0,78.85,876.75,0,0,0,0,0,1,0,0,6,1,0,78.85,0.0,67.4423076923077,4.380149874661021,6.7773618150485415,0
0,1,1,62,1,0,1,0,1,1,1,0,1,1,70.75,4263.45,0,0,0,0,0,0,0,1,5,4,0,70.75,0.0,67.67380952380952,4.273187854639731,8.358068494986478,0
0,0,0,25,1,0,1,0,0,1,1,1,0,1,76.15,1992.95,0,0,0,0,1,0,0,1,5,3,0,0.0,0.0,76.65192307692308,4.34575157880917,7.597872874981718,0
0,0,0,52,0,0,1,1,0,1,0,0,2,0,39.1,1982.1,0,0,0,0,0,0,1,0,3,4,0,78.2,0.0,37.39811320754717,3.6913763343125234,7.592416555891784,0
1,0,0,8,1,0,0,0,0,0,0,0,0,1,69.95,562.7,0,1,1,0,1,0,0,1,1,1,0,0.0,69.95,62.522222222222226,4.261975403606051,6.334522195087529,0
0,0,0,2,1,0,0,0,0,0,0,0,0,0,20.05,33.7,0,1,0,1,0,0,1,0,1,0,0,0.0,0.0,11.233333333333334,3.0469005601283903,3.5467396869528134,1
0,1,1,56,1,0,0,0,0,0,0,0,2,0,20.05,1090.1,0,0,0,1,0,0,1,0,1,4,0,40.1,0.0,19.12456140350877,3.0469005601283903,6.994941640661053,0
0,0,0,12,1,0,0,0,0,0,0,0,0,0,19.45,227.45,0,0,0,1,0,0,0,1,1,1,0,0.0,0.0,17.496153846153845,3.017982882488811,5.431317368009281,0
0,1,0,47,1,1,0,0,0,0,0,0,1,0,26.9,1250.85,0,0,0,1,0,1,0,0,2,4,0,26.9,0.0,26.059375,3.32862668882732,7.132377736175746,0
1,0,0,2,1,0,0,0,0,0,0,0,0,0,19.2,37.2,0,1,0,1,0,1,0,0,1,0,0,0.0,0.0,12.4,3.005682604407159,3.6428355156125294,1
0,0,0,18,1,0,0,0,1,0,0,0,0,1,50.0,892.7,0,0,0,0,0,0,1,0,2,2,0,0.0,0.0,46.98421052631579,3.9318256327243257,6.795370148387346,0
0,0,0,8,1,0,1,0,0,0,1,0,0,1,60.0,487.75,0,0,0,0,0,1,0,0,3,1,0,0.0,0.0,54.19444444444444,4.110873864173311,6.1918511112995755,0
0,1,0,45,1,1,1,0,1,0,0,0,0,1,84.55,3713.95,0,1,1,0,0,0,1,0,4,4,0,0.0,84.55,80.73804347826086,4.449101000338202,8.220120498111084,0
0,0,0,3,1,0,0,0,0,0,0,0,0,0,45.45,141.7,0,1,0,0,0,0,1,0,1,0,0,0.0,0.0,35.425,3.8383764652598478,4.960744524482791,1
0,0,0,38,1,0,0,0,0,0,0,0,1,0,20.05,678.2,0,0,0,1,0,0,1,0,1,4,0,20.05,0.0,17.389743589743592,3.0469005601283903,6.520915634997138,0
0,1,0,72,1,1,1,1,1,1,1,1,2,1,115.55,8425.3,0,1,1,0,0,1,0,0,8,4,1,231.1,115.55,115.41506849315067,4.758320365481766,9.039113045987753,0
0,0,0,46,1,1,1,1,0,0,0,1,0,1,93.7,4154.8,1,1,1,0,0,1,0,0,5,4,1,0.0,93.7,88.4,4.550714000192032,8.33226022786578,0
0,1,1,71,1,1,1,1,1,0,1,0,2,1,99.0,7061.65,0,0,1,0,1,0,0,1,6,4,1,198.0,99.0,98.07847222222222,4.605170185988092,8.862575614167206,0
0,1,1,66,0,0,0,0,0,1,1,1,2,0,50.55,3364.55,0,1,0,0,0,0,0,1,3,4,0,101.1,0.0,50.21716417910448,3.942552210462969,8.121346675973896,0
1,0,0,25,1,1,0,1,1,0,1,1,0,0,105.95,2655.25,1,1,1,0,0,0,1,0,6,3,1,0.0,105.95,102.125,4.672361435528415,7.884670632672727,0
0,0,0,18,1,1,0,0,1,1,1,1,1,1,82.0,1425.45,1,1,0,0,1,0,0,1,6,2,0,82.0,0.0,75.02368421052631,4.418840607796598,7.2629441192155655,0
0,1,1,13,1,1,0,0,0,0,0,0,2,1,25.0,332.5,0,0,0,1,0,0,0,1,2,2,0,50.0,0.0,23.75,3.258096538021482,5.809642865355678,0
0,1,1,65,1,1,1,1,1,1,1,1,2,0,91.55,5963.95,0,0,0,0,0,0,0,1,8,4,1,183.1,0.0,90.36287878787878,4.527749039019507,8.693655952267212,0
0,1,0,60,1,1,0,1,1,0,1,0,0,1,95.75,5742.9,1,1,1,0,0,1,0,0,5,4,1,0.0,95.75,94.14590163934426,4.572130331909891,8.65589370110576,0
0,1,1,15,1,0,0,0,0,0,0,0,2,0,19.35,278.85,0,1,0,1,0,0,1,0,1,2,0,38.7,0.0,17.428125,3.013080911888604,5.634253745337369,0
0,1,0,72,1,1,0,0,0,0,0,0,2,0,24.85,1871.85,0,0,0,1,1,0,0,1,2,4,0,49.7,0.0,25.641780821917806,3.2523106009544382,7.535216613812627,0
0,1,0,30,1,1,0,0,0,0,1,1,0,1,94.05,2866.45,1,1,1,0,1,0,0,1,4,3,1,0.0,94.05,92.46612903225805,4.554403068934438,7.961178412059873,0
0,1,1,42,1,0,0,0,1,1,1,1,2,1,100.4,4303.65,0,0,1,0,0,1,0,0,5,4,1,200.8,100.4,100.08488372093022,4.619073091157083,8.367451112743733,0
0,1,0,71,1,1,0,0,0,0,0,0,2,0,25.0,1753.0,0,0,0,1,0,0,0,1,2,4,0,50.0,0.0,24.34722222222222,3.258096538021482,7.469654172932128,0
0,0,0,1,1,0,0,0,0,0,0,1,0,1,54.75,54.75,1,0,0,0,0,0,1,0,2,0,0,0.0,0.0,27.375,4.020877410340228,4.020877410340228,1
1,0,0,39,1,1,0,0,0,0,1,1,0,1,95.65,3759.05,1,1,1,0,0,0,0,1,4,4,1,0.0,95.65,93.97625000000001,4.57109620565434,8.232187534167865,0
0,0,0,35,1,0,0,0,0,0,0,0,0,0,19.25,617.65,0,0,0,1,0,0,0,1,1,3,0,0.0,0.0,17.156944444444445,3.0081547935525483,6.427539684659985,0
0,1,1,53,1,0,0,1,1,1,1,1,0,1,108.25,5935.1,0,0,1,0,0,0,0,1,6,4,1,0.0,108.25,109.90925925925927,4.693638833975699,8.688807631066505,0
0,0,0,1,1,1,0,0,0,0,1,1,0,1,94.6,94.6,1,0,1,0,0,1,0,0,4,0,1,0.0,94.6,47.3,4.560172820057356,4.560172820057356,1
1,1,1,31,1,0,0,0,1,1,1,1,0,1,98.9,2911.3,1,0,1,0,0,1,0,0,5,3,1,0.0,98.9,90.978125,4.604169685654508,7.976698425988199,0
0,0,0,48,1,0,0,0,0,0,0,0,2,0,20.15,982.95,0,1,0,1,1,0,0,1,1,4,0,40.3,0.0,20.060204081632655,3.0516399054922867,6.891575082753099,0
1,0,1,30,1,1,0,0,0,1,1,1,0,1,101.3,2974.5,0,0,1,0,0,1,0,0,5,3,1,0.0,101.3,95.95161290322581,4.627909672957581,7.998167371084906,0
0,0,0,10,1,0,0,0,0,0,0,0,0,0,20.0,198.7,0,1,0,1,1,0,0,1,1,1,0,0.0,0.0,18.063636363636363,3.044522437723423,5.296816240421769,0
0,0,1,12,1,1,0,1,1,0,1,1,0,1,105.3,1275.65,0,0,1,0,0,1,0,0,6,1,1,0.0,105.3,98.12692307692308,4.666265285347902,7.15199473859108,0
1,0,0,57,1,0,1,0,1,1,1,0,2,0,69.85,4003.0,0,0,0,0,0,0,0,1,5,4,0,139.7,0.0,69.01724137931035,4.260564966136689,8.295049140435111,0
0,1,0,58,1,0,1,1,0,0,1,0,0,1,65.25,3791.6,0,0,0,0,1,0,0,1,4,4,0,0.0,0.0,64.26440677966102,4.193435464866331,8.240807078706307,0
0,0,0,37,1,0,0,0,0,0,0,0,2,0,19.8,813.3,0,0,0,1,0,0,1,0,1,4,0,39.6,0.0,21.402631578947368,3.0349529867072724,6.702328848473085,0
0,1,1,44,1,0,0,0,0,0,0,0,0,0,19.6,780.25,0,0,0,1,0,0,1,0,1,4,0,0.0,0.0,17.33888888888889,3.0252910757955354,6.660895201050611,0
0,0,1,27,1,0,0,0,0,0,0,0,1,0,20.05,552.9,0,1,0,1,1,0,0,1,1,3,0,20.05,0.0,19.74642857142857,3.0469005601283903,6.316984165039059,0
0,0,0,8,1,0,0,0,0,1,0,0,0,0,49.4,408.25,0,0,0,0,0,1,0,0,2,1,0,0.0,0.0,45.361111111111114,3.919991175077323,6.014326216251244,0
1,0,0,3,1,1,0,0,0,0,0,0,0,1,76.05,231.8,1,1,1,0,0,1,0,0,2,0,0,0.0,76.05,57.95,4.344454561766125,5.450179715857283,1
1,1,0,25,1,0,0,1,1,0,0,1,0,0,88.4,2191.15,0,0,1,0,0,0,0,1,4,3,0,0.0,88.4,84.275,4.493120682179469,7.69263807638357,0
0,1,1,57,1,1,0,1,0,0,1,1,0,1,100.6,5611.7,0,0,1,0,0,1,0,0,5,4,1,0.0,100.6,96.75344827586207,4.6210435351443815,8.632787166159483,0
0,0,0,12,1,0,0,0,0,0,0,0,0,0,19.45,246.25,0,0,0,1,0,0,1,0,1,1,0,0.0,0.0,18.942307692307693,3.017982882488811,5.510399970502822,0
0,1,1,62,1,0,0,0,0,0,0,0,2,0,20.3,1296.15,0,0,0,1,0,0,0,1,1,4,0,40.6,0.0,20.573809523809526,3.0587070727153796,7.167924829132794,0
0,1,0,65,1,1,0,1,1,1,1,1,2,1,107.65,7082.85,0,0,1,0,0,0,0,1,7,4,1,215.3,107.65,107.3159090909091,4.688131706702439,8.865572824200845,0
0,1,0,71,1,1,0,0,1,1,1,1,2,1,80.45,5662.25,0,0,0,0,0,0,0,1,6,4,0,160.9,0.0,78.64236111111111,4.399989335048054,8.641753211351645,0
0,1,1,21,1,0,0,1,0,0,1,0,1,1,58.85,1215.45,0,0,0,0,1,0,0,1,3,2,0,58.85,0.0,55.247727272727275,4.091841432003982,7.103692059858131,0
0,1,0,71,1,1,1,1,1,0,1,1,1,1,109.6,7854.15,0,1,1,0,0,1,0,0,7,4,1,109.6,109.6,109.08541666666666,4.7059200890882344,8.968924646624515,0
0,0,0,7,1,0,0,0,1,0,0,0,0,1,75.15,525.0,0,0,1,0,0,1,0,0,2,1,0,0.0,75.15,65.625,4.332705079341171,6.26530121273771,0
0,0,0,72,1,0,1,1,1,1,0,1,2,1,73.0,5265.2,0,0,0,0,1,0,0,1,6,4,0,146.0,0.0,72.12602739726027,4.30406509320417,8.569064318826127,0
0,0,0,1,1,0,0,0,0,0,0,0,0,0,70.1,70.1,0,0,1,0,0,1,0,0,1,0,0,0.0,70.1,35.05,4.264087336809195,4.264087336809195,1
0,1,1,72,1,1,0,1,1,1,0,1,2,1,98.65,7129.45,0,0,1,0,0,0,0,1,6,4,1,197.3,98.65,97.66369863013698,4.6016640466588035,8.87212962502125,0
0,1,1,64,1,1,0,1,1,1,1,1,1,1,111.45,7266.95,0,0,1,0,0,1,0,0,7,4,1,111.45,111.45,111.79923076923076,4.722508678405324,8.891229550020741,0
0,0,0,72,1,1,1,1,1,1,1,1,2,1,114.9,8496.7,0,0,1,0,0,1,0,0,8,4,1,229.8,114.9,116.39315068493151,4.752727750345706,9.047550817627512,0
0,0,0,29,1,1,0,0,1,0,1,1,0,0,100.55,2878.75,0,0,1,0,0,0,0,1,5,3,1,0.0,100.55,95.95833333333333,4.620551288026394,7.965458763806616,0
0,0,0,13,1,0,0,0,0,0,0,0,2,1,20.4,261.3,0,0,0,1,0,0,1,0,1,2,0,40.8,0.0,18.664285714285715,3.0633909220278057,5.569488886872828,0
0,0,0,31,1,1,1,1,0,0,1,1,0,0,104.35,3205.6,0,0,1,0,0,1,0,0,6,3,1,0.0,104.35,100.175,4.6572881402501976,8.072966464754737,0
1,0,0,1,1,0,0,0,0,0,0,0,0,1,69.75,69.75,1,1,1,0,0,1,0,0,1,0,0,0.0,69.75,34.875,4.259152536523347,4.259152536523347,1
0,1,1,7,0,0,1,0,0,1,0,0,0,1,34.5,279.25,1,1,0,0,0,1,0,0,2,1,0,0.0,0.0,34.90625,3.56953269648137,5.635682061952269,0
0,1,0,61,1,1,0,1,1,0,1,1,0,1,105.55,6281.45,1,1,1,0,0,1,0,0,6,4,1,0.0,105.55,101.31370967741935,4.668614358544626,8.745515310770877,0
0,0,1,39,0,0,0,0,1,0,0,0,0,0,30.1,1131.3,1,0,0,0,1,0,0,1,1,4,0,0.0,0.0,28.2825,3.4372078191851885,7.032006241319994,0
0,1,0,10,1,0,0,0,0,0,0,0,0,1,70.3,738.2,1,1,1,0,0,1,0,0,1,1,0,0.0,70.3,67.10909090909091,4.26689632742025,6.605568520327474,0
0,1,1,14,1,1,0,1,0,1,1,1,0,0,80.45,1137.05,0,0,0,0,1,0,0,1,6,2,0,0.0,0.0,75.80333333333333,4.399989335048054,7.037071550452193,0
0,0,0,1,1,1,0,1,0,0,0,0,0,1,80.2,80.2,1,0,1,0,0,0,1,0,3,0,0,0.0,80.2,40.1,4.396915247167632,4.396915247167632,1
0,1,1,67,1,1,1,0,0,1,0,1,1,1,94.35,6341.45,1,0,1,0,1,0,0,1,5,4,1,94.35,94.35,93.25661764705882,4.557554332046428,8.7550204081156,0
0,0,0,72,1,1,1,1,1,1,1,1,2,1,91.35,6697.2,0,0,0,0,0,0,0,1,8,4,1,182.7,0.0,91.74246575342465,4.5255857066452485,8.809594112567959,0
0,1,1,6,1,0,0,0,0,0,0,0,0,1,44.6,260.8,1,1,0,0,0,0,0,1,1,0,0,0.0,0.0,37.25714285714286,3.8199077165203406,5.5675808534758,1
0,0,0,1,1,0,0,0,0,0,0,0,0,1,19.6,19.6,1,0,0,1,0,0,1,0,1,0,0,0.0,0.0,9.8,3.0252910757955354,3.0252910757955354,1
0,1,1,25,1,0,0,0,0,0,0,0,1,0,19.9,505.45,0,1,0,1,0,1,0,0,1,3,0,19.9,0.0,19.440384615384616,3.039749158970765,6.227425602132806,0
1,0,0,33,1,1,0,1,1,1,1,1,0,1,110.45,3655.45,1,0,1,0,0,1,0,0,7,3,1,0.0,110.45,107.51323529411764,4.713576059831878,8.20424801033883,0
0,0,0,18,1,0,1,0,1,1,1,0,0,1,68.35,1299.8,0,1,0,0,0,1,0,0,5,2,0,0.0,0.0,68.41052631578947,4.239166146760841,7.170734738793546,0
0,1,0,71,1,0,0,1,1,1,1,1,2,1,79.1,5564.85,0,1,0,0,1,0,0,1,6,4,0,158.2,0.0,77.28958333333334,4.383275854074314,8.624404992387447,0
1,1,1,28,1,1,0,0,0,0,0,0,1,1,51.0,1381.8,0,1,0,0,0,1,0,0,2,3,0,51.0,0.0,47.648275862068964,3.9512437185814275,7.2318657080474695,0
0,0,1,2,1,1,1,0,0,0,0,0,0,0,80.55,188.1,0,0,1,0,1,0,0,1,3,0,0,0.0,80.55,62.699999999999996,4.401216329067023,5.242275975664412,1
0,1,1,17,1,1,0,1,1,1,0,0,0,1,66.7,1077.05,0,1,0,0,0,0,1,0,5,2,0,0.0,0.0,59.83611111111111,4.215086179918229,6.982909132582561,0
0,0,0,56,1,1,1,1,0,0,0,0,0,1,86.4,4922.4,0,1,1,0,0,1,0,0,4,4,0,0.0,86.4,86.3578947368421,4.470495282661489,8.501754627727045,0
0,1,0,60,0,0,1,1,1,0,0,1,1,0,50.05,2911.5,0,0,0,0,0,1,0,0,4,4,0,50.05,0.0,47.72950819672131,3.9328055446106744,7.976767097873956,0
0,0,0,33,1,1,0,0,0,0,0,0,2,0,25.7,826.1,0,0,0,1,1,0,0,1,2,3,0,51.4,0.0,24.29705882352941,3.2846635654062037,6.717925606697861,0
0,0,0,1,1,0,1,1,0,1,0,0,0,1,83.4,83.4,0,0,1,0,0,0,1,0,4,0,0,0.0,83.4,41.7,4.4355674016019115,4.4355674016019115,1
0,0,0,2,1,0,0,0,0,0,0,0,0,0,70.7,140.7,1,1,1,0,1,0,0,1,1,0,0,0.0,70.7,46.9,4.272490747605575,4.953712146696635,1
0,1,0,63,1,1,1,0,0,1,0,0,2,1,84.65,5377.8,0,1,1,0,1,0,0,1,4,4,0,169.3,84.65,84.028125,4.450269224770129,8.590220579949715,0
1,1,0,7,1,1,0,0,1,0,1,1,0,1,99.25,665.45,1,1,1,0,0,1,0,0,5,1,1,0.0,99.25,83.18125,4.6076670661866785,6.501965118050027,0
0,0,0,55,1,0,0,1,1,0,0,1,2,1,64.75,3617.1,0,0,0,0,0,0,1,0,4,4,0,129.5,0.0,64.59107142857142,4.185859671057874,8.193704305153153,0
0,1,0,65,1,1,1,1,0,1,1,0,1,1,100.15,6643.5,0,0,1,0,0,0,0,1,6,4,1,100.15,100.15,100.6590909090909,4.6166045636137545,8.801544723771562,0
0,1,0,1,1,0,0,0,0,1,1,0,0,1,84.8,84.8,1,1,1,0,0,1,0,0,3,0,0,0.0,84.8,42.4,4.4520190064939165,4.4520190064939165,1
0,0,0,63,1,1,0,0,0,0,0,0,2,0,25.25,1559.3,0,1,0,1,0,0,1,0,2,4,0,50.5,0.0,24.3640625,3.2676659890376327,7.352633389447137,0
1,1,0,70,1,1,1,1,1,1,1,1,2,1,113.0,7987.6,0,0,1,0,1,0,0,1,8,4,1,226.0,113.0,112.50140845070423,4.736198448394496,8.985770804383893,0
0,1,1,36,0,0,1,0,1,1,0,0,2,0,40.65,1547.35,0,0,0,0,1,0,0,1,3,3,0,81.3,0.0,41.82027027027027,3.7293013686128518,7.344945126784543,0
0,0,0,52,1,0,0,1,1,1,1,1,1,1,105.0,5426.85,1,1,1,0,0,0,0,1,6,4,1,105.0,105.0,102.3933962264151,4.663439094112067,8.59929838608508,0
0,0,0,22,1,1,1,0,0,0,0,0,0,1,54.45,1127.35,1,1,0,0,0,1,0,0,3,2,0,0.0,0.0,49.01521739130435,4.015481713796376,7.028511667617919,0
0,0,0,22,1,0,0,1,1,1,0,1,0,1,94.95,2142.8,0,1,1,0,0,0,0,1,5,2,1,0.0,94.95,93.16521739130435,4.563827222453709,7.670335234257419,0
1,0,0,5,1,0,1,1,0,1,0,0,0,0,59.9,287.85,0,0,0,0,1,0,0,1,4,0,0,0.0,0.0,47.975,4.109233174715851,5.665907522227275,1
0,1,0,47,1,0,0,0,1,0,0,1,0,1,85.3,4045.65,1,0,1,0,0,1,0,0,3,4,0,0.0,85.3,84.284375,4.457829598089382,8.305644657320753,0
0,0,0,33,1,1,0,0,0,0,0,1,0,1,83.35,2757.85,1,0,1,0,0,1,0,0,3,3,0,0.0,83.35,81.11323529411764,4.434974808991977,7.922569205214853,0
0,0,0,18,0,0,0,1,1,0,0,0,0,1,33.5,600.0,1,1,0,0,1,0,0,1,2,2,0,0.0,0.0,31.57894736842105,3.5409593240373143,6.398594934535208,0
0,0,0,1,1,0,0,0,0,0,0,0,0,0,19.8,19.8,0,0,0,1,1,0,0,1,1,0,0,0.0,0.0,9.9,3.0349529867072724,3.0349529867072724,1
0,0,0,56,1,0,0,1,1,1,1,1,2,1,81.8,4534.45,0,1,0,0,1,0,0,1,6,4,0,163.6,0.0,79.55175438596491,4.416428061391214,8.419679585851359,0
0,0,0,2,1,0,0,0,0,0,0,0,0,1,20.0,40.9,0,0,0,1,0,0,1,0,1,0,0,0.0,0.0,13.633333333333333,3.044522437723423,3.735285826928092,1
0,0,0,35,1,1,1,0,1,0,0,0,0,1,59.6,2094.9,0,1,0,0,0,1,0,0,4,3,0,0.0,0.0,58.19166666666667,4.104294893075269,7.647738334379114,0
0,1,0,64,1,1,0,0,0,0,0,0,2,0,25.0,1584.8,0,0,0,1,1,0,0,1,2,4,0,50.0,0.0,24.38153846153846,3.258096538021482,7.3688442908382985,0
0,0,0,15,1,1,1,0,1,0,0,0,0,1,84.35,1302.65,0,0,1,0,1,0,0,1,4,2,0,0.0,84.35,81.415625,4.4467604492404496,7.172923301551579,0
0,0,0,24,1,0,0,0,0,0,1,1,0,1,90.35,2238.5,1,1,1,0,0,1,0,0,3,2,1,0.0,90.35,89.54,4.514698282824016,7.714007905647355,0
0,0,0,1,1,0,0,0,0,0,0,1,0,0,55.55,55.55,0,1,0,0,0,0,1,0,2,0,0,0.0,0.0,27.775,4.03512520256213,4.03512520256213,1
0,1,1,70,1,0,1,0,0,1,1,1,2,0,75.35,5437.75,0,0,0,0,1,0,0,1,5,4,0,150.7,0.0,76.58802816901408,4.335328031664641,8.60130453403489,0
0,1,0,1,1,0,0,0,0,0,1,1,0,1,90.75,90.75,1,1,1,0,0,1,0,0,3,0,1,0.0,90.75,45.375,4.51906748693468,4.51906748693468,1
0,0,1,4,1,1,0,1,0,0,1,0,0,0,89.6,365.65,1,0,1,0,0,0,1,0,4,0,0,0.0,89.6,73.13,4.506454213048934,5.904407714539809,1
0,0,0,39,1,0,0,0,0,1,0,1,1,0,59.3,2209.15,0,0,0,0,0,1,0,0,3,4,0,59.3,0.0,55.228750000000005,4.09933210373314,7.700815665511677,0
0,0,0,29,1,1,1,0,0,0,0,1,0,1,66.1,1912.15,0,0,0,0,0,1,0,0,4,3,0,0.0,0.0,63.73833333333334,4.206184043977636,7.556506377239256,0
0,1,1,14,1,0,0,0,0,0,0,0,2,0,18.8,255.55,0,0,0,1,0,0,1,0,1,2,0,37.6,0.0,17.03666666666667,2.9856819377004897,5.547323577387973,0
0,0,0,61,1,1,1,0,1,1,1,1,2,0,86.45,5175.3,0,0,0,0,1,0,0,1,7,4,0,172.9,0.0,83.47258064516129,4.471067201464611,8.55184579431566,0
0,0,1,13,1,0,1,0,0,0,0,0,0,1,52.1,670.65,0,1,0,0,1,0,0,1,2,2,0,0.0,0.0,47.903571428571425,3.9721769282478934,6.509737371509022,0
0,0,0,66,0,0,1,1,1,1,0,0,2,1,47.4,3177.25,0,0,0,0,0,0,1,0,4,4,0,94.8,0.0,47.42164179104478,3.879499813722586,8.064086009830232,0
0,0,0,2,0,0,0,0,1,0,1,1,0,1,49.25,90.35,1,1,0,0,0,1,0,0,3,0,0,0.0,0.0,30.116666666666664,3.917010546939185,4.514698282824016,1
0,1,0,59,1,1,1,1,1,0,1,1,1,1,109.15,6557.75,0,0,1,0,1,0,0,1,7,4,1,109.15,109.15,109.29583333333333,4.7018430732483525,8.788555315000922,0
0,1,1,62,1,1,1,1,0,0,1,0,1,1,94.95,5791.85,0,1,1,0,1,0,0,1,5,4,1,94.95,94.95,91.93412698412699,4.563827222453709,8.664379677441863,0
1,1,0,33,1,0,1,1,0,1,0,1,1,1,93.55,3055.5,0,1,1,0,0,1,0,0,5,3,1,93.55,93.55,89.86764705882354,4.549128795104466,8.02502574946878,0
0,0,1,66,1,0,0,1,1,1,1,1,2,1,79.5,5196.1,0,1,0,0,1,0,0,1,6,4,0,159.0,0.0,77.55373134328359,4.388257184424518,8.55585605669363,0
0,0,0,72,1,1,1,1,1,1,1,1,2,0,115.05,8405.0,0,0,1,0,1,0,0,1,8,4,1,230.1,115.05,115.13698630136986,4.754021132720446,9.036701015565063,0
0,0,1,1,1,0,0,0,0,0,0,0,0,0,19.75,19.75,1,1,0,1,0,0,1,0,1,0,0,0.0,0.0,9.875,3.0325462466767075,3.0325462466767075,1
0,0,0,19,1,1,1,1,0,0,0,1,0,1,95.15,1789.25,1,0,1,0,0,1,0,0,5,2,1,0.0,95.15,89.4625,4.565909472034789,7.49011055388705,0
0,1,1,51,1,1,1,0,0,1,1,0,1,1,95.15,5000.05,0,0,1,0,0,0,1,0,5,4,1,95.15,95.15,96.1548076923077,4.565909472034789,8.517403169369324,0
0,0,0,63,1,1,0,1,0,1,1,1,0,0,105.4,6713.2,0,1,1,0,0,1,0,0,6,4,1,0.0,105.4,104.89375,4.667205576907544,8.81197996559795,0
0,0,0,27,1,0,0,0,0,0,0,0,1,0,20.1,562.6,0,1,0,1,0,0,0,1,1,3,0,20.1,0.0,20.092857142857145,3.0492730404820207,6.334344780024526,0
0,0,0,22,1,1,1,0,0,0,1,1,0,1,101.35,2317.1,1,1,1,0,0,0,0,1,5,2,1,0.0,101.35,100.74347826086957,4.628398312107299,7.748503163607648,0
1,0,0,4,1,0,0,0,0,0,0,0,0,0,20.05,91.45,0,0,0,1,0,0,1,0,1,0,0,0.0,0.0,18.29,3.0469005601283903,4.5266679578331335,1
0,1,1,42,1,0,0,0,0,0,0,0,2,0,20.7,828.85,0,1,0,1,0,0,1,0,1,4,0,41.4,0.0,19.275581395348837,3.077312260546414,6.721244961566728,0
0,0,0,29,1,0,0,0,0,0,0,0,1,0,20.35,617.35,0,0,0,1,0,0,1,0,1,3,0,20.35,0.0,20.578333333333333,3.0610517396746335,6.427054640188066,0
0,0,0,4,1,0,0,0,0,0,0,0,0,1,70.05,266.9,1,0,1,0,1,0,0,1,1,0,0,0.0,70.05,53.379999999999995,4.263383854543109,5.590613776550563,1
0,0,0,30,1,0,0,0,0,0,0,0,1,0,19.7,625.05,0,1,0,1,0,0,1,0,1,3,0,19.7,0.0,20.16290322580645,3.0301337002713233,6.439430240114957,0
0,1,0,4,1,1,0,0,0,0,0,0,0,1,74.65,301.4,1,1,1,0,0,1,0,0,2,0,0,0.0,74.65,60.279999999999994,4.326117440234365,5.711750644305378,1
0,1,1,71,1,0,1,1,1,1,1,1,2,0,85.45,6029.9,0,1,0,0,0,0,0,1,7,4,0,170.9,0.0,83.7486111111111,4.4595662121293,8.704651532315344,0
0,1,0,46,0,0,1,0,1,1,0,0,2,0,40.4,1842.7,0,1,0,0,1,0,0,1,3,4,0,80.8,0.0,39.206382978723404,3.7232808808312687,7.519529701076345,0
0,0,0,4,1,1,0,0,0,0,0,0,0,0,50.4,206.6,1,1,0,0,0,0,1,0,2,0,0,0.0,0.0,41.32,3.9396381724611196,5.335613151291733,1
0,0,0,7,1,1,1,0,0,0,0,0,0,1,79.65,604.7,1,0,1,0,0,0,1,0,3,1,0,0.0,79.65,75.5875,4.390118804571218,6.406384813986902,0
0,0,0,69,1,1,0,1,0,1,1,1,1,1,105.2,7386.05,0,1,1,0,0,0,0,1,6,4,1,105.2,105.2,105.515,4.665324108807838,8.907483746153455,0
0,1,0,72,1,1,1,1,1,0,1,0,2,0,100.65,7334.05,0,0,1,0,0,0,0,1,6,4,1,201.3,100.65,100.46643835616439,4.621535540074356,8.900419507186433,0
1,0,0,19,1,1,0,0,1,0,0,0,0,1,79.85,1471.75,1,1,1,0,0,1,0,0,3,2,0,0.0,79.85,73.5875,4.392595586023115,7.294886680401797,0
0,0,0,28,1,0,0,0,1,1,0,1,0,0,91.0,2626.15,0,1,1,0,0,1,0,0,4,3,1,0.0,91.0,90.55689655172414,4.5217885770490405,7.873654887408308,0
0,1,0,5,1,1,0,1,0,0,0,0,0,1,78.75,412.1,1,1,1,0,0,1,0,0,3,0,0,0.0,78.75,68.68333333333334,4.378896741664954,6.0236896944027185,1
1,1,0,72,1,1,1,1,1,1,1,1,2,1,116.75,8277.05,0,0,1,0,1,0,0,1,8,4,1,233.5,116.75,113.38424657534246,4.768563732896527,9.021362712396742,0
1,1,1,8,1,0,0,0,0,0,1,0,0,1,80.45,583.45,1,1,1,0,1,0,0,1,2,1,0,0.0,80.45,64.82777777777778,4.399989335048054,6.37067123405378,0
0,0,0,7,1,0,1,0,0,0,0,1,1,1,59.1,369.25,0,0,0,0,0,1,0,0,3,1,0,59.1,0.0,46.15625,4.096009841541162,5.914178453147908,0
0,0,0,22,1,0,1,0,0,0,0,0,0,1,49.8,1049.05,0,0,0,0,0,1,0,0,2,2,0,0.0,0.0,45.61086956521739,3.927896354584436,6.956593061065437,0
0,0,0,72,1,0,0,0,0,0,0,0,2,0,19.3,1414.8,0,1,0,1,0,0,0,1,1,4,0,38.6,0.0,19.38082191780822,3.0106208860477417,7.2554500213400885,0
0,1,1,8,1,0,0,0,0,0,0,0,0,0,19.65,169.75,0,1,0,1,1,0,0,1,1,1,0,0.0,0.0,18.86111111111111,3.027715319407042,5.140200498450899,0
0,1,0,52,1,1,1,1,1,1,0,1,1,1,81.4,4354.45,0,1,0,0,1,0,0,1,7,4,0,81.4,0.0,82.15943396226415,4.411585436915426,8.379183213454793,0
0,0,0,68,0,0,1,0,1,1,0,0,2,0,38.9,2719.2,0,0,0,0,0,0,1,0,3,4,0,77.8,0.0,39.40869565217391,3.686376323895818,7.908460685998653,0
0,1,0,71,1,1,1,1,1,1,1,1,2,0,87.95,6365.35,0,0,0,0,0,0,0,1,8,4,0,175.9,0.0,88.4076388888889,4.4880744141118445,8.75878158590973,0
0,0,0,2,1,0,0,0,0,0,0,0,0,0,19.85,51.6,0,1,0,1,0,0,1,0,1,0,0,0.0,0.0,17.2,3.0373539482448106,3.9627161197436642,1
1,0,0,34,1,1,0,1,0,1,1,0,0,1,96.35,3190.25,0,0,1,0,0,1,0,0,5,3,1,0.0,96.35,91.15,4.578312731818208,8.068167968555693,0
0,0,0,35,0,0,0,0,0,0,0,0,0,0,24.15,812.5,0,0,0,0,0,1,0,0,0,3,0,0.0,0.0,22.569444444444443,3.224857896545748,6.7013459266590925,0
0,1,1,61,1,0,0,0,0,0,0,0,1,0,19.1,1143.8,0,0,0,1,1,0,0,1,1,4,0,19.1,0.0,18.448387096774194,3.0007198150650303,7.042985228242241,0
0,0,0,1,1,0,0,0,0,0,0,0,0,0,44.0,44.0,0,1,0,0,0,1,0,0,1,0,0,0.0,0.0,22.0,3.8066624897703196,3.8066624897703196,1
0,0,0,1,1,1,0,0,0,0,0,0,0,1,50.1,50.1,1,0,0,0,0,0,1,0,2,0,0,0.0,0.0,25.05,3.933784497209659,3.933784497209659,1
0,1,1,53,1,0,0,0,1,0,0,1,1,0,60.6,3297.0,0,0,0,0,1,0,0,1,3,4,0,60.6,0.0,61.05555555555556,4.120661870539474,8.101071503119543,0
0,1,0,72,1,1,0,0,0,0,0,0,2,0,25.65,1887.0,0,0,0,1,0,0,0,1,2,4,0,51.3,0.0,25.84931506849315,3.2827891506118534,7.543273346705446,0
0,1,0,2,1,0,0,0,1,0,0,0,0,0,76.4,151.8,1,1,1,0,0,1,0,0,2,0,0,0.0,76.4,50.6,4.3489867805956814,5.02912987673242,1
0,0,0,3,1,0,0,0,1,1,1,1,0,1,98.7,293.65,1,1,1,0,0,1,0,0,5,0,1,0.0,98.7,73.4125,4.602165676967792,5.685788211283922,1
1,0,0,13,1,1,1,0,0,0,1,1,0,1,100.8,1308.1,1,0,1,0,0,1,0,0,5,2,1,0.0,100.8,93.43571428571428,4.623010104116422,7.177095157186053,0
1,1,0,41,0,0,0,1,1,0,1,1,0,1,53.95,2215.4,0,1,0,0,0,1,0,0,4,4,0,0.0,0.0,52.74761904761905,4.006423680849631,7.703639536993195,0
0,1,0,24,1,0,0,0,0,0,0,0,1,0,20.4,482.8,0,0,0,1,1,0,0,1,1,2,0,20.4,0.0,19.312,3.0633909220278057,6.181671598175927,0
0,1,1,28,1,0,0,0,0,0,1,1,1,1,90.1,2598.95,1,0,1,0,0,0,0,1,3,3,1,90.1,90.1,89.61896551724138,4.511957804265912,7.863247493055429,0
0,0,0,8,0,0,1,0,0,0,0,0,0,0,29.35,216.45,0,1,0,0,0,0,1,0,1,1,0,0.0,0.0,24.049999999999997,3.4127965175055075,5.381968939043647,0
0,0,0,1,1,0,0,0,0,0,0,0,0,1,20.45,20.45,0,1,0,1,0,0,1,0,1,0,0,0.0,0.0,10.225,3.065724645374026,3.065724645374026,1
0,0,0,54,1,1,0,0,1,1,0,1,2,1,95.1,5064.85,0,0,1,0,0,0,0,1,5,4,1,190.2,95.1,92.08818181818182,4.565389315976247,8.53027722096416,0
0,0,0,41,1,1,0,0,0,0,0,0,0,1,25.25,996.45,0,1,0,1,0,0,0,1,2,4,0,0.0,0.0,23.725,3.2676659890376327,6.90520202219442,0
0,1,0,19,1,0,0,0,0,0,0,0,0,0,44.9,839.65,0,0,0,0,0,0,1,0,1,2,0,0.0,0.0,41.9825,3.8264651170664994,6.734175402124937,0
0,1,1,72,1,1,1,1,1,1,1,1,2,0,92.65,6733.0,0,0,0,0,0,0,0,1,8,4,1,185.3,0.0,92.23287671232876,4.539564428890097,8.814924599721019,0
0,0,0,62,0,0,1,1,1,1,0,0,2,1,43.7,2618.3,0,1,0,0,0,0,0,1,4,4,0,87.4,0.0,41.560317460317464,3.7999735016195233,7.870662385484872,0
1,1,1,56,1,0,1,0,0,1,1,1,2,1,72.6,4084.35,0,0,0,0,1,0,0,1,5,4,0,145.2,0.0,71.65526315789474,4.298645025734831,8.315162682938405,0
0,0,0,15,1,1,0,0,0,0,0,0,0,0,51.55,765.5,1,1,0,0,0,1,0,0,2,2,0,0.0,0.0,47.84375,3.96176509732296,6.641834698311869,0
1,0,0,10,1,0,0,0,0,0,0,1,0,1,79.25,793.55,1,1,1,0,0,1,0,0,2,1,0,0.0,79.25,72.14090909090909,4.385146762010125,6.6777759166586454,0
0,1,1,32,1,0,0,0,0,0,0,0,2,0,18.95,613.95,0,1,0,1,0,0,1,0,1,3,0,37.9,0.0,18.604545454545455,2.9932291433358724,6.42154096368842,0
0,0,0,21,1,0,0,0,0,0,0,0,0,0,20.5,402.85,0,1,0,1,1,0,0,1,1,2,0,0.0,0.0,18.311363636363637,3.068052935133617,6.001043521888305,0
0,1,1,62,1,0,0,0,0,0,0,0,1,0,19.95,1244.8,0,1,0,1,0,0,0,1,1,4,0,19.95,0.0,19.75873015873016,3.0421386463681466,7.127533172820045,0
0,0,0,2,0,0,0,0,0,0,0,0,0,0,24.5,46.4,0,0,0,0,0,1,0,0,0,0,0,0.0,0.0,15.466666666666667,3.2386784521643803,3.858622228701031,1
0,0,1,27,1,0,0,0,0,0,0,0,2,0,20.6,581.85,0,1,0,1,0,0,1,0,1,3,0,41.2,0.0,20.780357142857145,3.0726933146901194,6.367929863365841,0
0,0,0,5,1,1,0,0,0,0,1,1,0,1,94.85,462.8,1,1,1,0,0,0,0,1,4,0,1,0.0,94.85,77.13333333333334,4.562784469491653,6.139453424821431,1
0,0,0,25,0,0,1,1,1,0,1,1,1,0,61.05,1540.2,0,0,0,0,0,1,0,0,5,3,0,61.05,0.0,59.23846153846154,4.127940511650616,7.3403166127520025,0
0,0,0,2,1,1,0,0,0,0,0,1,0,1,85.7,169.8,1,0,1,0,0,1,0,0,3,0,0,0.0,85.7,56.6,4.462453883786496,5.14049328135447,1
0,0,0,49,1,1,0,1,0,1,1,1,1,1,106.65,5168.1,0,1,1,0,0,0,0,1,6,4,1,106.65,106.65,103.36200000000001,4.678885223810372,8.550453871110667,0
0,0,0,63,1,1,1,1,1,0,1,1,0,0,108.25,6780.1,0,0,1,0,1,0,0,1,7,4,1,0.0,108.25,105.9390625,4.693638833975699,8.821894609662555,0
0,0,1,4,1,0,0,0,0,0,0,0,0,0,20.4,94.5,0,0,0,1,1,0,0,1,1,0,0,0.0,0.0,18.9,3.0633909220278057,4.5591262474866845,1
0,1,0,1,1,0,0,0,0,0,1,0,0,1,55.3,55.3,0,0,0,0,0,0,1,0,2,0,0,0.0,0.0,27.65,4.030694535145645,4.030694535145645,1
0,0,0,11,1,0,0,0,0,0,0,0,0,0,20.25,208.0,0,1,0,1,0,0,1,0,1,1,0,0.0,0.0,17.333333333333332,3.056356895370426,5.342334251964811,0
1,0,0,52,1,1,0,0,0,0,0,0,0,1,72.95,3829.75,0,1,1,0,0,0,0,1,2,4,0,0.0,72.95,72.25943396226415,4.303389189156809,8.250815885458286,0
1,1,0,60,1,1,0,1,0,0,0,1,0,0,89.45,5294.6,0,0,1,0,0,1,0,0,4,4,0,0.0,89.45,86.79672131147541,4.504797211841304,8.574631566063502,0
0,0,0,64,1,1,0,0,1,1,1,1,1,1,104.65,6889.8,0,1,1,0,1,0,0,1,6,4,1,104.65,104.65,105.99692307692308,4.660131744062066,8.837942467572214,0
0,1,1,43,1,0,1,0,1,0,1,1,2,0,75.2,3254.35,0,0,0,0,0,0,0,1,5,4,0,150.4,0.0,73.96249999999999,4.333361462692601,8.088055075743789,0
0,1,0,61,1,1,0,0,0,1,1,1,1,0,101.15,6383.9,0,0,1,0,0,0,0,1,5,4,1,101.15,101.15,102.96612903225805,4.626442321263631,8.761691106636867,0
0,0,0,1,1,0,0,0,0,0,0,0,0,0,44.4,44.4,1,0,0,0,0,0,1,0,1,0,0,0.0,0.0,22.2,3.8155121050473024,3.8155121050473024,1
1,0,0,5,1,0,0,0,0,0,1,1,0,1,89.5,477.7,1,1,1,0,0,1,0,0,3,0,0,0.0,89.5,79.61666666666666,4.505349850705881,6.171074096398463,1
0,0,0,66,1,1,1,1,1,1,0,0,2,0,68.75,4447.55,0,1,0,0,0,0,0,1,6,4,0,137.5,0.0,66.3813432835821,4.244917420701475,8.40033347936539,0
0,1,0,67,1,0,1,1,1,1,1,1,2,1,111.05,7321.05,0,1,1,0,0,1,0,0,7,4,1,222.1,111.05,107.66250000000001,4.718945200246936,8.898645622392184,0
0,1,0,42,1,0,0,0,1,1,1,1,2,1,99.0,4135.0,0,0,1,0,1,0,0,1,5,4,1,198.0,99.0,96.16279069767442,4.605170185988092,8.327484416188264,0
1,1,0,1,1,1,0,0,0,0,1,0,0,1,86.05,86.05,1,1,1,0,0,1,0,0,3,0,0,0.0,86.05,43.025,4.466482666214198,4.466482666214198,1
0,1,1,31,1,0,0,0,0,0,0,0,2,0,21.0,697.7,0,0,0,1,0,0,1,0,1,3,0,42.0,0.0,21.803125,3.091042453358316,6.549221465558405,0
0,0,0,7,1,0,0,0,0,0,0,0,0,1,19.4,168.65,0,1,0,1,0,0,1,0,1,1,0,0.0,0.0,21.08125,3.0155349008501706,5.13373749123024,0
0,0,0,4,0,0,0,0,0,0,1,1,0,1,44.55,174.3,1,1,0,0,0,1,0,0,2,0,0,0.0,0.0,34.86,3.8188106237059674,5.1664987919271885,1
0,1,1,34,1,1,0,0,1,0,1,1,1,0,77.2,2753.8,0,1,0,0,0,0,0,1,5,3,0,77.2,0.0,78.68,4.359269647551265,7.921100123670543,0
0,0,0,3,1,0,0,0,0,0,0,0,1,1,19.45,69.25,0,1,0,1,0,0,1,0,1,0,0,19.45,0.0,17.3125,3.017982882488811,4.2520603082138555,1
0,1,1,19,0,0,0,0,0,0,0,0,0,1,24.85,434.8,0,0,0,0,0,0,1,0,0,2,0,0.0,0.0,21.740000000000002,3.2523106009544382,6.07718342251052,0
0,1,1,31,0,0,1,0,0,1,0,0,0,0,35.4,1077.5,1,1,0,0,0,0,0,1,2,3,0,0.0,0.0,33.671875,3.594568774642695,6.983326465829211,0
0,0,0,1,1,1,0,0,0,0,1,1,0,0,95.65,95.65,1,0,1,0,0,0,1,0,4,0,1,0.0,95.65,47.825,4.57109620565434,4.57109620565434,1
0,0,0,3,0,0,1,0,1,1,0,0,0,0,41.35,107.25,0,1,0,0,0,0,1,0,3,0,0,0.0,0.0,26.8125,3.7459684210980635,4.684443366882599,1
0,1,0,46,1,0,0,0,0,0,0,0,0,0,19.6,851.2,0,1,0,1,0,1,0,0,1,4,0,0.0,0.0,18.11063829787234,3.0252910757955354,6.747821241065812,0
0,0,0,1,1,0,0,0,0,0,0,0,0,0,20.95,20.95,1,0,0,1,0,0,1,0,1,0,0,0.0,0.0,10.475,3.08876713952118,3.08876713952118,1
0,1,1,69,1,1,1,0,1,0,0,0,1,0,84.45,5848.6,0,0,1,0,0,0,0,1,4,4,0,84.45,84.45,83.55142857142857,4.4479314095616,8.674128561819776,0
0,0,0,5,1,0,0,0,0,0,0,0,0,0,20.25,109.8,0,1,0,1,0,0,1,0,1,0,0,0.0,0.0,18.3,3.056356895370426,4.707726774313183,1
0,0,0,1,1,0,0,0,0,0,0,0,0,0,19.65,19.65,0,1,0,1,0,0,0,1,1,0,0,0.0,0.0,9.825,3.027715319407042,3.027715319407042,1
0,0,0,26,1,0,0,0,0,0,0,0,1,1,20.65,595.5,0,1,0,1,1,0,0,1,1,3,0,20.65,0.0,22.055555555555557,3.075005454448499,6.3910792415379705,0
1,0,0,10,0,0,0,0,0,0,0,1,0,1,34.7,329.8,1,0,0,0,0,1,0,0,1,1,0,0.0,0.0,29.981818181818184,3.5751506887855933,5.801513963149536,0
0,0,0,25,1,0,0,0,1,1,1,1,2,0,99.3,2513.5,0,1,1,0,0,0,0,1,5,3,1,198.6,99.3,96.67307692307692,4.60816569496789,7.82982925561202,0
0,1,1,64,1,0,1,1,0,0,0,0,0,0,81.05,5135.35,0,1,1,0,0,1,0,0,3,4,0,0.0,81.05,79.00538461538463,4.4073288175361,8.544097989465381,0
0,1,1,30,1,1,1,1,1,1,0,0,0,0,67.6,2000.2,0,1,0,0,0,1,0,0,6,3,0,0.0,0.0,64.5225806451613,4.22829253473184,7.60150227961405,0
0,0,0,13,1,0,0,0,0,0,0,0,0,1,70.15,931.75,0,1,1,0,0,1,0,0,1,2,0,0.0,70.15,66.55357142857143,4.264790324535862,6.838137212101267,0
0,1,0,64,1,1,1,1,1,1,1,1,1,1,115.0,7396.15,0,0,1,0,0,1,0,0,8,4,1,115.0,115.0,113.78692307692307,4.7535901911063645,8.908850069873543,0
0,0,1,46,1,1,0,0,1,1,0,0,0,1,84.8,3958.85,0,0,1,0,0,0,0,1,4,4,0,0.0,84.8,84.23085106382979,4.4520190064939165,8.283961424743229,0
0,0,0,12,1,0,0,0,0,0,0,0,1,0,19.7,260.9,0,0,0,1,0,0,1,0,1,1,0,19.7,0.0,20.069230769230767,3.0301337002713233,5.567962751513666,0
0,0,0,15,1,0,0,0,0,0,0,0,0,0,19.75,297.3,1,0,0,1,0,0,0,1,1,2,0,0.0,0.0,18.58125,3.0325462466767075,5.698099691520703,0
0,1,1,17,1,1,0,0,0,0,1,1,0,1,92.55,1515.1,1,1,1,0,0,1,0,0,4,2,1,0.0,92.55,84.17222222222222,4.538496052720099,7.323896527087536,0
0,1,1,13,1,0,1,0,1,0,0,1,0,1,63.15,816.8,0,0,0,0,0,0,1,0,4,2,0,0.0,0.0,58.34285714285714,4.161224091061645,6.706617807930542,0
0,1,1,67,1,1,1,1,0,1,1,0,2,0,74.0,4868.4,0,0,0,0,1,0,0,1,6,4,0,148.0,0.0,71.59411764705882,4.31748811353631,8.490726005201067,0
0,1,0,24,0,0,0,0,1,0,0,0,0,0,29.1,688.0,0,1,0,0,0,1,0,0,1,2,0,0.0,0.0,27.52,3.40452517175483,6.535241271013659,0
0,0,0,6,1,0,0,0,0,1,0,0,0,0,50.05,288.35,0,1,0,0,0,0,1,0,2,0,0,0.0,0.0,41.19285714285714,3.9328055446106744,5.667637028019848,1
1,1,0,53,1,1,1,0,0,1,0,0,1,1,60.05,3229.65,1,1,0,0,0,1,0,0,4,4,0,60.05,0.0,59.80833333333334,4.111693200556713,8.080438634361066,0
1,1,0,16,1,0,0,1,0,0,0,0,0,1,74.3,1178.25,1,1,1,0,1,0,0,1,2,2,0,0.0,74.3,69.30882352941177,4.321480134805848,7.072633922164371,0
0,0,0,10,1,0,0,0,0,0,0,0,0,0,20.0,185.4,0,1,0,1,0,1,0,0,1,1,0,0.0,0.0,16.854545454545455,3.044522437723423,5.2278949022514904,0
0,0,0,13,1,0,0,1,0,0,0,0,1,1,74.65,966.25,0,0,1,0,0,0,1,0,2,2,0,74.65,74.65,69.01785714285714,4.326117440234365,6.874456993580623,0
0,0,0,9,1,1,0,0,0,0,1,0,0,1,85.35,758.6,1,1,1,0,0,1,0,0,3,1,0,0.0,85.35,75.86,4.458408804592688,6.632791978938131,0
0,0,0,25,1,0,1,1,1,1,1,0,1,0,74.3,1863.8,1,0,0,0,0,0,1,0,6,3,0,74.3,0.0,71.68461538461538,4.321480134805848,7.530909087721548,0
1,0,0,7,0,0,0,1,0,1,0,1,0,1,44.4,265.8,0,1,0,0,0,1,0,0,3,1,0,0.0,0.0,33.225,3.8155121050473024,5.586499314041468,0
0,1,1,38,1,1,1,0,1,1,1,1,2,1,85.4,3297.0,0,1,0,0,0,0,0,1,7,4,0,170.8,0.0,84.53846153846153,4.45898767581001,8.101071503119543,0
0,1,0,43,1,1,1,1,0,0,0,1,0,1,94.1,4107.3,0,0,1,0,0,1,0,0,5,4,1,0.0,94.1,93.34772727272728,4.554928969551344,8.320764596619602,0
0,0,1,4,1,0,0,0,1,1,1,1,0,1,98.1,396.3,1,0,1,0,0,0,0,1,5,0,1,0.0,98.1,79.26,4.596129441335942,5.984691662820553,1
0,0,0,25,1,1,0,1,1,1,1,1,2,0,108.9,2809.05,0,0,1,0,0,1,0,0,7,3,1,217.8,108.9,108.04038461538462,4.699570861409576,7.940957555763793,0
0,0,1,27,1,0,1,1,0,0,0,0,1,0,56.2,1567.55,0,1,0,0,0,0,1,0,3,3,0,56.2,0.0,55.98392857142857,4.046553898385752,7.357906904712707,0
0,1,1,72,1,1,0,0,0,0,0,0,2,0,26.1,1851.45,0,1,0,1,0,0,1,0,2,4,0,52.2,0.0,25.362328767123287,3.299533727885655,7.524264366252684,0
0,0,1,71,1,1,1,1,0,0,0,0,1,1,85.45,6028.95,0,1,1,0,1,0,0,1,4,4,0,85.45,85.45,83.73541666666667,4.4595662121293,8.70449399781289,0
0,0,0,24,1,1,0,0,1,0,1,0,0,1,88.95,2072.75,0,0,1,0,1,0,0,1,4,2,0,0.0,88.95,82.91,4.499253960396542,7.637113841504655,0
0,0,0,50,1,1,1,1,0,1,1,1,2,1,109.65,5551.15,1,0,1,0,0,1,0,0,7,4,1,219.3,109.65,108.84607843137255,4.7063720664970585,8.621940519112746,0
0,0,0,57,1,0,1,0,1,0,1,1,2,1,74.35,4317.35,0,1,0,0,0,0,0,1,5,4,0,148.7,0.0,74.43706896551724,4.3221439250725044,8.370628663834355,0
0,0,0,15,1,0,0,1,0,0,0,0,0,0,48.85,736.8,0,0,0,0,0,1,0,0,2,2,0,0.0,0.0,46.05,3.9090184964078474,6.603672785162575,0
0,0,0,4,1,1,1,0,0,0,0,0,0,1,80.1,336.15,0,1,1,0,0,1,0,0,3,0,0,0.0,80.1,67.22999999999999,4.395682961121367,5.820527935180591,1
0,0,0,28,1,0,1,1,0,0,0,0,0,0,56.05,1522.65,0,0,0,0,0,1,0,0,3,3,0,0.0,0.0,52.505172413793105,4.0439280763080845,7.328864051078322,0
1,0,0,9,1,1,0,0,0,0,0,0,0,1,74.55,622.9,1,0,1,0,0,1,0,0,2,1,0,0.0,74.55,62.29,4.3247946887187485,6.435990099116741,0
0,1,0,55,1,1,1,0,0,0,1,0,0,1,89.8,4959.6,0,0,1,0,0,0,0,1,4,4,0,0.0,89.8,88.56428571428572,4.508659285607248,8.509281980144902,0
0,0,0,3,1,1,0,0,1,0,1,1,0,1,100.95,329.95,1,1,1,0,0,1,0,0,5,0,1,0.0,100.95,82.4875,4.624482497020464,5.801967306564932,1
0,0,0,10,1,0,0,0,1,0,1,1,0,1,94.9,1048.85,1,1,1,0,0,1,0,0,4,1,1,0.0,94.9,95.35,4.563305981889393,6.956402575803658,0
0,0,1,55,1,0,0,0,0,0,0,0,1,0,19.1,1001.5,0,1,0,1,0,0,0,1,1,4,0,19.1,0.0,17.883928571428573,3.0007198150650303,6.910252159180724,0
0,1,1,20,1,0,0,0,0,0,0,0,0,0,20.35,442.6,0,0,0,1,0,0,1,0,1,2,0,0.0,0.0,21.076190476190476,3.0610517396746335,6.094923255476212,0
0,1,1,62,1,1,0,1,0,1,1,1,1,1,106.05,6703.5,0,0,1,0,1,0,0,1,6,4,1,106.05,106.05,106.4047619047619,4.6732960150356915,8.810534221719697,0
1,1,0,32,1,1,0,0,1,1,1,1,0,1,104.9,3351.55,1,1,1,0,0,1,0,0,6,3,1,0.0,104.9,101.56212121212121,4.662495252607361,8.11747652928772,0
0,0,0,43,1,0,0,0,0,0,0,0,2,1,19.65,779.25,0,0,0,1,0,0,0,1,1,4,0,39.3,0.0,17.710227272727273,3.027715319407042,6.659614381150889,0
0,1,0,9,0,0,0,0,0,0,0,0,1,0,24.1,259.8,1,1,0,0,0,0,0,1,0,1,0,24.1,0.0,25.98,3.2228678461377385,5.563753830052498,0
0,1,0,60,1,0,1,1,0,1,0,0,2,0,59.85,3483.45,0,0,0,0,0,0,0,1,4,4,0,119.7,0.0,57.10573770491803,4.108411819433536,8.156065491514608,0
0,1,0,58,1,1,1,1,1,0,1,1,2,1,86.1,4890.5,0,1,0,0,0,1,0,0,7,4,0,172.2,0.0,82.88983050847457,4.467056883858457,8.495254283897484,0
0,0,1,7,1,0,0,0,0,0,0,0,1,0,19.45,136.75,0,1,0,1,0,0,1,0,1,1,0,19.45,0.0,17.09375,3.017982882488811,4.925440448033024,0
0,1,1,2,1,0,1,0,0,0,1,1,0,0,97.1,184.15,0,1,1,0,0,1,0,0,4,0,1,0.0,97.1,61.38333333333333,4.585987366571318,5.2211663073596215,1
1,0,0,37,0,0,0,1,1,0,0,0,0,0,36.65,1315.0,0,1,0,0,0,1,0,0,2,4,0,0.0,0.0,34.60526315789474,3.6283329542459026,7.182352111885263,0
1,1,1,65,1,1,0,0,1,1,1,1,1,1,103.9,6767.1,0,0,1,0,0,0,0,1,6,4,1,103.9,103.9,102.53181818181818,4.653007515402251,8.819975676590616,0
0,1,1,39,1,0,0,0,0,0,0,0,2,0,19.75,757.95,0,0,0,1,0,0,1,0,1,4,0,39.5,0.0,18.94875,3.0325462466767075,6.631935899072868,0
0,1,0,66,1,1,0,1,0,1,1,1,1,1,104.05,6890.0,1,1,1,0,0,1,0,0,6,4,1,104.05,104.05,102.83582089552239,4.654436427291009,8.837971491357209,0
0,0,0,68,1,1,0,0,0,0,0,0,2,0,24.55,1657.4,0,1,0,1,0,0,1,0,2,4,0,49.1,0.0,24.020289855072466,3.2406373166497136,7.41360856112157,0
0,1,1,62,0,0,1,1,0,1,1,0,2,0,48.7,3008.55,0,0,0,0,0,0,0,1,4,4,0,97.4,0.0,47.75476190476191,3.906004933102583,8.009545844905304,0
0,0,0,3,1,0,0,0,1,1,1,0,0,1,88.35,262.05,1,1,1,0,0,0,1,0,4,0,0,0.0,88.35,65.5125,4.492561241605437,5.572344128176816,1
0,1,0,72,1,1,1,1,1,0,1,1,2,1,109.55,8165.1,0,0,1,0,0,1,0,0,7,4,1,219.1,109.55,111.85068493150685,4.705467907303455,9.007746717702165,0
0,1,0,41,1,0,0,0,0,0,0,0,2,0,20.65,875.55,0,0,0,1,1,0,0,1,1,4,0,41.3,0.0,20.84642857142857,3.075005454448499,6.775993747799883,0
0,1,1,29,1,0,1,0,0,0,1,1,0,0,94.65,2649.15,1,1,1,0,1,0,0,1,4,3,1,0.0,94.65,88.305,4.560695695886262,7.88237152115192,0
0,0,0,4,1,0,1,1,0,0,0,0,0,0,55.2,220.65,0,0,0,0,0,1,0,0,3,0,0,0.0,0.0,44.13,4.028916756899646,5.401099561191063,1
0,0,0,53,1,1,0,0,0,0,0,0,1,0,24.05,1301.9,0,1,0,1,0,0,0,1,2,4,0,24.05,0.0,24.10925925925926,3.2208738275308737,7.172347828208886,0
1,1,0,1,1,1,0,0,0,0,0,0,0,1,74.4,74.4,1,1,1,0,0,1,0,0,2,0,0,0.0,74.4,37.2,4.32280727501391,4.32280727501391,1
0,1,1,41,1,1,1,1,1,1,0,1,0,0,79.9,3326.2,1,0,0,0,1,0,0,1,7,4,0,0.0,0.0,79.1952380952381,4.393213824064446,8.109886388428702,0
0,1,0,39,1,0,0,0,0,0,0,0,2,1,20.45,790.0,0,1,0,1,0,0,0,1,1,4,0,40.9,0.0,19.75,3.065724645374026,6.673297967767654,0
0,1,0,63,1,0,0,0,0,0,0,0,2,0,19.25,1237.65,0,1,0,1,0,0,1,0,1,4,0,38.5,0.0,19.33828125,3.0081547935525483,7.121777355846786,0
0,0,0,15,1,1,0,0,0,0,0,0,0,1,26.35,378.6,0,1,0,1,0,1,0,0,2,2,0,0.0,0.0,23.6625,3.3087165288679903,5.939118066735773,0
0,1,0,13,1,0,0,0,0,0,0,0,1,0,43.8,592.65,0,0,0,0,0,1,0,0,1,2,0,43.8,0.0,42.332142857142856,3.8022081394209395,6.3862899201118015,0
0,0,0,1,1,0,0,1,0,0,0,0,0,1,50.15,50.15,0,1,0,0,0,0,1,0,2,0,0,0.0,0.0,25.075,3.9347624923976356,3.9347624923976356,1
0,0,0,1,1,0,0,0,0,0,0,0,2,0,20.45,20.45,0,1,0,1,0,0,1,0,1,0,0,40.9,0.0,10.225,3.065724645374026,3.065724645374026,1
1,0,0,8,1,0,0,0,0,0,0,0,0,1,69.7,560.85,1,1,1,0,0,1,0,0,1,1,0,0.0,69.7,62.31666666666667,4.258445572902527,6.331234910353912,0
0,0,0,60,1,0,1,1,1,0,0,0,2,0,61.4,3638.25,0,1,0,0,0,1,0,0,4,4,0,122.8,0.0,59.64344262295082,4.133565275375382,8.19953289544477,0
1,1,0,12,1,1,0,1,1,0,1,0,0,1,98.1,1060.2,1,0,1,0,0,1,0,0,5,1,1,0.0,98.1,81.55384615384615,4.596129441335942,6.967155622263585,0
0,1,0,40,1,1,0,1,0,1,1,0,1,0,70.75,2921.75,0,1,0,0,1,0,0,1,5,4,0,70.75,0.0,71.26219512195122,4.273187854639731,7.980280232886928,0
0,0,0,66,1,0,1,1,1,0,0,0,2,1,61.15,4017.45,0,0,0,0,0,0,0,1,4,4,0,122.3,0.0,59.96194029850746,4.12955081795672,8.298651535121714,0
0,1,1,42,1,0,0,0,0,0,0,0,1,0,20.25,854.9,0,1,0,1,0,0,1,0,1,4,0,20.25,0.0,19.88139534883721,3.056356895370426,6.752153546887564,0
1,0,0,66,1,1,1,1,0,1,0,0,1,1,63.85,4174.35,0,0,0,0,1,0,0,1,5,4,0,63.85,0.0,62.30373134328359,4.172076910762453,8.336953466106552,0
0,0,0,49,1,1,0,1,0,0,1,1,0,0,98.7,4920.55,0,1,1,0,0,1,0,0,5,4,1,0.0,98.7,98.411,4.602165676967792,8.501378800521875,0
0,0,0,1,1,0,0,0,0,0,0,0,0,0,20.5,20.5,1,0,0,1,0,0,1,0,1,0,0,0.0,0.0,10.25,3.068052935133617,3.068052935133617,1
0,0,0,41,1,0,0,0,0,0,0,0,2,0,20.0,810.3,0,0,0,1,0,0,1,0,1,4,0,40.0,0.0,19.29285714285714,3.044522437723423,6.698637899401019,0
0,1,1,41,1,0,0,0,0,0,0,0,2,0,19.3,772.4,0,0,0,1,0,0,0,1,1,4,0,38.6,0.0,18.39047619047619,3.0106208860477417,6.6507963791731965,0
0,1,1,23,1,0,1,1,0,1,0,0,0,0,84.4,1936.85,0,0,1,0,0,0,1,0,4,2,0,0.0,84.4,80.70208333333333,4.447346100794524,7.56933439007442,0
0,0,0,3,0,0,0,0,0,0,0,0,0,0,25.1,79.8,0,1,0,0,0,1,0,0,0,0,0,0.0,0.0,19.95,3.261935314328648,4.39197696552705,1
0,0,0,4,0,0,1,0,1,1,0,1,0,0,48.25,202.25,0,0,0,0,0,0,1,0,4,0,0,0.0,0.0,40.45,3.8969093676180977,5.31443674842792,1
0,1,1,52,1,0,0,0,0,0,0,0,2,0,19.85,1070.5,0,0,0,1,0,0,1,0,1,4,0,39.7,0.0,20.19811320754717,3.0373539482448106,6.976814814913632,0
1,1,0,4,1,1,1,0,0,0,1,1,0,1,99.6,347.65,1,0,1,0,0,1,0,0,5,0,1,0.0,99.6,69.53,4.611152257665639,5.85406855366702,1
0,0,0,11,1,0,0,1,1,1,0,1,0,1,94.2,999.9,0,0,1,0,0,1,0,0,5,1,1,0.0,94.2,83.325,4.55597994179732,6.908654874224973,0
0,1,0,2,1,0,1,0,0,0,0,1,0,1,62.15,113.1,0,0,0,0,0,0,1,0,3,0,0,0.0,0.0,37.699999999999996,4.1455128487965,4.73707525686803,1
0,1,0,26,1,1,0,1,0,0,0,0,0,0,79.3,2015.8,0,0,1,0,0,0,0,1,3,3,0,0.0,79.3,74.65925925925926,4.385769620952716,7.60926737587371,0
0,1,1,24,1,0,1,0,1,0,0,0,1,1,56.25,1454.25,0,1,0,0,1,0,0,1,3,2,0,56.25,0.0,58.17,4.047427642434349,7.282932986151845,0
0,0,0,12,1,0,0,0,0,0,0,0,0,0,20.3,246.7,0,0,0,1,0,0,1,0,1,1,0,0.0,0.0,18.976923076923075,3.0587070727153796,5.512218336495314,0
1,1,0,60,1,1,0,0,0,1,1,1,0,1,99.0,6017.9,0,1,1,0,0,1,0,0,5,4,1,0.0,99.0,98.65409836065574,4.605170185988092,8.702659797354265,0
0,1,1,64,1,1,1,1,1,1,1,1,2,1,90.6,5817.45,0,0,0,0,0,0,1,0,8,4,1,181.2,0.0,89.49923076923076,4.517431271680085,8.668789182231155,0
0,1,0,66,1,0,1,1,1,1,1,1,2,1,85.9,5595.3,0,1,0,0,0,0,0,1,7,4,0,171.8,0.0,83.51194029850747,4.464758032271346,8.629860944069652,0
0,0,0,60,1,1,0,0,1,0,0,0,1,1,79.2,4765.0,0,0,1,0,0,0,0,1,3,4,0,79.2,79.2,78.11475409836065,4.384523514872469,8.469262657658687,0
0,1,1,17,1,1,1,0,1,0,1,0,1,1,70.35,1201.65,0,1,0,0,0,0,0,1,5,2,0,70.35,0.0,66.75833333333334,4.267597343922845,7.092282734325254,0
0,1,1,42,1,0,0,0,0,0,0,0,2,0,19.35,867.3,0,1,0,1,0,0,1,0,1,4,0,38.7,0.0,20.169767441860465,3.013080911888604,6.7665372770665995,0
0,0,0,1,1,1,0,0,0,0,0,0,0,1,50.15,50.15,0,1,0,0,0,1,0,0,2,0,0,0.0,0.0,25.075,3.9347624923976356,3.9347624923976356,1
0,1,1,47,1,0,0,1,0,1,0,1,2,0,63.8,3007.25,0,0,0,0,0,0,0,1,4,4,0,127.6,0.0,62.651041666666664,4.1713056033582285,8.009113793318273,0
0,1,0,10,1,0,0,0,0,0,0,0,0,1,20.55,252.75,0,0,0,1,0,0,1,0,1,1,0,0.0,0.0,22.977272727272727,3.070375816549757,5.536349530355997,0
1,1,0,70,1,1,1,1,1,1,1,1,2,1,88.55,6306.5,0,1,0,0,1,0,0,1,8,4,0,177.1,0.0,88.82394366197182,4.494797128506721,8.749494680515213,0
1,0,0,67,1,1,0,0,1,0,1,1,0,1,101.4,6841.05,0,1,1,0,1,0,0,1,5,4,1,0.0,101.4,100.60367647058824,4.628886712605407,8.830842673315583,0
0,0,0,1,1,0,0,0,0,0,0,1,0,1,81.95,81.95,1,0,1,0,0,1,0,0,2,0,0,0.0,81.95,40.975,4.418238016636454,4.418238016636454,1
0,1,0,7,1,0,0,0,0,0,0,0,0,1,69.35,451.1,1,1,1,0,0,1,0,0,1,1,0,0.0,69.35,56.3875,4.253482783560398,6.11390339430056,0
0,0,0,1,1,0,0,0,0,0,0,0,0,0,44.6,44.6,0,1,0,0,0,0,1,0,1,0,0,0.0,0.0,22.3,3.8199077165203406,3.8199077165203406,1
0,0,0,4,1,0,0,1,0,1,1,0,0,1,63.75,226.2,0,1,0,0,0,0,0,1,4,0,0,0.0,0.0,45.239999999999995,4.1705337005796475,5.4258306868469965,1
0,1,1,66,1,1,1,1,1,0,1,1,2,0,109.25,7082.5,0,0,1,0,0,0,0,1,7,4,1,218.5,109.25,105.7089552238806,4.702750514326955,8.865523414819405,0
0,0,0,12,1,0,0,1,0,0,0,1,0,1,84.6,1017.35,0,0,1,0,0,1,0,0,3,1,0,0.0,84.6,78.25769230769231,4.449685283147696,6.925938949415766,0
0,0,0,24,1,0,0,0,0,0,0,0,1,0,20.45,527.35,0,0,0,1,1,0,0,1,1,2,0,20.45,0.0,21.094,3.065724645374026,6.26975894288704,0
0,0,0,26,1,0,0,1,0,0,1,0,0,1,85.75,2146.5,0,1,1,0,0,1,0,0,3,3,0,0.0,85.75,79.5,4.4630304188269685,7.67205965385841,0
0,0,0,6,1,0,0,0,0,0,1,1,0,1,91.1,455.3,1,0,1,0,0,1,0,0,3,0,1,0.0,91.1,65.04285714285714,4.522874943261261,6.123150487933357,1
0,1,0,57,1,1,0,0,1,1,1,1,2,0,107.95,5969.85,0,1,1,0,0,1,0,0,6,4,1,215.9,107.95,102.92844827586208,4.690889061390629,8.694644574811246,0
0,1,0,14,1,1,0,0,0,0,1,0,0,1,86.1,1235.55,1,1,1,0,0,1,0,0,3,2,0,0.0,86.1,82.36999999999999,4.467056883858457,7.1200805228604676,0
0,1,1,42,1,1,0,0,0,0,0,0,2,0,22.95,1014.25,0,0,0,1,0,1,0,0,2,4,0,45.9,0.0,23.587209302325583,3.175968323856924,6.9228901665664075,0
0,0,0,25,1,1,0,0,0,0,1,1,0,1,94.7,2362.1,1,1,1,0,0,0,0,1,4,3,1,0.0,94.7,90.85,4.5612182984589085,7.767729595377388,0
0,1,0,64,1,0,0,0,0,0,0,0,2,0,19.45,1225.65,0,0,0,1,1,0,0,1,1,4,0,38.9,0.0,18.85615384615385,3.017982882488811,7.112042155446042,0
0,1,0,22,1,1,0,0,0,0,0,1,0,1,85.1,1873.7,1,1,1,0,0,1,0,0,3,2,0,0.0,85.1,81.46521739130435,4.455509411433685,7.536203925603146,0
0,0,0,19,1,0,0,0,0,0,0,0,1,1,19.7,386.5,0,1,0,1,1,0,0,1,1,2,0,19.7,0.0,19.325,3.0301337002713233,5.959715848793402,0
0,1,1,61,1,1,0,1,0,0,1,1,0,1,99.15,6010.05,1,0,1,0,0,1,0,0,5,4,1,0.0,99.15,96.93629032258065,4.606669062111827,8.70135472108808,0
0,1,0,22,1,0,0,0,1,0,1,0,0,1,87.0,1850.65,0,1,1,0,0,0,0,1,3,2,0,0.0,87.0,80.46304347826087,4.477336814478207,7.523832412465023,0
1,1,0,70,1,1,0,1,1,0,1,1,0,1,102.95,7101.5,1,1,1,0,0,1,0,0,6,4,1,0.0,102.95,100.02112676056338,4.643910014304022,8.868202113728342,0
0,0,0,12,1,0,0,0,0,0,0,1,0,1,79.95,1043.4,0,1,1,0,0,0,0,1,2,1,0,0.0,79.95,80.26153846153846,4.393831680123644,6.951197836824974,0
0,1,0,31,1,0,1,0,0,1,0,1,1,1,64.0,1910.75,0,0,0,0,0,1,0,0,4,3,0,64.0,0.0,59.7109375,4.174387269895637,7.555774331924335,0
0,0,0,11,1,0,0,0,0,0,1,1,0,1,64.9,716.1,0,0,0,0,0,1,0,0,3,1,0,0.0,0.0,59.675000000000004,4.188138441508461,6.575215300888529,0
0,1,1,68,1,1,0,0,0,0,0,0,2,0,25.75,1686.15,0,1,0,1,0,0,1,0,2,4,0,51.5,0.0,24.43695652173913,3.2865344733420154,7.430795993827386,0
1,1,1,72,1,1,1,1,1,1,1,1,2,1,90.15,6716.45,0,0,0,0,0,0,0,1,8,4,1,180.3,0.0,92.00616438356164,4.512506501124672,8.81246389721669,0
1,0,0,67,1,1,1,1,1,1,1,1,2,1,116.1,7839.85,0,1,1,0,1,0,0,1,8,4,1,232.2,116.1,115.29191176470589,4.763028270603671,8.967102525834955,0
0,0,0,60,1,0,1,0,1,1,1,1,0,1,104.95,6236.75,0,0,1,0,0,0,0,1,6,4,1,0.0,104.95,102.24180327868852,4.662967284714308,8.738374819416906,0
0,0,0,1,1,0,0,0,0,0,0,0,0,1,45.05,45.05,1,1,0,0,0,0,1,0,1,0,0,0.0,0.0,22.525,3.829727762701316,3.829727762701316,1
1,0,1,1,1,0,0,0,0,0,0,0,0,1,71.0,71.0,1,0,1,0,0,1,0,0,1,0,0,0.0,71.0,35.5,4.276666119016055,4.276666119016055,1
0,1,1,58,0,0,1,1,1,0,1,0,1,0,50.0,2919.85,0,1,0,0,0,0,1,0,4,4,0,50.0,0.0,49.48898305084746,3.9318256327243257,7.97962994879255,0
1,1,1,47,1,0,0,0,0,0,0,0,0,0,70.55,3309.25,1,0,1,0,0,0,0,1,1,4,0,0.0,70.55,68.94270833333333,4.27039650600246,8.104778994219867,0
0,0,0,1,1,0,0,0,0,0,0,1,0,1,79.7,79.7,1,0,1,0,0,1,0,0,2,0,0,0.0,79.7,39.85,4.390738575275903,4.390738575275903,1
0,0,0,1,1,0,0,0,0,0,0,0,0,0,20.45,20.45,0,1,0,1,0,0,1,0,1,0,0,0.0,0.0,10.225,3.065724645374026,3.065724645374026,1
0,0,0,22,1,1,1,1,0,0,0,0,0,0,59.0,1254.7,1,1,0,0,0,1,0,0,4,2,0,0.0,0.0,54.55217391304348,4.0943445622221,7.135448464994918,0
0,0,0,48,1,0,1,0,1,1,0,0,1,1,60.35,2896.4,1,0,0,0,1,0,0,1,4,4,0,60.35,0.0,59.11020408163265,4.116595171156921,7.971569062107552,0
0,1,0,37,1,0,0,0,0,0,0,0,1,1,19.85,717.5,0,0,0,1,0,0,0,1,1,4,0,19.85,0.0,18.88157894736842,3.0373539482448106,6.5771657055190795,0
0,0,0,13,1,0,0,0,0,0,0,0,1,1,19.95,253.8,0,1,0,1,0,1,0,0,1,2,0,19.95,0.0,18.12857142857143,3.0421386463681466,5.540478923698008,0
0,0,0,43,1,1,0,0,0,0,0,0,2,0,26.45,1110.05,0,1,0,1,0,0,0,1,2,4,0,52.9,0.0,25.22840909090909,3.3123661679555396,7.013060793127408,0
0,0,0,6,0,0,1,1,1,1,1,1,2,1,63.4,348.8,0,0,0,0,0,0,1,0,6,0,0,126.8,0.0,49.82857142857143,4.165113633110308,5.857361562584502,1
0,0,0,71,0,0,1,1,1,1,1,0,2,0,53.95,3888.65,0,1,0,0,0,0,0,1,5,4,0,107.9,0.0,54.00902777777778,4.006423680849631,8.266074458271504,0
1,1,1,1,1,0,0,0,0,0,0,0,0,1,69.25,69.25,1,0,1,0,0,1,0,0,1,0,0,0.0,69.25,34.625,4.2520603082138555,4.2520603082138555,1
0,1,1,72,1,1,1,1,0,0,1,0,2,1,95.1,6843.15,0,0,1,0,0,1,0,0,5,4,1,190.2,95.1,93.7417808219178,4.565389315976247,8.831149551779507,0
1,0,0,6,1,0,1,0,0,0,0,0,0,1,74.1,450.9,0,0,1,0,0,1,0,0,2,0,0,0.0,74.1,64.41428571428571,4.318820558770089,6.1134609164172335,1
0,1,1,12,0,0,0,1,0,1,0,0,0,0,35.5,432.25,0,1,0,0,0,0,1,0,2,1,0,0.0,0.0,33.25,3.597312260588446,6.071314928595715,0
0,0,0,25,1,0,0,0,0,0,0,0,0,0,70.95,1767.35,1,1,1,0,0,0,1,0,1,3,0,0.0,70.95,67.975,4.2759714333333765,7.477802187406246,0
0,1,0,21,1,0,0,0,1,1,0,0,1,0,79.2,1742.45,0,0,1,0,0,1,0,0,3,2,0,79.2,79.2,79.20227272727273,4.384523514872469,7.463621187757827,0
0,1,1,6,1,0,0,0,0,1,0,0,0,1,48.8,297.35,0,0,0,0,0,0,1,0,2,0,0,0.0,0.0,42.478571428571435,3.9080149840306073,5.698267293968091,1
0,1,0,20,1,0,0,0,0,0,1,1,0,1,89.0,1820.45,1,1,1,0,0,0,1,0,3,2,0,0.0,89.0,86.68809523809524,4.499809670330265,7.507388166167938,0
0,1,0,18,1,1,1,0,0,0,1,1,0,1,99.4,1742.95,1,1,1,0,0,1,0,0,5,2,1,0.0,99.4,91.73421052631579,4.609162207257629,7.46390793433317,0
0,0,0,43,1,0,0,1,0,1,0,0,1,0,55.45,2444.25,0,0,0,0,0,1,0,0,3,4,0,55.45,0.0,55.55113636363637,4.033355290595671,7.8019026461706025,0
0,1,1,35,1,1,0,0,0,0,0,0,2,1,25.4,949.8,0,0,0,1,1,0,0,1,2,3,0,50.8,0.0,26.383333333333333,3.2733640101522705,6.857303735486039,0
0,0,0,1,1,0,0,0,1,0,0,0,0,0,73.5,73.5,1,0,1,0,0,0,0,1,2,0,0,0.0,73.5,36.75,4.310799125385514,4.310799125385514,1
1,1,0,32,1,1,0,1,1,0,0,1,0,1,93.5,2970.8,0,1,1,0,0,1,0,0,5,3,1,0.0,93.5,90.02424242424243,4.548599834499697,7.996923108822247,0
0,0,0,52,0,0,1,1,1,1,1,1,2,0,63.9,3334.95,0,1,0,0,1,0,0,1,6,4,0,127.8,0.0,62.92358490566038,4.1728476237100445,8.112512775356723,0
0,0,0,32,1,0,0,0,0,0,1,1,1,1,64.85,2010.95,0,1,0,0,0,0,0,1,3,3,0,64.85,0.0,60.93787878787879,4.18737942818929,7.606859680016209,0
0,1,1,72,0,0,1,1,1,1,1,1,2,1,63.8,4684.3,0,0,0,0,0,0,0,1,6,4,0,127.6,0.0,64.16849315068494,4.1713056033582285,8.452185226773972,0
0,0,0,51,0,0,1,0,0,1,0,1,0,1,44.45,2181.55,0,1,0,0,1,0,0,1,3,4,0,0.0,0.0,41.95288461538462,3.816612820623488,7.688249196958784,0
0,1,1,68,1,0,0,0,0,0,0,0,2,1,19.95,1303.25,0,1,0,1,0,0,0,1,1,4,0,39.9,0.0,18.88768115942029,3.0421386463681466,7.173383441902502,0
1,1,0,8,0,0,0,1,1,0,0,1,0,1,43.35,371.4,0,1,0,0,0,0,1,0,3,1,0,0.0,0.0,41.266666666666666,3.7921127087555884,5.919968545402912,0
0,1,0,49,0,0,0,1,0,0,1,1,2,0,49.65,2409.9,0,1,0,0,1,0,0,1,3,4,0,99.3,0.0,48.198,3.9249392306946924,7.7877554007552545,0
0,1,0,72,1,0,1,1,1,1,1,1,2,0,85.1,6155.4,0,0,0,0,0,0,1,0,7,4,0,170.2,0.0,84.32054794520548,4.455509411433685,8.7252474701058,0
0,0,0,9,1,1,0,0,0,0,1,1,0,1,95.5,829.1,1,1,1,0,0,1,0,0,4,1,1,0.0,95.5,82.91,4.56954300834494,6.72154617546099,0
0,1,0,28,1,0,1,0,0,0,1,1,0,1,92.35,2602.9,1,0,1,0,0,0,1,0,4,3,1,0.0,92.35,89.7551724137931,4.536355869987732,7.8647656001333095,0
0,0,0,54,1,0,1,0,1,0,1,0,0,0,89.8,4667.0,0,1,1,0,0,0,1,0,4,4,0,0.0,89.8,84.85454545454546,4.508659285607248,8.448485993406447,0
0,0,0,11,1,0,0,1,0,0,0,0,0,1,74.55,824.75,1,1,1,0,0,1,0,0,2,1,0,0.0,74.55,68.72916666666667,4.3247946887187485,6.716292064270899,0
0,1,1,50,1,0,0,0,1,1,1,1,1,0,103.05,5153.5,0,0,1,0,0,0,1,0,5,4,1,103.05,103.05,101.04901960784314,4.644871552839644,8.54762539853644,0
0,1,0,69,1,1,1,1,1,1,1,1,2,1,116.0,8182.85,0,0,1,0,0,1,0,0,8,4,1,232.0,116.0,116.89785714285715,4.762173934797756,9.009917979017747,0
0,0,0,1,1,0,0,0,0,0,0,0,0,1,69.9,69.9,0,1,1,0,0,1,0,0,1,0,0,0.0,69.9,34.95,4.2612704335380815,4.2612704335380815,1
0,1,1,68,1,0,1,1,0,1,0,1,2,0,95.1,6683.4,0,1,1,0,0,0,0,1,5,4,1,190.2,95.1,96.86086956521739,4.565389315976247,8.807531732329227,0
0,0,1,40,0,0,1,1,0,1,0,0,1,0,40.25,1564.05,0,1,0,0,0,0,1,0,3,4,0,40.25,0.0,38.14756097560976,3.71965111278069,7.355673051345688,0
0,1,1,31,1,1,0,0,0,0,0,0,2,0,25.75,755.6,0,1,0,1,0,0,1,0,2,3,0,51.5,0.0,23.6125,3.2865344733420154,6.628834712198929,0
1,0,1,33,1,1,0,1,1,0,1,1,0,1,105.35,3465.05,0,0,1,0,0,0,0,1,6,3,1,0.0,105.35,101.91323529411765,4.666735541646246,8.150770896022625,0
1,1,0,55,1,1,0,1,1,1,1,1,2,1,113.6,6292.7,0,1,1,0,0,1,0,0,7,4,1,227.2,113.6,112.36964285714285,4.741447804280639,8.74730441204604,0
0,1,1,68,1,1,0,0,0,0,0,0,2,1,24.0,1664.3,0,1,0,1,0,0,0,1,2,4,0,48.0,0.0,24.120289855072464,3.2188758248682006,7.417760566364225,0
0,1,1,12,1,0,0,0,0,0,0,0,0,0,19.4,198.1,0,0,0,1,0,0,0,1,1,1,0,0.0,0.0,15.238461538461538,3.0155349008501706,5.293807211070151,0
0,1,0,71,1,0,1,1,1,1,1,1,2,1,86.1,6045.9,0,1,0,0,0,0,0,1,7,4,0,172.2,0.0,83.97083333333333,4.467056883858457,8.707301023010626,0
0,0,0,40,1,1,0,1,1,0,1,1,0,1,102.65,4108.15,0,1,1,0,0,0,1,0,6,4,1,0.0,102.65,100.19878048780487,4.641019838881789,8.320971473449527,0
0,1,1,64,1,1,0,1,1,0,0,1,1,1,92.85,5980.75,0,0,1,0,0,1,0,0,5,4,1,92.85,92.85,92.01153846153846,4.541697763032518,8.696468446273787,0
0,1,0,53,1,1,0,1,0,1,0,1,1,0,97.75,5043.2,0,1,1,0,0,0,0,1,5,4,1,97.75,97.75,93.39259259259259,4.592591403781231,8.525994347369306,0
1,0,0,12,1,0,0,1,1,1,0,0,0,1,83.8,1029.75,1,1,1,0,0,0,1,0,4,1,0,0.0,83.8,79.21153846153847,4.440295542797857,6.938041971587009,0
1,0,0,53,0,0,0,1,1,0,1,1,0,1,54.45,2854.55,1,1,0,0,0,1,0,0,4,4,0,0.0,0.0,52.86203703703704,4.015481713796376,7.957019748019907,0
0,1,0,72,1,1,1,1,1,0,1,0,2,1,97.95,7114.25,0,1,1,0,1,0,0,1,6,4,1,195.9,97.95,97.45547945205479,4.594614672048575,8.869995646941096,0
0,0,0,46,1,0,0,0,0,0,0,0,2,0,19.95,907.05,0,1,0,1,0,1,0,0,1,4,0,39.9,0.0,19.298936170212766,3.0421386463681466,6.811299443164508,0
0,0,0,40,1,1,0,0,0,0,0,0,2,1,24.6,973.95,0,1,0,1,0,0,1,0,2,4,0,49.2,0.0,23.75487804878049,3.242592351485517,6.882386187631596,0
0,0,0,12,0,0,1,1,0,1,1,0,0,1,50.95,605.75,0,1,0,0,0,0,0,1,4,1,0,0.0,0.0,46.59615384615385,3.9502817175452365,6.4081168446067105,0
0,0,0,9,1,0,1,0,0,0,0,0,0,0,75.6,661.55,0,1,1,0,0,1,0,0,2,1,0,0.0,75.6,66.155,4.338597076746545,6.496096026710645,0
0,1,1,51,1,1,0,0,0,1,0,0,0,1,80.75,4116.9,0,0,1,0,0,1,0,0,3,4,0,0.0,80.75,79.17115384615384,4.403665809777363,8.323098603660052,0
0,1,1,49,1,0,0,1,1,0,1,0,0,1,90.4,4494.65,0,1,1,0,1,0,0,1,4,4,1,0.0,90.4,89.89299999999999,4.515245478460105,8.410865541568205,0
1,1,0,41,1,1,0,0,1,0,1,1,0,1,99.8,4259.3,1,1,1,0,0,1,0,0,5,4,1,0.0,99.8,101.41190476190476,4.613138355637268,8.357094859319076,0
0,0,0,56,1,0,1,0,1,1,0,0,1,1,60.25,3282.75,0,0,0,0,1,0,0,1,4,4,0,60.25,0.0,57.5921052631579,4.114963849424837,8.096741340999749,0
0,0,0,4,1,0,0,0,0,0,0,0,0,1,20.2,55.7,0,1,0,1,0,1,0,0,1,0,0,0.0,0.0,11.14,3.054001181677967,4.037774210733707,1
0,1,0,20,1,0,1,0,0,1,0,1,1,1,64.15,1274.45,0,1,0,0,0,0,1,0,4,2,0,64.15,0.0,60.688095238095244,4.176692303570854,7.151054336499911,0
0,1,1,26,1,0,0,0,0,0,0,0,0,1,20.25,493.95,0,0,0,1,1,0,0,1,1,3,0,0.0,0.0,18.294444444444444,3.056356895370426,6.204456747365817,0
0,1,1,20,1,1,0,1,1,0,1,1,0,1,105.85,2239.65,1,0,1,0,0,0,0,1,6,2,1,0.0,105.85,106.65,4.671425981765156,7.7145212813268556,0
0,0,0,7,1,1,0,0,0,0,0,0,0,0,75.45,480.75,1,0,1,0,0,0,1,0,2,1,0,0.0,75.45,60.09375,4.336636932375072,6.177425307294476,0
0,0,0,7,1,1,0,0,0,0,1,1,0,1,93.85,635.6,1,1,1,0,0,1,0,0,4,1,1,0.0,93.85,79.45,4.552296696381023,6.456141514847992,0
0,0,0,51,1,0,0,1,1,0,1,1,0,1,99.0,5038.15,0,1,1,0,0,1,0,0,5,4,1,0.0,99.0,96.88749999999999,4.605170185988092,8.524992696048619,0
0,0,0,4,1,1,0,1,0,0,0,0,0,1,80.3,324.2,0,0,1,0,0,0,1,0,3,0,0,0.0,80.3,64.84,4.398146016553765,5.784440377673656,1
0,0,0,1,1,0,0,0,0,0,0,0,0,0,19.55,19.55,0,0,0,1,1,0,0,1,1,0,0,0.0,0.0,9.775,3.022860940942244,3.022860940942244,1
0,1,1,27,1,1,1,1,0,1,1,0,0,0,100.75,2793.55,0,1,1,0,0,1,0,0,6,3,1,0.0,100.75,99.76964285714287,4.622518824322705,7.935426370838112,0
0,0,0,22,1,1,1,0,0,0,1,1,0,1,100.75,2095.0,1,1,1,0,0,1,0,0,5,2,1,0.0,100.75,91.08695652173913,4.622518824322705,7.647786045440933,0
0,0,0,12,1,0,0,1,0,1,0,0,0,1,53.75,648.65,0,1,0,0,0,0,1,0,3,1,0,0.0,0.0,49.896153846153844,4.00277736869661,6.4764337563287455,0
0,1,1,3,0,0,0,0,0,1,0,0,0,1,31.0,95.05,1,0,0,0,0,0,1,0,1,0,0,0.0,0.0,23.7625,3.4657359027997265,4.564868889214566,1
0,1,1,34,1,1,0,0,0,0,0,0,1,1,25.6,917.15,0,0,0,1,1,0,0,1,2,3,0,25.6,0.0,26.204285714285714,3.2809112157876537,6.822360775965189,0
0,1,0,24,1,1,1,0,0,1,0,0,1,1,58.35,1346.9,0,1,0,0,0,1,0,0,4,2,0,58.35,0.0,53.876000000000005,4.083452121055677,7.206303104744224,0
0,0,0,51,1,1,0,0,1,0,0,0,0,0,80.0,4242.35,1,1,1,0,1,0,0,1,3,4,0,0.0,80.0,81.58365384615385,4.394449154672439,8.353108330605401,0
1,0,0,14,0,0,0,0,0,0,1,1,0,1,46.35,672.7,0,0,0,0,0,1,0,0,2,2,0,0.0,0.0,44.84666666666667,3.8575668196320874,6.512784907966614,0
0,1,0,59,1,1,1,1,1,1,1,1,2,0,113.75,6561.25,0,1,1,0,0,1,0,0,8,4,1,227.5,113.75,109.35416666666667,4.7427558489406545,8.789088810936143,0
0,0,0,3,1,0,0,1,1,0,0,1,0,0,90.4,268.45,0,1,1,0,0,1,0,0,4,0,1,0.0,90.4,67.1125,4.515245478460105,5.596382844379506,1
0,1,1,65,1,1,1,0,1,1,1,1,2,0,109.3,7337.55,0,0,1,0,0,1,0,0,7,4,1,218.6,109.3,111.175,4.703203926259457,8.900896554409524,0
1,0,0,5,1,0,0,0,0,0,0,0,0,1,70.25,331.9,1,1,1,0,0,0,1,0,1,0,0,0.0,70.25,55.31666666666666,4.26619481914876,5.807842144580979,1
0,1,1,59,1,1,1,1,1,1,1,1,2,0,90.3,5194.05,0,0,0,0,1,0,0,1,8,4,1,180.6,0.0,86.56750000000001,4.514150787600923,8.555461528126088,0
0,1,1,72,0,0,1,1,1,1,1,1,2,1,65.25,4478.85,0,1,0,0,1,0,0,1,6,4,0,130.5,0.0,61.3541095890411,4.193435464866331,8.407344842705635,0
0,1,1,62,1,0,0,1,1,0,1,1,0,1,100.15,6283.3,1,0,1,0,0,1,0,0,5,4,1,0.0,100.15,99.73492063492064,4.6166045636137545,8.745809738528788,0
0,0,0,28,1,1,1,1,0,0,0,1,0,1,94.5,2659.4,1,1,1,0,1,0,0,1,5,3,1,0.0,94.5,91.70344827586207,4.5591262474866845,7.886231766410266,0
0,0,0,3,1,0,0,0,0,1,0,1,0,0,60.65,196.9,0,1,0,0,0,0,1,0,3,0,0,0.0,0.0,49.225,4.121473229610353,5.28776185260852,1
0,0,1,19,1,1,0,0,0,0,0,0,0,1,24.1,439.2,0,1,0,1,1,0,0,1,2,2,0,0.0,0.0,21.96,3.2228678461377385,6.087229169092361,0
0,0,0,1,1,0,0,0,0,0,0,0,0,1,19.5,19.5,0,1,0,1,0,0,1,0,1,0,0,0.0,0.0,9.75,3.0204248861443626,3.0204248861443626,1
0,0,0,24,1,0,0,1,1,1,0,0,0,1,85.95,2107.15,0,1,1,0,0,1,0,0,4,2,0,0.0,85.95,84.286,4.465333240800292,7.653566064624934,0
1,0,0,57,1,0,0,0,1,1,0,0,1,1,53.5,3035.8,0,1,0,0,0,1,0,0,3,4,0,53.5,0.0,52.341379310344834,3.9982007016691985,8.01855960841561,0
0,0,0,72,1,1,0,0,0,0,0,0,2,0,25.45,1866.45,0,0,0,1,1,0,0,1,2,4,0,50.9,0.0,25.567808219178083,3.2752561583043085,7.5323291428868355,0
0,0,0,67,1,0,0,0,0,0,0,0,2,0,20.5,1430.95,0,1,0,1,0,0,0,1,1,4,0,41.0,0.0,21.043382352941176,3.068052935133617,7.266792430709889,0
0,1,1,52,1,0,0,0,0,0,0,0,1,1,20.85,1071.6,0,1,0,1,1,0,0,1,1,4,0,20.85,0.0,20.2188679245283,3.084200921541599,6.977840886548825,0
0,1,1,71,1,1,1,1,1,1,1,1,2,0,89.9,6457.15,0,1,0,0,1,0,0,1,8,4,1,179.8,0.0,89.68263888888889,4.509760001183433,8.773098178053743,0
0,1,0,26,1,1,0,0,0,0,0,0,1,0,26.0,684.05,0,0,0,1,0,0,1,0,2,3,0,26.0,0.0,25.335185185185182,3.295836866004329,6.5294918282991175,0
0,0,0,35,1,1,1,1,1,1,1,1,2,1,113.2,3914.05,0,0,1,0,0,0,1,0,8,3,1,226.4,113.2,108.72361111111111,4.73795129722191,8.272583379735432,0
0,1,1,55,1,0,0,0,0,0,0,0,2,1,69.05,3842.6,0,0,1,0,1,0,0,1,1,4,0,138.1,69.05,68.61785714285715,4.249209272783016,8.254164706403113,0
0,1,1,33,1,0,0,0,0,0,0,0,2,0,20.1,670.35,0,0,0,1,0,0,1,0,1,3,0,40.2,0.0,19.716176470588238,3.0492730404820207,6.509290610518717,0
0,1,0,72,1,1,1,1,1,0,1,1,2,1,109.65,7880.25,0,1,1,0,0,1,0,0,7,4,1,219.3,109.65,107.9486301369863,4.7063720664970585,8.97224179971323,0
0,0,1,1,1,0,0,0,0,0,0,0,0,1,19.2,19.2,0,1,0,1,0,0,1,0,1,0,0,0.0,0.0,9.6,3.005682604407159,3.005682604407159,1
0,0,0,10,0,0,0,0,0,0,0,1,0,1,33.9,298.45,1,1,0,0,0,0,1,0,1,1,0,0.0,0.0,27.13181818181818,3.5524868292083815,5.701947458710471,0
1,1,0,37,1,0,0,0,1,1,1,0,0,0,90.0,3371.75,0,0,1,0,0,1,0,0,4,4,1,0.0,90.0,88.73026315789474,4.51085950651685,8.123483714318926,0
0,0,0,12,0,0,0,1,0,1,0,0,0,0,34.0,442.45,0,1,0,0,0,0,1,0,2,1,0,0.0,0.0,34.034615384615385,3.5553480614894135,6.094585055822462,0
0,1,1,1,1,0,0,0,0,0,0,0,1,0,20.4,20.4,0,1,0,1,0,0,1,0,1,0,0,20.4,0.0,10.2,3.0633909220278057,3.0633909220278057,1
0,1,0,62,0,0,1,1,0,1,0,0,2,1,38.6,2345.55,0,1,0,0,1,0,0,1,3,4,0,77.2,0.0,37.23095238095238,3.6788291182604347,7.760701443339011,0
0,0,0,1,0,0,0,0,0,0,0,0,0,0,25.25,25.25,0,0,0,0,0,0,0,1,0,0,0,0.0,0.0,12.625,3.2676659890376327,3.2676659890376327,1
0,0,0,18,1,1,1,0,1,0,0,0,0,1,60.6,1156.35,0,0,0,0,0,0,1,0,4,2,0,0.0,0.0,60.86052631578947,4.120661870539474,7.053888187930098,0
1,1,0,69,1,1,0,1,0,0,1,0,0,1,89.95,6143.15,1,1,1,0,0,1,0,0,4,4,1,0.0,89.95,87.75928571428571,4.5103099049641315,8.72325568859199,0
0,0,0,2,1,0,0,1,0,0,0,0,0,1,74.75,144.8,0,1,1,0,0,1,0,0,2,0,0,0.0,74.75,48.26666666666667,4.327438444389479,4.982235819574558,1
0,1,1,19,1,0,0,0,0,0,0,0,0,0,20.6,414.95,0,1,0,1,0,0,1,0,1,2,0,0.0,0.0,20.7475,3.0726933146901194,6.030565060729897,0
0,0,0,12,1,1,0,0,0,0,1,0,0,1,84.45,1059.55,1,1,1,0,0,1,0,0,3,1,0,0.0,84.45,81.50384615384615,4.4479314095616,6.966542920465225,0
0,0,0,9,1,0,0,0,0,0,0,0,0,0,20.4,181.8,0,1,0,1,0,0,1,0,1,1,0,0.0,0.0,18.18,3.0633909220278057,5.20839265902005,0
0,0,0,27,1,0,1,0,1,1,1,1,1,0,81.7,2212.55,0,1,0,0,0,1,0,0,6,3,0,81.7,0.0,79.01964285714287,4.415219602029645,7.702352840577568,0
0,0,1,27,1,1,0,0,0,1,0,0,0,1,79.5,2180.55,1,1,1,0,0,1,0,0,3,3,0,0.0,79.5,77.87678571428572,4.388257184424518,7.687790912310173,0
0,1,1,1,1,0,0,0,0,0,1,1,0,0,89.15,89.15,1,1,1,0,0,0,1,0,3,0,0,0.0,89.15,44.575,4.501474949649326,4.501474949649326,1
1,0,0,24,1,0,0,0,0,0,0,0,0,1,20.3,459.95,0,0,0,1,0,0,1,0,1,2,0,0.0,0.0,18.398,3.0587070727153796,6.133289577244604,0
1,0,0,14,1,1,0,0,0,0,0,0,0,1,74.95,1036.75,1,1,1,0,0,1,0,0,2,2,0,0.0,74.95,69.11666666666666,4.330075229041782,6.944810186933148,0
1,0,0,32,1,0,0,1,0,0,0,0,0,1,74.4,2276.95,1,0,1,0,0,1,0,0,2,3,0,0.0,74.4,68.99848484848485,4.32280727501391,7.7310311946881045,0
0,0,0,11,1,0,0,0,0,0,0,0,1,0,20.0,211.95,0,0,0,1,0,0,1,0,1,1,0,20.0,0.0,17.662499999999998,3.044522437723423,5.3610573963692225,0
0,0,0,1,1,1,0,0,0,0,0,0,0,1,25.0,25.0,0,1,0,1,0,0,1,0,2,0,0,0.0,0.0,12.5,3.258096538021482,3.258096538021482,1
1,0,1,38,1,1,1,0,0,0,0,0,0,1,80.45,3162.65,0,1,1,0,0,0,1,0,3,4,0,0.0,80.45,81.09358974358975,4.399989335048054,8.059481703299733,0
0,1,1,9,1,0,0,0,0,0,0,0,2,0,19.75,210.65,0,0,0,1,0,0,1,0,1,1,0,39.5,0.0,21.065,3.0325462466767075,5.354933966966933,0
0,1,1,54,1,1,1,1,0,1,0,0,2,1,65.65,3566.7,0,1,0,0,1,0,0,1,5,4,0,131.3,0.0,64.8490909090909,4.199455046624718,8.17967640944743,0
0,0,0,29,1,1,0,0,0,0,1,1,1,1,71.0,2080.1,0,0,0,0,1,0,0,1,4,3,0,71.0,0.0,69.33666666666666,4.276666119016055,7.640651879059365,0
1,1,0,44,1,1,0,0,1,0,1,0,0,1,89.2,4040.2,0,1,1,0,0,1,0,0,4,4,0,0.0,89.2,89.78222222222222,4.502029427068578,8.304296956553577,0
0,1,1,59,1,0,1,1,1,1,1,1,2,1,86.75,5186.0,0,1,0,0,0,1,0,0,7,4,0,173.5,0.0,86.43333333333334,4.4744918623459755,8.553910774351401,0
0,0,0,3,1,0,0,0,0,0,0,1,0,1,55.3,196.15,1,0,0,0,0,1,0,0,2,0,0,0.0,0.0,49.0375,4.030694535145645,5.283964860323636,1
0,1,1,18,1,0,1,1,0,1,0,0,1,1,61.5,1087.45,0,0,0,0,0,0,1,0,4,2,0,61.5,0.0,57.23421052631579,4.135166556742356,6.992509944846946,0
1,0,0,67,1,1,0,0,0,0,0,0,2,0,25.1,1672.15,0,1,0,1,1,0,0,1,2,4,0,50.2,0.0,24.59044117647059,3.261935314328648,7.42246335626235,0
0,1,1,22,1,0,0,1,0,1,0,0,0,0,55.15,1206.05,1,0,0,0,0,1,0,0,3,2,0,0.0,0.0,52.43695652173913,4.0280266811844525,7.095934645260251,0
0,0,1,33,0,0,1,0,0,1,0,0,1,0,34.05,1113.95,0,1,0,0,1,0,0,1,2,3,0,34.05,0.0,32.76323529411765,3.5567756134805992,7.016564839839412,0
0,0,0,5,1,0,0,0,0,0,0,0,0,0,19.95,107.05,0,1,0,1,0,0,1,0,1,0,0,0.0,0.0,17.841666666666665,3.0421386463681466,4.682594082952895,1
0,0,0,2,1,0,0,0,0,0,0,0,0,0,19.95,38.15,0,0,0,1,0,0,1,0,1,0,0,0.0,0.0,12.716666666666667,3.0421386463681466,3.667400422436812,1
0,1,1,72,1,1,1,1,1,1,1,1,2,0,89.7,6339.3,0,1,0,0,1,0,0,1,8,4,0,179.4,0.0,86.83972602739726,4.507557357121091,8.75468136492377,0
0,0,1,9,1,0,0,0,0,0,0,0,0,0,20.4,184.1,0,1,0,1,0,0,1,0,1,1,0,0.0,0.0,18.41,3.0633909220278057,5.220896219579452,0
0,1,1,67,1,1,0,0,0,0,0,0,2,0,26.3,1688.9,0,1,0,1,0,0,1,0,2,4,0,52.6,0.0,24.836764705882356,3.3068867021909143,7.432424634568778,0
0,1,0,16,1,1,0,0,0,0,1,0,0,1,84.95,1378.25,1,0,1,0,0,1,0,0,3,2,0,0.0,84.95,81.07352941176471,4.453765731828859,7.22929515215254,0
0,0,0,8,1,0,0,0,0,0,0,0,0,1,20.7,137.6,0,0,0,1,0,0,1,0,1,1,0,0.0,0.0,15.288888888888888,3.077312260546414,4.931592086755803,0
0,0,0,5,0,0,1,1,1,1,0,0,0,1,43.25,219.0,1,1,0,0,0,0,1,0,4,0,0,0.0,0.0,36.5,3.7898553714539385,5.393627546352362,1
0,1,1,23,1,1,0,0,0,0,0,0,1,1,48.35,1067.15,1,1,0,0,1,0,0,1,2,2,0,48.35,0.0,44.46458333333334,3.8989377658794906,6.973683459096243,0
0,0,0,1,1,0,0,0,0,0,1,0,0,1,79.55,79.55,1,1,1,0,0,1,0,0,2,0,0,0.0,79.55,39.775,4.388878109622984,4.388878109622984,1
1,1,0,50,1,0,0,0,0,0,0,0,0,1,71.05,3444.85,1,0,1,0,0,1,0,0,1,4,0,0.0,71.05,67.54607843137255,4.277360322445531,8.144925887411512,0
0,0,0,17,1,0,0,0,0,0,0,0,2,0,19.45,369.05,0,1,0,1,1,0,0,1,1,2,0,38.9,0.0,20.50277777777778,3.017982882488811,5.913638131643475,0
0,1,0,68,1,1,1,1,1,0,1,1,2,1,110.8,7553.6,0,0,1,0,0,0,0,1,7,4,1,221.6,110.8,109.47246376811594,4.716711560720999,8.92991192823571,0
0,0,0,1,1,1,0,0,0,0,1,0,0,0,84.5,84.5,1,1,1,0,0,1,0,0,3,0,0,0.0,84.5,42.25,4.448516375942715,4.448516375942715,1
1,1,0,25,1,0,0,0,0,0,0,0,0,1,69.3,1813.1,0,0,1,0,0,1,0,0,1,3,0,0.0,69.3,69.73461538461538,4.252771798816619,7.503344755947277,0
0,0,0,67,0,0,1,0,1,1,1,0,1,1,49.35,3321.35,0,1,0,0,0,0,0,1,4,4,0,49.35,0.0,48.84338235294118,3.9189986191645714,8.108427642841393,0
0,0,0,32,1,0,0,0,0,0,0,0,1,0,20.35,707.5,0,1,0,1,1,0,0,1,1,3,0,20.35,0.0,21.439393939393938,3.0610517396746335,6.563150059130735,0
1,1,0,67,1,1,1,1,0,0,1,1,1,1,105.6,7112.15,0,0,1,0,0,1,0,0,6,4,1,105.6,105.6,104.59044117647058,4.669083511731744,8.869700462659624,0
1,1,0,72,0,0,1,1,1,1,1,1,2,1,64.45,4641.1,0,1,0,0,1,0,0,1,6,4,0,128.9,0.0,63.57671232876713,4.181286492355909,8.442922129040952,0
0,1,0,71,1,1,0,1,1,1,1,1,2,1,108.6,7690.9,1,1,1,0,1,0,0,1,7,4,1,217.2,108.6,106.81805555555555,4.696837374513915,8.947923106104142,0
0,0,1,1,1,0,0,1,0,0,0,0,0,1,49.9,49.9,0,1,0,0,0,1,0,0,2,0,0,0.0,0.0,24.95,3.929862923556477,3.929862923556477,1
0,0,0,46,0,0,0,1,0,0,0,0,0,0,30.3,1380.1,1,1,0,0,0,0,0,1,1,4,0,0.0,0.0,29.363829787234042,3.4436180975461075,7.230635562083883,0
1,0,0,2,0,0,0,0,1,0,0,0,0,1,30.4,78.65,1,0,0,0,0,1,0,0,1,0,0,0.0,0.0,26.21666666666667,3.4468078929142076,4.3776420363560575,1
0,0,0,1,1,0,0,0,0,0,0,0,0,1,45.4,45.4,1,0,0,0,0,0,1,0,1,0,0,0.0,0.0,22.7,3.8372994592322094,3.8372994592322094,1
0,1,0,48,1,0,0,1,1,0,0,1,1,1,65.65,3094.65,0,0,0,0,0,1,0,0,4,4,0,65.65,0.0,63.156122448979595,4.199455046624718,8.037753179223479,0
0,1,0,61,1,1,0,0,1,1,1,1,1,1,103.3,6518.35,0,0,1,0,0,0,0,1,6,4,1,103.3,103.3,105.13467741935484,4.647271362006727,8.782529956699463,0
0,1,0,32,1,0,0,1,0,0,0,1,0,0,84.15,2585.95,1,0,1,0,0,0,0,1,3,3,0,0.0,84.15,78.36212121212121,4.444414407108697,7.8582348545929905,0
0,0,0,2,1,0,0,0,0,0,0,0,0,0,44.45,82.7,0,0,0,0,0,1,0,0,1,0,0,0.0,0.0,27.566666666666666,3.816612820623488,4.4272389774954295,1
0,0,0,3,1,0,0,0,0,0,0,0,0,0,19.75,58.85,1,0,0,1,0,1,0,0,1,0,0,0.0,0.0,14.7125,3.0325462466767075,4.091841432003982,1
0,0,0,5,1,0,0,0,0,1,0,1,0,1,85.4,425.9,1,0,1,0,1,0,0,1,3,0,0,0.0,85.4,70.98333333333333,4.45898767581001,6.056549793763916,1
0,1,1,71,1,1,1,1,1,1,1,1,2,0,89.9,6342.7,0,0,0,0,0,0,0,1,8,4,1,179.8,0.0,88.09305555555555,4.509760001183433,8.755217473419737,0
0,1,0,37,1,1,1,0,0,0,0,0,0,1,55.05,2030.75,0,1,0,0,0,0,1,0,3,4,0,0.0,0.0,53.44078947368421,4.026244149518169,7.616652769633315,0
0,1,1,65,1,1,0,0,1,1,1,1,2,1,104.1,6700.05,0,1,1,0,0,0,0,1,6,4,1,208.2,104.1,101.51590909090909,4.6549122778829055,8.810019509518233,0
0,0,1,67,1,1,0,1,0,1,1,1,1,1,106.6,7244.7,0,0,1,0,0,0,0,1,6,4,1,106.6,106.6,106.53970588235293,4.678420647727684,8.888163468445018,0
0,0,1,49,1,1,0,0,0,0,0,0,0,0,75.2,3678.3,1,1,1,0,1,0,0,1,2,4,0,0.0,75.2,73.566,4.333361462692601,8.21047779567805,0
0,1,1,50,1,1,1,0,0,1,1,0,2,1,70.5,3486.65,0,1,0,0,1,0,0,1,5,4,0,141.0,0.0,68.36568627450981,4.269697449699962,8.156983435957374,0
0,1,1,25,1,0,0,0,0,0,0,0,1,0,19.6,411.15,0,1,0,1,0,1,0,0,1,3,0,19.6,0.0,15.813461538461537,3.0252910757955354,6.0213873607592365,0
0,0,1,17,1,1,0,0,1,0,0,0,1,1,55.85,937.5,1,0,0,0,0,0,1,0,3,2,0,55.85,0.0,52.083333333333336,4.040416220196545,6.844282856026563,0
0,1,1,64,1,1,0,0,0,0,0,0,2,1,24.05,1559.15,0,0,0,1,0,0,1,0,2,4,0,48.1,0.0,23.986923076923077,3.2208738275308737,7.352537249467252,0
0,1,0,25,0,0,0,0,1,0,1,0,1,1,38.1,970.4,0,1,0,0,1,0,0,1,2,3,0,38.1,0.0,37.323076923076925,3.66612246699132,6.878738329911644,0
1,0,0,23,1,1,0,1,1,0,1,1,0,1,106.4,2483.5,1,1,1,0,0,1,0,0,6,2,1,0.0,106.4,103.47916666666667,4.676560182074764,7.817826711042375,0
1,1,0,24,0,0,0,0,1,1,0,0,0,0,34.25,828.2,0,1,0,0,0,0,1,0,2,2,0,0.0,0.0,33.128,3.5624655292582776,6.720461380561624,0
0,0,0,37,1,1,0,0,1,0,1,1,0,1,100.05,3810.55,0,0,1,0,0,1,0,0,5,4,1,0.0,100.05,100.27763157894738,4.61561544384963,8.245791209537222,0
0,0,0,21,1,0,0,0,0,0,0,0,0,1,68.65,1493.2,0,0,1,0,0,1,0,0,1,2,0,0.0,68.65,67.87272727272727,4.243482700225814,7.3093462255417005,0
0,0,0,1,1,0,0,0,0,0,0,0,0,1,45.8,45.8,0,1,0,0,0,0,1,0,1,0,0,0.0,0.0,22.9,3.845883202923601,3.845883202923601,1
0,0,0,10,1,1,0,0,0,0,0,0,0,1,75.75,777.3,0,0,1,0,0,0,1,0,2,1,0,0.0,75.75,70.66363636363636,4.340553386467307,6.657112053965342,0
0,0,0,6,1,0,0,1,0,0,0,1,0,1,84.4,556.35,1,1,1,0,0,1,0,0,3,0,0,0.0,84.4,79.47857142857143,4.447346100794524,6.323193408835633,1
0,1,0,51,1,1,1,1,0,0,0,1,1,1,96.4,4911.05,0,1,1,0,1,0,0,1,5,4,1,96.4,96.4,94.44326923076923,4.578826210648489,8.499446648928267,0
0,0,0,10,1,0,0,0,0,0,0,0,0,1,20.55,187.35,0,0,0,1,0,0,1,0,1,1,0,0.0,0.0,17.03181818181818,3.070375816549757,5.23830193413805,0
0,0,0,6,0,0,1,1,0,1,0,1,0,0,50.95,307.6,0,0,0,0,1,0,0,1,4,0,0,0.0,0.0,43.94285714285714,3.9502817175452365,5.73204593992906,1
0,1,1,47,1,1,1,1,1,1,1,1,2,1,90.5,4318.35,0,1,0,0,0,0,1,0,8,4,1,181.0,0.0,89.965625,4.516338972281476,8.370860206954506,0
0,1,1,61,1,1,1,1,1,1,0,1,1,1,79.4,4820.55,0,0,0,0,0,1,0,0,7,4,0,79.4,0.0,77.7508064516129,4.387014176184921,8.480850732113407,0
0,0,0,52,0,0,1,1,1,0,1,1,2,1,58.75,3038.55,0,0,0,0,0,0,0,1,5,4,0,117.5,0.0,57.3311320754717,4.09016919081162,8.019464757127501,0
0,1,1,35,1,1,1,1,0,0,0,0,0,1,59.45,2136.9,0,0,0,0,1,0,0,1,4,3,0,0.0,0.0,59.358333333333334,4.101816577060802,7.6675793178063625,0
0,1,0,71,1,1,0,1,1,0,1,1,1,1,105.7,7472.15,0,1,1,0,0,0,0,1,6,4,1,105.7,105.7,103.7798611111111,4.670021158307708,8.919071875988982,0
0,0,0,6,1,0,1,1,0,0,0,0,0,0,56.25,389.1,1,0,0,0,0,1,0,0,3,0,0,0.0,0.0,55.58571428571429,4.047427642434349,5.966403116512611,1
0,1,0,45,1,0,1,0,1,0,0,0,2,0,53.3,2296.25,0,1,0,0,1,0,0,1,3,4,0,106.6,0.0,49.91847826086956,3.9945242269398897,7.7394680343809945,0
1,0,0,2,1,1,0,0,0,0,1,0,0,1,85.55,187.45,1,0,1,0,0,1,0,0,3,0,0,0.0,85.55,62.48333333333333,4.4607222816222185,5.238832719713145,1
0,0,0,4,1,0,0,1,0,0,1,1,0,1,68.65,261.25,1,0,0,0,0,0,0,1,4,0,0,0.0,0.0,52.25,4.243482700225814,5.569298247276406,1
0,0,0,2,0,0,0,0,0,0,0,0,0,0,24.3,38.45,0,1,0,0,0,0,1,0,0,0,0,0.0,0.0,12.816666666666668,3.2308043957334744,3.6750340472918834,1
0,0,0,4,1,0,0,0,0,0,1,0,0,0,77.85,299.2,1,1,1,0,0,1,0,0,2,0,0,0.0,77.85,59.839999999999996,4.367547313409047,5.704448919199361,1
0,0,0,51,1,1,1,0,0,1,0,0,1,0,59.9,3043.6,0,1,0,0,1,0,0,1,4,4,0,59.9,0.0,58.53076923076923,4.109233174715851,8.021124808625153,0
0,1,1,60,1,1,0,0,0,0,0,0,1,0,23.95,1506.4,0,1,0,1,1,0,0,1,2,4,0,23.95,0.0,24.695081967213117,3.2168738221975275,7.318141591409369,0
0,0,0,9,1,0,0,0,0,0,0,0,1,1,20.15,163.7,0,1,0,1,0,0,1,0,1,1,0,20.15,0.0,16.369999999999997,3.0516399054922867,5.104125637183595,0
0,0,0,3,1,1,0,1,1,0,1,1,0,1,105.35,323.25,1,1,1,0,0,0,0,1,6,0,1,0.0,105.35,80.8125,4.666735541646246,5.781514823196553,1
0,0,0,17,1,1,0,0,1,1,0,1,0,1,95.65,1640.0,0,1,1,0,0,0,0,1,5,2,1,0.0,95.65,91.11111111111111,4.57109620565434,7.403061091090091,0
0,0,0,8,1,1,0,0,0,0,1,0,0,1,87.05,762.1,1,0,1,0,0,1,0,0,3,1,0,0.0,87.05,84.67777777777778,4.4779048349422155,6.637389084295587,0
0,1,1,46,1,0,1,0,1,1,1,1,2,0,81.0,3846.35,0,1,0,0,0,0,1,0,6,4,0,162.0,0.0,81.83723404255319,4.406719247264253,8.255139878598271,0
0,0,0,68,1,0,1,1,1,1,1,1,2,1,82.45,5646.6,0,0,0,0,1,0,0,1,7,4,0,164.9,0.0,81.83478260869566,4.424247650107844,8.63898595513537,0
0,0,0,1,1,0,0,0,0,0,1,0,0,1,53.5,53.5,1,1,0,0,0,0,1,0,2,0,0,0.0,0.0,26.75,3.9982007016691985,3.9982007016691985,1
0,1,0,4,1,0,0,0,0,0,0,0,1,0,20.5,79.05,0,0,0,1,0,0,0,1,1,0,0,20.5,0.0,15.809999999999999,3.068052935133617,4.382651439442724,1
0,0,0,1,0,0,0,0,0,0,0,0,0,1,25.1,25.1,1,0,0,0,0,0,1,0,0,0,0,0.0,0.0,12.55,3.261935314328648,3.261935314328648,1
0,0,1,28,1,0,0,1,0,1,0,0,1,1,54.4,1516.6,0,1,0,0,1,0,0,1,3,3,0,54.4,0.0,52.29655172413793,4.014579593753238,7.324885418620805,0
0,0,0,39,1,0,0,1,0,0,1,0,1,1,58.6,2224.5,0,0,0,0,1,0,0,1,3,4,0,58.6,0.0,55.6125,4.087655574071304,7.707736888455909,0
0,0,0,11,1,0,0,0,1,0,0,1,0,0,84.8,888.75,0,1,1,0,0,1,0,0,3,1,0,0.0,84.8,74.0625,4.4520190064939165,6.790940524390302,0
0,1,0,71,0,0,0,1,1,1,1,1,2,1,61.4,4310.35,0,0,0,0,1,0,0,1,5,4,0,122.8,0.0,59.865972222222226,4.133565275375382,8.36900635911107,0
0,0,1,2,1,0,0,0,0,0,0,0,0,0,20.4,42.9,0,1,0,1,0,0,1,0,1,0,0,0.0,0.0,14.299999999999999,3.0633909220278057,3.7819143200811256,1
1,1,0,30,1,0,0,1,1,0,0,0,0,1,79.65,2365.15,1,1,1,0,0,0,1,0,3,3,0,0.0,79.65,76.29516129032258,4.390118804571218,7.7690194406690765,0
0,0,0,17,1,0,0,0,0,0,0,0,1,0,20.15,353.65,0,0,0,1,0,0,1,0,1,2,0,20.15,0.0,19.647222222222222,3.0516399054922867,5.871131387648096,0
0,1,0,55,1,1,0,1,1,0,1,0,0,1,94.45,5073.1,0,0,1,0,1,0,0,1,5,4,1,0.0,94.45,90.59107142857144,4.558602550171757,8.531904448281932,0
0,0,0,58,1,1,1,0,0,0,0,0,0,1,79.8,4526.85,0,0,1,0,0,0,0,1,3,4,0,0.0,79.8,76.72627118644068,4.39197696552705,8.41800249212582,0
0,0,0,5,1,0,1,0,0,1,0,0,0,0,54.2,308.25,1,0,0,0,0,1,0,0,3,0,0,0.0,0.0,51.375,4.01096295328305,5.734150011272598,1
1,0,0,1,1,0,0,0,0,0,0,0,0,1,19.45,19.45,1,0,0,1,0,1,0,0,1,0,0,0.0,0.0,9.725,3.017982882488811,3.017982882488811,1
1,0,0,9,1,1,0,0,0,0,0,0,0,1,74.05,678.45,0,1,1,0,0,1,0,0,2,1,0,0.0,74.05,67.845,4.318154558079471,6.521283647366507,0
0,0,0,26,1,0,0,0,0,1,0,0,0,0,49.15,1237.3,0,1,0,0,0,0,0,1,2,3,0,0.0,0.0,45.82592592592592,3.9150185144079446,7.121494750221053,0
0,0,0,50,1,0,0,0,0,0,0,0,2,0,19.4,1023.95,0,0,0,1,1,0,0,1,1,4,0,38.8,0.0,20.077450980392157,3.0155349008501706,6.932399109894897,0
0,1,0,72,1,1,1,1,1,1,1,1,2,1,113.65,8182.75,0,0,1,0,0,0,0,1,8,4,1,227.3,113.65,112.09246575342466,4.741884009303914,9.0099057597553,0
0,0,1,43,1,0,1,1,0,1,1,1,1,1,106.0,4532.3,0,0,1,0,1,0,0,1,6,4,1,106.0,106.0,103.00681818181819,4.672828834461906,8.419205430087825,0
0,0,0,56,1,1,0,0,0,0,0,0,2,1,25.95,1444.05,0,1,0,1,0,0,0,1,2,4,0,51.9,0.0,25.33421052631579,3.2939832973550063,7.275899202024019,0
0,0,0,1,1,0,0,0,0,0,0,0,0,0,19.1,19.1,0,0,0,1,0,0,1,0,1,0,0,0.0,0.0,9.55,3.0007198150650303,3.0007198150650303,1
0,1,1,72,1,1,0,1,1,0,1,1,2,1,103.4,7372.65,1,1,1,0,0,1,0,0,6,4,1,206.8,103.4,100.99520547945205,4.648229675448539,8.905668113604712,0
0,1,0,72,1,1,1,1,0,1,0,1,2,1,100.55,7325.1,0,1,1,0,0,0,0,1,6,4,1,201.1,100.55,100.34383561643835,4.620551288026394,8.89919859325925,0
0,1,0,36,1,1,0,0,0,0,1,1,0,1,95.4,3474.2,0,1,1,0,0,1,0,0,4,3,1,0.0,95.4,93.89729729729729,4.5685062016165,8.153407310299562,0
0,0,0,5,1,0,0,0,1,1,1,1,0,0,75.15,392.65,0,1,0,0,0,0,0,1,5,0,0,0.0,0.0,65.44166666666666,4.332705079341171,5.975462189630476,1
0,0,0,13,1,1,0,1,1,0,0,0,0,1,84.45,1058.6,1,0,1,0,0,1,0,0,4,2,0,0.0,84.45,75.61428571428571,4.4479314095616,6.965646757397915,0
1,0,0,44,1,0,0,1,1,0,0,1,1,0,89.15,3990.75,0,0,1,0,1,0,0,1,4,4,0,89.15,89.15,88.68333333333334,4.501474949649326,8.291985010219811,0
1,1,1,70,1,1,0,1,1,1,1,1,1,1,107.9,7475.85,0,0,1,0,0,1,0,0,7,4,1,107.9,107.9,105.29366197183099,4.690430029938915,8.91956685927668,0
0,0,0,44,1,0,0,0,0,0,0,0,1,0,19.5,835.5,0,1,0,1,1,0,0,1,1,4,0,19.5,0.0,18.566666666666666,3.0204248861443626,6.729226520426879,0
1,1,0,32,1,1,0,0,0,0,1,0,0,1,85.95,2628.6,1,0,1,0,1,0,0,1,3,3,0,0.0,85.95,79.65454545454546,4.465333240800292,7.87458702235001,0
0,1,0,69,1,1,0,0,0,0,0,0,2,1,24.95,1718.35,0,0,0,1,1,0,0,1,2,4,0,49.9,0.0,24.54785714285714,3.2561716096118976,7.449701591405918,0
1,0,0,16,1,0,0,0,0,1,1,0,0,0,59.4,1023.9,1,0,0,0,0,1,0,0,3,2,0,0.0,0.0,60.22941176470588,4.100989104940769,6.932350325837517,0
1,1,1,68,1,0,0,0,0,0,0,0,1,0,19.5,1193.55,0,1,0,1,0,0,0,1,1,4,0,19.5,0.0,17.297826086956523,3.0204248861443626,7.085524824408029,0
0,0,0,16,1,0,0,0,0,0,0,0,0,1,69.95,1205.5,0,1,1,0,1,0,0,1,1,2,0,0.0,69.95,70.91176470588235,4.261975403606051,7.095478885065086,0
0,1,1,68,1,0,1,1,0,1,1,1,2,0,82.85,5776.45,0,1,0,0,0,0,0,1,6,4,0,165.7,0.0,83.71666666666667,4.429029488269218,8.661717687848864,0
0,0,0,4,1,0,0,0,0,0,0,0,0,0,19.0,78.9,0,1,0,1,0,0,1,0,1,0,0,0.0,0.0,15.780000000000001,2.995732273553991,4.380775852772229,1
0,1,1,26,0,0,1,1,0,1,0,0,0,0,38.85,1025.15,0,0,0,0,1,0,0,1,3,3,0,0.0,0.0,37.96851851851852,3.685122405236224,6.933569213875117,0
0,0,0,29,0,0,0,1,0,0,0,0,0,1,30.6,856.35,1,0,0,0,0,1,0,0,1,3,0,0.0,0.0,28.545,3.4531571205928664,6.75384623662486,0
0,0,1,5,1,0,0,0,0,0,0,0,0,0,20.35,122.0,0,1,0,1,1,0,0,1,1,0,0,0.0,0.0,20.333333333333332,3.0610517396746335,4.812184355372417,1
0,1,0,70,1,1,0,1,1,0,1,0,1,1,95.0,6602.9,0,1,1,0,0,0,0,1,5,4,1,95.0,95.0,92.99859154929577,4.564348191467836,8.795415662587395,0
0,1,0,24,1,0,1,0,0,1,1,1,1,0,74.4,1712.9,0,1,0,0,0,0,0,1,5,2,0,74.4,0.0,68.516,4.32280727501391,7.446526754398526,0
1,1,0,72,1,1,1,1,1,1,0,1,2,0,78.45,5682.25,0,0,0,0,0,0,0,1,7,4,0,156.9,0.0,77.83904109589041,4.375127892982725,8.645278531179455,0
0,0,0,1,1,0,0,0,0,1,0,0,0,1,74.3,74.3,0,1,1,0,0,0,1,0,2,0,0,0.0,74.3,37.15,4.321480134805848,4.321480134805848,1
0,1,0,70,0,0,0,1,1,1,0,1,1,1,51.05,3635.15,0,1,0,0,0,0,0,1,4,4,0,51.05,0.0,51.19929577464789,3.952204795060978,8.198680708571853,0
0,1,1,36,1,0,0,0,0,0,0,0,0,0,19.2,702.9,0,0,0,1,0,0,0,1,1,3,0,0.0,0.0,18.997297297297298,3.005682604407159,6.556636300614086,0
1,0,0,38,1,1,0,0,0,1,1,1,0,1,99.55,3734.25,1,0,1,0,0,1,0,0,5,4,1,0.0,99.55,95.75,4.610655116218661,8.225570029731195,0
0,0,0,17,1,0,0,0,0,0,0,0,0,1,70.0,1144.5,1,0,1,0,0,1,0,0,1,2,0,0.0,70.0,63.583333333333336,4.2626798770413155,7.04359650189355,0
0,1,1,41,1,1,0,1,1,1,1,1,1,1,109.1,4454.25,0,0,1,0,0,0,0,1,7,4,1,109.1,109.1,106.05357142857143,4.701389043728634,8.401838455053209,0
0,0,0,1,1,0,0,0,0,0,0,0,0,1,45.3,45.3,1,0,0,0,0,1,0,0,1,0,0,0.0,0.0,22.65,3.835141961092188,3.835141961092188,1
0,0,0,2,0,0,0,0,0,1,0,0,0,0,29.85,75.6,1,1,0,0,0,0,0,1,1,0,0,0.0,0.0,25.2,3.4291367503513968,4.338597076746545,1
0,0,0,14,1,0,0,0,1,0,0,0,0,0,76.45,1117.55,0,1,1,0,0,1,0,0,2,2,0,0.0,76.45,74.50333333333333,4.349632566862877,7.019788482657914,0
1,0,0,2,1,0,0,1,1,1,0,1,0,1,95.1,180.25,1,1,1,0,1,0,0,1,5,0,1,0.0,95.1,60.083333333333336,4.565389315976247,5.199877293734784,1
0,0,0,1,1,0,0,0,0,0,0,0,0,0,19.8,19.8,1,1,0,1,0,0,1,0,1,0,0,0.0,0.0,9.9,3.0349529867072724,3.0349529867072724,1
0,1,1,13,1,1,0,1,1,1,1,0,0,1,72.8,930.05,0,1,0,0,0,1,0,0,6,2,0,0.0,0.0,66.43214285714285,4.301358731606427,6.8363129815277714,0
0,0,0,6,1,0,0,0,0,0,0,0,0,0,18.95,110.15,0,1,0,1,0,0,1,0,1,0,0,0.0,0.0,15.735714285714286,2.9932291433358724,4.710880640410205,1
0,0,0,4,1,0,0,1,0,0,0,0,0,1,76.65,333.6,1,0,1,0,0,0,0,1,2,0,0,0.0,76.65,66.72,4.3522115495946965,5.812935788552724,1
0,1,1,5,1,0,0,1,0,1,1,1,0,1,99.15,465.05,1,0,1,0,0,0,1,0,5,0,1,0.0,99.15,77.50833333333334,4.606669062111827,6.144292924507166,1
0,1,0,15,1,0,1,0,1,0,1,1,0,0,101.75,1669.4,0,0,1,0,0,1,0,0,5,2,1,0.0,101.75,104.3375,4.632298853376344,7.420818397688319,0
0,0,0,47,1,0,1,0,0,0,0,0,0,0,75.45,3545.1,0,0,1,0,1,0,0,1,2,4,0,0.0,75.45,73.85625,4.336636932375072,8.17360368702614,0
0,0,0,8,1,0,0,0,1,1,0,1,0,0,64.1,504.05,0,0,0,0,0,0,1,0,4,1,0,0.0,0.0,56.00555555555556,4.175924549214524,6.224657434275193,0
0,0,0,17,0,0,0,0,0,0,0,0,0,1,25.65,440.2,0,1,0,0,0,0,1,0,0,2,0,0.0,0.0,24.455555555555556,3.2827891506118534,6.089498287379348,0
0,1,1,15,1,0,1,0,0,0,0,0,0,0,75.1,1151.55,0,1,1,0,0,0,1,0,2,2,0,0.0,75.1,71.971875,4.33204826486764,7.049732157877687,0
0,0,0,26,1,0,1,0,1,1,0,1,1,1,95.85,2475.35,0,0,1,0,0,0,0,1,5,3,1,95.85,95.85,91.67962962962963,4.573163389853005,7.814540980841987,0
0,0,0,23,1,1,1,0,0,0,0,0,0,0,54.4,1249.25,0,0,0,0,0,1,0,0,3,2,0,0.0,0.0,52.052083333333336,4.014579593753238,7.131098810299013,0
1,0,0,4,1,0,0,1,0,0,0,0,0,0,72.75,317.75,0,0,1,0,0,1,0,0,2,0,0,0.0,72.75,63.55,4.300680995219929,5.7644070964726355,1
0,0,1,29,1,0,0,0,0,0,0,0,1,0,19.85,535.05,0,1,0,1,0,0,1,0,1,3,0,19.85,0.0,17.834999999999997,3.0373539482448106,6.2842274403022484,0
0,0,0,25,1,0,0,0,0,0,0,0,0,0,19.05,461.3,0,0,0,1,0,0,1,0,1,3,0,0.0,0.0,17.742307692307694,2.998229153752578,6.1362140309941795,0
0,0,0,9,1,0,0,0,0,0,0,0,0,0,44.95,431.0,1,1,0,0,0,0,1,0,1,1,0,0.0,0.0,43.1,3.827553848801696,6.068425588244111,0
0,1,0,18,1,0,0,0,1,0,0,0,0,1,49.55,878.35,1,1,0,0,0,0,1,0,2,2,0,0.0,0.0,46.22894736842105,3.9229629454664803,6.779182998182373,0
1,0,0,3,1,1,0,0,0,0,1,1,0,1,94.85,335.75,0,1,1,0,0,1,0,0,4,0,1,0.0,94.85,83.9375,4.562784469491653,5.819340815290474,1
0,1,1,69,0,0,1,1,1,1,0,0,2,0,46.25,3121.4,0,0,0,0,0,0,0,1,4,4,0,92.5,0.0,44.59142857142857,3.855452653939752,8.046357215866406,0
0,0,0,14,1,0,0,0,0,0,0,0,1,0,19.35,324.8,0,1,0,1,0,0,1,0,1,2,0,19.35,0.0,21.653333333333332,3.013080911888604,5.786283696167945,0
0,0,0,19,1,1,0,0,0,0,1,1,0,0,69.6,1394.55,0,1,0,0,0,0,1,0,4,2,0,0.0,0.0,69.72749999999999,4.257030144499196,7.241043881786327,0
1,0,0,39,1,1,0,1,0,0,0,1,0,0,90.7,3413.25,0,1,1,0,0,1,0,0,4,4,1,0.0,90.7,85.33125,4.51852237926242,8.135713128558534,0
0,0,0,31,1,0,0,1,1,0,1,1,0,1,101.4,3143.65,0,1,1,0,0,1,0,0,5,3,1,0.0,101.4,98.2390625,4.628886712605407,8.053457875183252,0
0,1,1,24,1,0,0,0,0,0,0,0,1,0,20.25,439.75,0,1,0,1,0,0,1,0,1,2,0,20.25,0.0,17.59,3.056356895370426,6.08847782127798,0
0,1,0,14,1,0,0,0,0,1,0,0,0,0,48.8,664.4,0,1,0,0,0,0,0,1,2,2,0,0.0,0.0,44.29333333333333,3.9080149840306073,6.500388363584376,0
0,1,0,64,1,0,1,1,1,1,0,1,2,1,74.35,4759.55,0,0,0,0,0,0,1,0,6,4,0,148.7,0.0,73.22384615384615,4.3221439250725044,8.468118486769002,0
0,0,0,50,1,0,0,0,0,0,0,0,1,1,19.35,1033.0,0,0,0,1,0,0,1,0,1,4,0,19.35,0.0,20.254901960784313,3.013080911888604,6.9411900550683745,0
0,1,1,52,1,0,0,1,1,1,1,0,1,1,68.75,3482.85,0,1,0,0,0,1,0,0,5,4,0,68.75,0.0,65.71415094339622,4.244917420701475,8.15589328308458,0
0,0,0,28,1,1,0,1,0,0,1,1,1,0,100.2,2688.45,0,1,1,0,0,1,0,0,5,3,1,100.2,100.2,92.7051724137931,4.617098756853365,7.897091990724349,0
0,0,0,21,1,0,0,0,0,0,0,0,2,1,20.85,435.25,0,0,0,1,1,0,0,1,1,2,0,41.7,0.0,19.78409090909091,3.084200921541599,6.078215473516637,0
0,0,1,25,1,0,0,1,0,0,1,1,0,1,95.9,2448.75,1,1,1,0,0,1,0,0,4,3,1,0.0,95.9,94.1826923076923,4.5736795188967205,7.803741257515928,0
0,1,0,17,1,0,0,0,0,0,0,0,1,0,19.35,307.0,0,0,0,1,0,0,1,0,1,2,0,19.35,0.0,17.055555555555557,3.013080911888604,5.730099782973574,0
0,1,0,58,0,0,0,0,0,0,1,1,1,1,45.0,2689.35,0,1,0,0,1,0,0,1,2,4,0,45.0,0.0,45.582203389830504,3.828641396489095,7.8974265756562785,0
1,1,0,17,1,0,0,0,0,0,0,1,0,0,81.5,1329.2,1,1,1,0,0,0,0,1,2,2,0,0.0,81.5,73.84444444444445,4.412798293340635,7.193084585850321,0
0,1,0,51,1,1,0,0,0,0,0,0,2,0,25.5,1281.25,0,0,0,1,0,0,1,0,2,4,0,51.0,0.0,24.639423076923077,3.2771447329921766,7.156371626269378,0
0,1,1,72,0,0,1,0,1,1,1,0,2,0,48.9,3527.0,0,1,0,0,0,0,1,0,4,4,0,97.8,0.0,48.31506849315068,3.910021002757473,8.168486417126681,0
0,1,0,52,1,0,1,0,0,0,1,0,0,0,84.1,4348.65,1,1,1,0,0,1,0,0,3,4,0,0.0,84.1,82.05,4.443827035579329,8.377850661075554,0
0,0,0,27,1,0,0,0,0,0,0,0,2,1,19.6,561.15,0,0,0,1,0,0,1,0,1,3,0,39.2,0.0,20.041071428571428,3.0252910757955354,6.331768718195769,0
0,0,0,3,1,0,0,0,0,0,0,0,0,0,20.0,63.6,0,0,0,1,0,0,1,0,1,0,0,0.0,0.0,15.9,3.044522437723423,4.168214410788556,1
0,1,0,64,1,1,1,1,1,1,0,1,2,1,81.3,5129.3,0,0,0,0,0,0,1,0,7,4,0,162.6,0.0,78.91230769230769,4.410371107683024,8.542919415987118,0
0,1,0,45,1,0,0,0,0,1,1,1,2,1,95.2,4285.8,0,0,1,0,1,0,0,1,4,4,1,190.4,95.2,93.16956521739131,4.566429357671661,8.363295812838842,0
1,1,0,3,0,0,0,0,0,0,1,0,0,1,36.45,93.7,1,1,0,0,0,0,1,0,1,0,0,0.0,0.0,23.425,3.6230067099632284,4.550714000192032,1
0,1,0,71,1,1,0,1,1,1,1,1,2,1,83.3,5894.5,0,0,0,0,1,0,0,1,7,4,0,166.6,0.0,81.86805555555556,4.4343818650078095,8.681944627016728,0
1,0,0,1,0,0,0,0,0,0,0,0,0,0,25.05,25.05,1,0,0,0,0,0,1,0,0,0,0,0.0,0.0,12.525,3.260017768199376,3.260017768199376,1
0,1,1,58,1,0,0,0,0,0,0,0,2,0,20.3,1160.75,0,0,0,1,1,0,0,1,1,4,0,40.6,0.0,19.673728813559322,3.0587070727153796,7.057682767965088,0
0,1,1,34,1,0,0,1,1,0,1,0,0,1,89.85,3091.75,0,1,1,0,0,1,0,0,4,3,0,0.0,89.85,88.33571428571429,4.50920979484218,8.03681594174294,0
0,0,0,8,1,0,1,0,0,0,0,0,0,1,49.85,365.55,1,0,0,0,0,1,0,0,2,1,0,0.0,0.0,40.61666666666667,3.928880122494569,5.904134937669595,0
0,1,1,15,1,0,0,0,0,0,0,0,0,0,19.8,272.95,0,0,0,1,0,0,1,0,1,2,0,0.0,0.0,17.059375,3.0349529867072724,5.612945607984424,0
0,1,1,66,0,0,0,0,1,1,1,1,2,0,54.65,3632.0,0,1,0,0,0,0,0,1,4,4,0,109.3,0.0,54.208955223880594,4.019082077721554,8.197814032221203,0
1,0,0,12,0,0,0,1,0,0,0,0,0,1,29.35,381.2,0,1,0,0,1,0,0,1,1,1,0,0.0,0.0,29.323076923076922,3.4127965175055075,5.945944031806173,0
0,0,0,58,1,0,0,0,0,0,0,0,2,1,19.15,1035.5,0,1,0,1,0,0,0,1,1,4,0,38.3,0.0,17.550847457627118,3.0032042883926917,6.943604931875834,0
0,1,1,3,1,0,0,0,0,0,0,0,2,0,19.1,52.0,0,0,0,1,0,0,1,0,1,0,0,38.2,0.0,13.0,3.0007198150650303,3.970291913552122,1
1,1,0,43,0,0,0,1,1,0,1,1,0,0,55.55,2342.2,1,0,0,0,1,0,0,1,4,4,0,0.0,0.0,53.23181818181818,4.03512520256213,7.759272795513524,0
0,0,0,9,1,0,0,1,1,0,0,0,0,0,80.55,653.9,0,0,1,0,0,1,0,0,3,1,0,0.0,80.55,65.39,4.401216329067023,6.484482552224008,0
0,0,0,3,1,0,0,0,0,0,0,0,1,0,20.25,71.2,0,0,0,1,0,0,1,0,1,0,0,20.25,0.0,17.8,3.056356895370426,4.279440045898781,1
0,1,1,22,1,0,0,1,0,0,1,1,1,1,69.5,1498.2,1,0,0,0,0,0,0,1,4,2,0,69.5,0.0,65.13913043478261,4.255612709818223,7.312686911484158,0
0,1,0,40,1,1,0,1,1,0,1,1,1,1,106.0,4178.65,0,1,1,0,0,0,0,1,6,4,1,106.0,106.0,101.91829268292682,4.672828834461906,8.337982789955662,0
0,0,0,68,1,1,0,0,0,0,0,0,2,0,25.5,1821.8,0,0,0,1,0,0,0,1,2,4,0,51.0,0.0,26.402898550724636,3.2771447329921766,7.508129059389727,0
0,1,0,54,1,1,0,1,1,0,1,1,0,1,104.3,5278.15,1,1,1,0,0,1,0,0,6,4,1,0.0,104.3,95.96636363636362,4.6568134191399295,8.571520378892371,0
0,0,0,50,1,1,0,1,0,1,1,1,2,1,79.6,4024.2,0,0,0,0,0,0,1,0,6,4,0,159.2,0.0,78.90588235294118,4.389498649512583,8.300329878059179,0
0,0,0,1,1,0,0,0,0,0,0,1,0,1,55.25,55.25,0,1,0,0,0,1,0,0,2,0,0,0.0,0.0,27.625,4.029806041084529,4.029806041084529,1
0,1,0,72,1,1,1,1,1,1,1,1,2,0,88.05,6520.8,0,0,0,0,0,0,0,1,8,4,0,176.1,0.0,89.32602739726028,4.489198009735671,8.782905690439021,0
0,0,1,40,1,0,0,0,0,0,0,0,1,1,20.4,854.9,0,1,0,1,0,0,0,1,1,4,0,20.4,0.0,20.851219512195122,3.0633909220278057,6.752153546887564,0
0,1,1,72,1,1,1,1,1,1,1,1,2,1,117.6,8308.9,0,0,1,0,0,0,0,1,8,4,1,235.2,117.6,113.82054794520548,4.775756486563625,9.025202854082744,0
0,0,0,6,1,0,0,0,0,0,0,0,0,0,20.0,109.2,0,0,0,1,0,0,1,0,1,0,0,0.0,0.0,15.6,3.044522437723423,4.702296896718814,1
0,0,0,5,1,0,0,0,0,0,0,0,0,1,19.65,92.05,0,0,0,1,1,0,0,1,1,0,0,0.0,0.0,15.341666666666667,3.027715319407042,4.5331369830882595,1
0,1,0,48,1,1,0,1,1,0,0,1,1,1,70.55,3420.5,0,1,0,0,1,0,0,1,5,4,0,70.55,0.0,69.8061224489796,4.27039650600246,8.137834330392552,0
0,0,0,1,1,1,0,0,0,0,1,1,0,1,93.85,93.85,1,0,1,0,0,1,0,0,4,0,1,0.0,93.85,46.925,4.552296696381023,4.552296696381023,1
0,1,1,64,1,0,1,0,0,1,1,0,1,0,65.8,4068.0,0,0,0,0,0,0,1,0,4,4,0,65.8,0.0,62.58461538461538,4.2017030805426,8.31115254800169,0
0,0,0,17,1,0,0,0,0,0,0,0,1,0,20.05,337.9,0,0,0,1,1,0,0,1,1,2,0,20.05,0.0,18.772222222222222,3.0469005601283903,5.825705078613006,0
0,1,0,40,1,0,0,1,1,0,0,0,0,1,80.0,3168.75,0,1,1,0,0,1,0,0,3,4,0,0.0,80.0,77.28658536585365,4.394449154672439,8.061407999408058,0
0,1,1,41,0,0,1,0,1,0,0,0,1,0,35.4,1412.4,0,0,0,0,1,0,0,1,2,4,0,35.4,0.0,33.62857142857143,3.594568774642695,7.253753428256754,0
1,0,0,51,1,1,0,1,0,0,0,0,1,1,79.6,3974.7,0,1,1,0,0,0,0,1,3,4,0,79.6,79.6,76.43653846153846,4.389498649512583,8.287956112213468,0
0,1,0,41,1,1,0,1,0,0,0,0,0,1,80.25,3439.0,0,1,1,0,0,1,0,0,3,4,0,0.0,80.25,81.88095238095238,4.3975308212098465,8.143226750367445,0
0,1,1,1,1,0,0,0,1,0,0,0,0,0,50.45,50.45,1,0,0,0,0,0,1,0,2,0,0,0.0,0.0,25.225,3.9406104622800586,3.9406104622800586,1
0,0,0,2,1,0,0,0,0,0,0,0,0,1,20.45,42.45,0,0,0,1,0,0,1,0,1,0,0,0.0,0.0,14.15,3.065724645374026,3.7716108517114013,1
0,0,0,68,1,0,0,1,1,0,0,0,1,0,79.6,5461.45,0,1,1,0,1,0,0,1,3,4,0,79.6,79.6,79.15144927536231,4.389498649512583,8.605652686043875,0
0,1,1,24,1,1,0,0,0,0,0,0,2,0,24.7,571.75,0,0,0,1,0,0,1,0,2,2,0,49.4,0.0,22.87,3.246490991901174,6.350449321333605,0
0,1,0,70,1,1,1,0,1,1,0,1,2,0,77.3,5498.2,0,1,0,0,1,0,0,1,6,4,0,154.6,0.0,77.43943661971831,4.360547602996758,8.61235790609557,0
0,0,0,3,0,0,0,0,0,1,0,0,0,1,29.75,96.85,0,1,0,0,0,1,0,0,1,0,0,0.0,0.0,24.2125,3.4258899942525267,4.583435693842085,1
0,0,0,2,1,0,0,0,0,0,0,0,0,0,44.9,111.05,0,1,0,0,0,0,0,1,1,0,0,0.0,0.0,37.016666666666666,3.8264651170664994,4.718945200246936,1
0,1,0,3,0,0,0,1,0,0,0,0,0,0,29.8,94.4,0,1,0,0,1,0,0,1,1,0,0,0.0,0.0,23.6,3.427514689979529,4.558078578454241,1
0,0,0,7,1,1,0,0,0,1,1,1,0,1,74.65,521.1,1,0,0,0,0,1,0,0,5,1,0,0.0,0.0,65.1375,4.326117440234365,6.257859140416507,0
0,0,0,13,1,0,1,0,0,0,1,1,0,1,71.95,923.85,0,0,0,0,0,1,0,0,4,2,0,0.0,0.0,65.98928571428571,4.289774274968795,6.829631562200558,0
0,0,0,7,1,0,0,0,0,0,0,0,0,0,20.75,141.1,0,1,0,1,0,0,1,0,1,1,0,0.0,0.0,17.6375,3.079613757534693,4.956531035103055,0
0,1,1,12,1,0,0,0,0,0,1,0,0,1,56.3,628.65,0,1,0,0,0,0,1,0,2,1,0,0.0,0.0,48.357692307692304,4.048300623720694,6.445164109451856,0
0,1,1,53,1,1,0,1,1,0,1,1,1,1,105.25,5576.3,0,1,1,0,0,1,0,0,6,4,1,105.25,105.25,103.26481481481481,4.665794807804526,8.626460067304281,0
0,0,0,12,1,1,0,0,0,0,1,1,0,1,94.2,1046.1,1,0,1,0,0,1,0,0,4,1,1,0.0,94.2,80.46923076923076,4.55597994179732,6.953779717293417,0
0,1,1,63,1,0,0,0,0,0,0,0,2,0,19.55,1245.6,0,1,0,1,0,0,1,0,1,4,0,39.1,0.0,19.4625,3.022860940942244,7.12817512437475,0
0,0,0,15,1,0,1,1,1,1,1,1,0,0,84.45,1287.85,0,0,0,0,0,0,1,0,7,2,0,0.0,0.0,80.490625,4.4479314095616,7.161505626889247,0
0,1,1,36,1,0,1,1,0,0,0,0,1,0,53.65,1939.35,0,1,0,0,0,0,1,0,3,3,0,53.65,0.0,52.41486486486486,4.000949214622548,7.570623648156153,0
1,1,0,4,0,0,0,0,1,0,0,0,0,1,29.9,118.25,0,1,0,0,0,1,0,0,1,0,0,0.0,0.0,23.65,3.4307561839036995,4.781222129768451,1
0,1,1,24,1,0,0,0,0,0,0,0,2,0,19.7,452.55,0,0,0,1,0,0,1,0,1,2,0,39.4,0.0,18.102,3.0301337002713233,6.117105517060953,0
0,0,0,61,0,0,1,1,1,1,0,0,1,0,43.7,2696.55,0,0,0,0,1,0,0,1,4,4,0,43.7,0.0,43.49274193548387,3.7999735016195233,7.900099232641693,0
0,0,0,16,1,1,0,1,0,0,0,0,0,0,55.3,875.35,0,1,0,0,0,1,0,0,3,2,0,0.0,0.0,51.491176470588236,4.030694535145645,6.775765554519185,0
0,1,1,65,1,0,0,0,0,0,0,0,2,1,19.85,1267.05,0,1,0,1,1,0,0,1,1,4,0,39.7,0.0,19.19772727272727,3.0373539482448106,7.1452355663964,0
0,1,1,26,1,0,0,0,0,0,0,0,2,0,19.65,494.9,0,0,0,1,1,0,0,1,1,3,0,39.3,0.0,18.32962962962963,3.027715319407042,6.206374293495088,0
0,0,0,16,1,0,0,0,0,1,0,0,0,1,49.45,799.0,0,1,0,0,0,0,1,0,2,2,0,0.0,0.0,47.0,3.920982746799618,6.684611727667927,0
0,1,0,54,1,1,1,1,0,0,1,1,1,0,106.55,5763.3,1,0,1,0,0,0,0,1,6,4,1,106.55,106.55,104.78727272727274,4.677955855713739,8.659439002954457,0
0,0,0,1,1,0,0,0,0,0,0,0,0,0,20.1,20.1,1,1,0,1,0,0,1,0,1,0,0,0.0,0.0,10.05,3.0492730404820207,3.0492730404820207,1
0,0,1,5,1,0,0,0,0,0,0,0,2,0,20.45,106.9,0,1,0,1,0,0,1,0,1,0,0,40.9,0.0,17.816666666666666,3.065724645374026,4.681204872264089,1
0,0,0,19,0,0,0,1,0,0,0,1,0,1,39.7,710.05,0,0,0,0,0,1,0,0,2,2,0,0.0,0.0,35.5025,3.7062280924485496,6.5667427508187055,0
0,0,0,10,1,1,1,0,0,0,0,0,0,1,54.5,568.2,0,1,0,0,1,0,0,1,3,1,0,0.0,0.0,51.654545454545456,4.0163830207523885,6.344231866215697,0
0,1,1,23,1,0,0,1,1,1,0,0,0,0,83.8,1900.25,1,0,1,0,0,1,0,0,4,2,0,0.0,83.8,79.17708333333333,4.440295542797857,7.550266843573502,0
0,0,0,3,1,0,0,0,0,0,1,0,0,0,55.15,159.15,1,1,0,0,0,0,1,0,2,0,0,0.0,0.0,39.7875,4.0280266811844525,5.076110876055167,1
0,0,0,72,1,1,0,1,1,1,1,1,2,1,111.6,8012.75,0,0,1,0,0,0,0,1,7,4,1,223.2,111.6,109.76369863013699,4.72384171570559,8.988914095301467,0
1,1,0,10,1,1,0,0,0,0,0,1,0,1,86.65,856.65,1,1,1,0,0,1,0,0,3,1,0,0.0,86.65,77.87727272727273,4.473351611367243,6.754196090855834,0
0,1,1,10,1,0,0,1,1,0,0,0,0,1,55.55,551.3,0,0,0,0,0,0,1,0,3,1,0,0.0,0.0,50.11818181818182,4.03512520256213,6.314091376907141,0
0,1,0,11,1,0,0,0,0,0,0,0,1,1,20.55,184.95,0,1,0,1,0,0,1,0,1,1,0,20.55,0.0,15.4125,3.070375816549757,5.225477820371079,0
1,0,0,37,1,1,1,1,0,0,1,1,0,1,106.75,4056.75,1,0,1,0,0,0,0,1,6,4,1,0.0,106.75,106.75657894736842,4.6798137289838575,8.30838391178518,0
0,1,1,17,1,1,1,0,0,1,0,0,1,1,62.1,1096.65,0,1,0,0,0,0,1,0,4,2,0,62.1,0.0,60.925000000000004,4.144720769547168,7.000926809869932,0
0,1,1,36,1,1,1,0,1,0,1,1,0,1,104.5,3684.95,0,0,1,0,1,0,0,1,6,3,1,0.0,104.5,99.59324324324324,4.658710952916121,8.21228357329783,0
1,0,0,17,1,0,0,1,1,0,1,1,0,1,101.8,1752.45,0,1,1,0,0,1,0,0,5,2,1,0.0,101.8,97.35833333333333,4.632785353021065,7.469340554773917,0
1,1,1,66,1,1,1,1,0,1,1,1,1,1,110.6,7210.85,0,0,1,0,1,0,0,1,7,4,1,110.6,110.6,107.62462686567164,4.71492104994721,8.883480785438028,0
0,1,1,61,1,0,1,1,1,1,1,1,1,0,84.9,5264.5,0,1,0,0,0,0,0,1,7,4,0,84.9,0.0,84.91129032258064,4.45318382899021,8.568931386820651,0
0,0,0,22,1,0,0,1,0,0,1,1,0,1,93.2,2157.3,0,1,1,0,0,0,1,0,4,2,1,0.0,93.2,93.79565217391306,4.545420181582317,7.677076153764925,0
0,0,0,1,0,0,0,0,0,0,0,0,0,1,24.4,24.4,0,1,0,0,0,1,0,0,0,0,0,0.0,0.0,12.2,3.2347491740244907,3.2347491740244907,1
0,0,0,6,1,0,0,0,0,0,0,0,0,0,70.55,433.95,0,0,1,0,1,0,0,1,1,0,0,0.0,70.55,61.99285714285714,4.27039650600246,6.075231081953549,1
0,0,0,31,1,0,0,1,0,1,0,0,0,1,78.45,2435.15,1,1,1,0,0,1,0,0,3,3,0,0.0,78.45,76.0984375,4.375127892982725,7.798174203288721,0
0,1,1,68,1,0,1,1,1,1,1,1,2,1,85.0,5607.75,0,0,0,0,1,0,0,1,7,4,0,170.0,0.0,81.27173913043478,4.454347296253507,8.632083157290193,0
0,1,1,34,1,1,0,0,1,0,1,0,0,0,87.45,2874.15,1,0,1,0,0,1,0,0,4,3,0,0.0,87.45,82.11857142857143,4.482437420605795,7.963860125783483,0
0,1,1,52,1,0,0,1,1,1,0,0,0,0,85.8,4433.3,0,0,1,0,0,0,0,1,4,4,0,0.0,85.8,83.64716981132077,4.463606621666305,8.397125046886137,0
0,0,1,10,1,0,0,0,1,1,1,0,0,1,91.1,964.35,0,0,1,0,0,1,0,0,4,1,1,0.0,91.1,87.66818181818182,4.522874943261261,6.872490729881826,0
0,1,1,29,1,0,0,0,0,0,0,0,0,1,70.75,1974.8,1,1,1,0,0,1,0,0,1,3,0,0.0,70.75,65.82666666666667,4.273187854639731,7.588728658610374,0
0,1,1,72,1,0,0,0,0,0,0,0,2,0,20.1,1460.85,0,0,0,1,0,0,0,1,1,4,0,40.2,0.0,20.011643835616436,3.0492730404820207,7.2874580358668615,0
0,1,1,47,1,0,0,0,0,0,0,0,1,0,20.05,951.55,0,1,0,1,0,0,1,0,1,4,0,20.05,0.0,19.823958333333334,3.0469005601283903,6.859142599061444,0
0,1,1,24,1,1,1,0,0,0,1,1,1,0,74.8,1821.2,0,1,0,0,0,0,1,0,5,2,0,74.8,0.0,72.848,4.328098292648326,7.507799841279758,0
0,0,0,65,1,1,0,0,0,0,0,0,1,0,24.8,1600.95,0,1,0,1,1,0,0,1,2,4,0,24.8,0.0,24.256818181818183,3.250374491927572,7.378976916154964,0
0,0,0,4,1,1,0,0,0,1,1,1,0,1,100.85,399.25,0,0,1,0,0,0,1,0,5,0,1,0.0,100.85,79.85,4.623501142672815,5.992089351876824,1
1,1,0,12,1,1,0,1,0,0,1,1,0,1,101.35,1218.55,1,1,1,0,0,1,0,0,5,1,1,0.0,101.35,93.73461538461538,4.628398312107299,7.106237217225485,0
0,0,0,1,1,1,1,0,0,0,0,0,0,1,81.7,81.7,1,1,1,0,0,1,0,0,3,0,0,0.0,81.7,40.85,4.415219602029645,4.415219602029645,1
0,0,0,33,1,0,0,0,0,0,0,0,0,0,68.25,2171.15,1,1,1,0,0,1,0,0,1,3,0,0.0,68.25,63.85735294117647,4.237723145067448,7.683472739442721,0
0,0,0,34,1,0,0,1,1,1,1,1,0,1,105.1,3634.8,0,0,1,0,0,1,0,0,6,3,1,0.0,105.1,103.85142857142857,4.664382045619937,8.198584448283961,0
0,1,0,14,1,0,0,0,0,0,0,0,2,0,20.4,292.4,0,0,0,1,0,0,1,0,1,2,0,40.8,0.0,19.493333333333332,3.0633909220278057,5.681536865708881,0
0,0,0,4,1,0,0,0,0,0,0,1,0,1,79.15,317.25,1,0,1,0,0,1,0,0,2,0,0,0.0,79.15,63.45,4.383899879055562,5.762837237437516,1
0,1,1,13,1,0,0,0,0,0,0,0,1,0,20.0,218.55,0,1,0,1,0,0,1,0,1,2,0,20.0,0.0,15.610714285714286,3.044522437723423,5.391579997007726,0
0,1,1,65,1,1,0,1,0,1,1,1,2,1,79.4,5071.9,0,0,0,0,0,0,0,1,6,4,0,158.8,0.0,76.8469696969697,4.387014176184921,8.531667925170549,0
0,1,1,23,1,0,1,0,0,1,0,0,1,0,57.2,1423.35,0,1,0,0,1,0,0,1,3,2,0,57.2,0.0,59.30625,4.063885354737392,7.2614708482882175,0
0,1,0,55,1,0,1,1,1,0,0,0,2,0,58.6,3068.6,0,1,0,0,0,1,0,0,4,4,0,117.2,0.0,54.79642857142857,4.087655574071304,8.029302538932743,0
0,1,0,49,1,0,0,1,0,0,1,1,2,1,94.8,4690.65,0,1,1,0,0,1,0,0,4,4,1,189.6,94.8,93.81299999999999,4.562262684976814,8.453539611935604,0
0,1,0,60,1,1,0,1,1,0,1,1,1,0,102.5,6157.6,0,1,1,0,0,0,0,1,6,4,1,102.5,102.5,100.94426229508197,4.639571612705423,8.725604757969933,0
0,1,1,69,1,0,0,0,0,0,0,0,1,1,20.35,1442.65,0,0,0,1,1,0,0,1,1,4,0,20.35,0.0,20.609285714285715,3.0610517396746335,7.274929907801973,0
0,0,0,40,1,1,0,0,0,0,1,0,0,1,84.9,3369.05,0,1,1,0,0,1,0,0,3,4,0,0.0,84.9,82.1719512195122,4.45318382899021,8.122682860031595,0
0,1,0,67,1,0,1,1,0,1,0,1,2,1,69.2,4671.65,0,1,0,0,1,0,0,1,5,4,0,138.4,0.0,68.70073529411764,4.251348311031766,8.449481641543167,0
1,0,0,35,1,1,0,0,0,0,1,1,0,1,95.45,3474.05,1,1,1,0,0,1,0,0,4,3,1,0.0,95.45,96.5013888888889,4.569024739351738,8.153364146384588,0
0,1,1,19,1,1,0,0,0,1,1,1,1,1,100.95,1875.55,1,1,1,0,0,1,0,0,5,2,1,100.95,100.95,93.7775,4.624482497020464,7.537190263570481,0
0,1,1,13,1,0,0,0,0,0,0,0,2,0,20.85,272.35,0,0,0,1,0,0,1,0,1,2,0,41.7,0.0,19.45357142857143,3.084200921541599,5.610753025341008,0
0,0,1,41,1,1,0,1,0,0,1,0,0,1,88.5,3645.05,0,0,1,0,0,0,0,1,4,4,0,0.0,88.5,86.78690476190476,4.4942386252808095,8.201399668803381,0
0,0,0,4,0,0,1,0,1,0,0,0,0,0,35.0,135.75,0,0,0,0,0,0,1,0,2,0,0,0.0,0.0,27.15,3.58351893845611,4.91815444130209,1
0,1,1,24,1,0,1,0,0,1,0,0,0,0,55.15,1319.85,0,0,0,0,0,1,0,0,3,2,0,0.0,0.0,52.794,4.0280266811844525,7.186030747734346,0
0,0,0,5,0,0,0,1,0,0,1,1,0,1,50.95,229.4,0,0,0,0,1,0,0,1,3,0,0,0.0,0.0,38.233333333333334,3.9502817175452365,5.439816928821736,1
0,0,0,5,1,1,0,1,0,0,0,1,0,1,64.0,370.25,0,0,0,0,0,1,0,0,4,0,0,0.0,0.0,61.708333333333336,4.174387269895637,5.9168756901169095,1
0,1,1,1,1,0,0,0,0,0,0,0,0,1,69.1,69.1,1,0,1,0,0,0,1,0,1,0,0,0.0,69.1,34.55,4.249922794040544,4.249922794040544,1
0,1,1,72,1,1,1,1,1,1,1,0,2,0,80.2,5714.2,0,0,0,0,0,0,0,1,7,4,0,160.4,0.0,78.27671232876712,4.396915247167632,8.650884571242125,0
0,0,0,24,1,0,0,0,1,0,0,0,0,1,49.3,1233.25,0,0,0,0,1,0,0,1,2,2,0,0.0,0.0,49.33,3.9180050771056933,7.118218777138972,0
0,1,0,42,1,1,1,0,1,1,1,1,2,0,84.35,3571.6,0,0,0,0,1,0,0,1,7,4,0,168.7,0.0,83.06046511627906,4.4467604492404496,8.181048901014783,0
0,0,0,4,1,0,0,0,0,0,0,0,0,0,20.05,83.3,0,0,0,1,0,0,1,0,1,0,0,0.0,0.0,16.66,3.0469005601283903,4.4343818650078095,1
0,0,0,68,1,1,1,1,1,1,1,1,1,1,117.2,8035.95,0,1,1,0,1,0,0,1,8,4,1,117.2,117.2,116.46304347826087,4.772378104971998,8.99180493696654,0
0,1,1,33,1,0,0,0,0,0,0,0,1,0,20.1,579.4,0,0,0,1,0,0,1,0,1,3,0,20.1,0.0,17.041176470588233,3.0492730404820207,6.363717521010033,0
1,0,0,1,1,0,0,0,0,0,0,0,0,1,69.6,69.6,1,0,1,0,0,1,0,0,1,0,0,0.0,69.6,34.8,4.257030144499196,4.257030144499196,1
0,0,0,31,1,1,0,1,1,0,1,1,1,1,103.45,3066.45,1,1,1,0,0,1,0,0,6,3,1,103.45,103.45,95.8265625,4.648708488002574,8.02860187653372,0
0,0,0,4,1,1,0,1,0,0,0,0,0,0,77.95,305.55,1,0,1,0,0,0,0,1,3,0,0,0.0,77.95,61.11,4.3688147407016515,5.725380874208697,1
1,1,0,69,1,1,0,1,1,1,1,1,2,1,109.95,7634.25,0,1,1,0,0,1,0,0,7,4,1,219.9,109.95,109.06071428571428,4.709079649378603,8.940530961059032,0
1,0,0,38,1,1,0,0,0,0,1,1,0,0,94.75,3653.0,0,1,1,0,0,1,0,0,4,4,1,0.0,94.75,93.66666666666667,4.561740628060756,8.203577736937952,0
0,1,1,3,1,0,0,1,0,1,0,0,0,1,80.0,241.3,0,0,1,0,0,1,0,0,3,0,0,0.0,80.0,60.325,4.394449154672439,5.49017662782248,1
0,1,1,48,1,1,0,1,0,1,1,1,2,0,79.65,3870.3,0,0,0,0,0,1,0,0,6,4,0,159.3,0.0,78.9857142857143,4.390118804571218,8.2613456469289,0
0,1,0,15,1,1,0,0,0,0,0,0,2,0,25.2,387.9,0,0,0,1,0,0,1,0,2,2,0,50.4,0.0,24.24375,3.265759410767051,5.963322241161702,0
0,0,0,25,1,0,0,0,0,0,0,0,1,0,19.9,527.5,0,0,0,1,1,0,0,1,1,3,0,19.9,0.0,20.28846153846154,3.039749158970765,6.270042805310292,0
1,0,0,1,1,0,0,0,0,0,1,0,0,0,78.45,78.45,1,0,1,0,0,1,0,0,2,0,0,0.0,78.45,39.225,4.375127892982725,4.375127892982725,1
0,0,0,48,0,0,1,1,0,0,1,0,0,1,44.8,2104.55,0,0,0,0,0,1,0,0,3,4,0,0.0,0.0,42.95,3.824284091120139,7.652331994648445,0
0,0,0,1,1,0,0,0,0,0,0,0,0,0,20.3,20.3,0,1,0,1,0,0,1,0,1,0,0,0.0,0.0,10.15,3.0587070727153796,3.0587070727153796,1
0,0,0,1,1,0,0,0,0,0,0,0,0,0,19.2,19.2,0,1,0,1,0,1,0,0,1,0,0,0.0,0.0,9.6,3.005682604407159,3.005682604407159,1
0,0,0,37,1,0,0,1,1,0,0,0,1,0,80.05,3019.1,0,0,1,0,0,1,0,0,3,4,0,80.05,80.05,79.45,4.395066248181685,8.013045222403488,0
1,1,0,66,1,1,0,1,1,1,1,1,1,1,107.35,7051.95,0,1,1,0,0,0,0,1,7,4,1,107.35,107.35,105.25298507462686,4.685366727982368,8.861201248001143,0
0,1,0,26,0,0,1,1,1,0,1,0,1,0,47.85,1190.5,0,0,0,0,0,0,0,1,4,3,0,47.85,0.0,44.092592592592595,3.888754378488792,7.082968296538797,0
0,1,0,63,1,0,1,1,0,1,1,0,1,0,70.8,4448.8,0,1,0,0,1,0,0,1,5,4,0,70.8,0.0,69.5125,4.273884476054178,8.400614430330057,0
0,0,0,10,0,0,0,0,1,0,0,0,0,0,29.5,255.25,1,1,0,0,0,0,1,0,1,1,0,0.0,0.0,23.204545454545453,3.417726683613366,5.546153530452618,0
0,0,0,2,1,0,1,0,0,0,1,1,0,1,70.75,146.9,1,0,0,0,0,1,0,0,4,0,0,0.0,0.0,48.96666666666667,4.273187854639731,4.996536369716754,1
1,1,0,18,1,0,1,0,0,0,0,1,0,1,59.1,1011.05,0,1,0,0,1,0,0,1,3,2,0,0.0,0.0,53.21315789473684,4.096009841541162,6.919733255741544,0
0,1,0,64,1,1,0,0,0,0,0,0,2,0,25.55,1714.95,0,0,0,1,0,0,1,0,2,4,0,51.1,0.0,26.383846153846154,3.279029747687948,7.447722142094264,0
1,0,0,9,1,1,0,0,0,0,0,1,0,1,84.45,762.5,1,0,1,0,0,1,0,0,3,1,0,0.0,84.45,76.25,4.4479314095616,6.637913124658687,0
0,0,1,28,1,0,0,0,0,0,0,0,0,0,20.25,535.35,0,0,0,1,0,0,1,0,1,3,0,0.0,0.0,18.46034482758621,3.056356895370426,6.2847869330434385,0
0,0,0,1,1,0,0,0,1,0,0,0,0,0,75.55,75.55,0,0,1,0,0,1,0,0,2,0,0,0.0,75.55,37.775,4.337944122103693,4.337944122103693,1
0,0,0,4,1,1,0,0,0,0,0,1,0,1,85.65,338.9,1,1,1,0,0,1,0,0,3,0,0,0.0,85.65,67.78,4.4618770161616155,5.828651456702071,1
1,0,0,38,1,0,0,1,1,1,1,0,1,1,70.15,2497.35,1,1,0,0,1,0,0,1,5,4,0,70.15,0.0,64.03461538461538,4.264790324535862,7.823385792960413,0
0,1,0,66,1,1,0,1,1,0,0,1,1,0,95.3,6273.4,0,1,1,0,0,1,0,0,5,4,1,95.3,95.3,93.63283582089552,4.56746831880408,8.744233141898457,0
0,0,0,1,1,0,0,0,0,0,0,0,0,1,70.25,70.25,0,0,1,0,0,1,0,0,1,0,0,0.0,70.25,35.125,4.26619481914876,4.26619481914876,1
0,1,0,18,1,0,0,0,0,1,0,0,0,1,50.3,908.75,0,0,0,0,0,0,1,0,2,2,0,0.0,0.0,47.828947368421055,3.937690752176724,6.8131698364922695,0
1,0,0,51,1,1,0,0,1,0,1,1,0,1,97.8,4913.3,1,1,1,0,0,1,0,0,5,4,1,0.0,97.8,94.48653846153846,4.593097604753822,8.499904601278695,0
0,1,1,0,1,0,0,0,0,0,0,0,2,0,19.85,0.0,0,1,0,1,0,0,1,0,1,0,0,39.7,0.0,0.0,3.0373539482448106,0.0,1
0,0,0,1,1,0,0,0,0,0,0,0,0,0,46.3,46.3,1,1,0,0,0,0,1,0,1,0,0,0.0,0.0,23.15,3.856510295497887,3.856510295497887,1
0,0,1,12,1,0,0,0,0,0,0,0,2,0,19.35,212.3,0,1,0,1,0,0,0,1,1,1,0,38.7,0.0,16.33076923076923,3.013080911888604,5.362699625477305,0
0,0,0,41,1,1,0,1,1,0,1,1,0,1,106.3,4443.45,1,0,1,0,0,1,0,0,6,4,1,0.0,106.3,105.79642857142856,4.675628649636653,8.399411405759073,0
0,0,0,12,1,1,0,0,0,0,0,0,0,0,25.0,316.2,0,1,0,1,0,1,0,0,2,1,0,0.0,0.0,24.323076923076922,3.258096538021482,5.7595324897606925,0
0,1,1,55,1,0,0,0,0,0,0,0,2,0,20.3,1079.05,0,0,0,1,0,0,1,0,1,4,0,40.6,0.0,19.26875,3.0587070727153796,6.984762615342921,0
0,0,0,7,1,1,0,0,0,0,0,0,0,1,75.35,564.65,0,0,1,0,0,1,0,0,2,1,0,0.0,75.35,70.58125,4.335328031664641,6.337975512372476,0
0,0,0,12,1,0,0,0,1,1,0,1,0,1,89.4,1095.65,1,0,1,0,0,1,0,0,4,1,0,0.0,89.4,84.28076923076924,4.504244267398131,7.000015357407435,0
0,1,1,68,1,1,1,1,1,1,1,1,2,0,88.0,6161.9,0,0,0,0,1,0,0,1,8,4,0,176.0,0.0,89.30289855072463,4.48863636973214,8.726302724966574,0
1,0,0,5,1,1,0,0,0,0,1,0,0,1,83.15,446.05,1,0,1,0,1,0,0,1,3,0,0,0.0,83.15,74.34166666666667,4.432600920636815,6.102670445181327,1
1,0,0,49,1,0,0,0,0,0,0,0,0,0,43.8,2106.05,0,0,0,0,0,0,1,0,1,4,0,0.0,0.0,42.121,3.8022081394209395,7.653044143945029,0
0,0,0,40,0,0,1,1,1,0,1,1,1,0,62.05,2511.55,0,1,0,0,1,0,0,1,5,4,0,62.05,0.0,61.25731707317074,4.143928062410929,7.829053452666831,0
0,0,0,16,1,0,0,0,0,0,0,0,1,0,20.1,318.6,0,0,0,1,0,0,0,1,1,2,0,20.1,0.0,18.741176470588236,3.0492730404820207,5.7670702138921195,0
0,0,0,10,1,1,0,0,0,0,0,0,0,1,74.15,811.8,1,1,1,0,0,0,1,0,2,1,0,0.0,74.15,73.8,4.319486116198983,6.700485076824218,0
0,1,0,72,1,1,0,1,1,0,1,1,1,1,101.35,7323.15,0,0,1,0,0,1,0,0,6,4,1,101.35,101.35,100.31712328767122,4.628398312107299,8.898932386196364,0
1,0,0,2,1,1,0,0,0,0,0,1,0,1,84.05,186.05,0,0,1,0,0,1,0,0,3,0,0,0.0,84.05,62.01666666666667,4.44323931884187,5.231375960794155,1
0,1,1,23,1,0,0,0,0,0,0,0,2,0,20.9,454.0,0,1,0,1,0,0,1,0,1,2,0,41.8,0.0,18.916666666666668,3.086486636822455,6.12029741895095,0
1,0,0,71,1,1,0,1,1,0,1,1,1,1,105.9,7521.95,0,0,1,0,0,1,0,0,6,4,1,105.9,105.9,104.47152777777778,4.671893818030999,8.925713627253408,0
0,1,0,11,1,1,0,0,1,0,1,1,0,1,99.5,1056.95,1,0,1,0,0,1,0,0,5,1,1,0.0,99.5,88.07916666666667,4.61015772749913,6.964088352322298,0
0,0,0,1,1,0,0,0,0,0,0,0,0,1,44.15,44.15,1,1,0,0,0,0,1,0,1,0,0,0.0,0.0,22.075,3.8099902798629945,3.8099902798629945,1
0,0,0,16,1,0,0,1,0,1,0,0,0,1,53.9,834.15,1,0,0,0,0,0,1,0,3,2,0,0.0,0.0,49.067647058823525,4.005513348515485,6.727611349435956,0
0,0,0,1,1,1,0,0,0,0,0,1,0,1,85.45,85.45,1,0,1,0,0,0,1,0,3,0,0,0.0,85.45,42.725,4.4595662121293,4.4595662121293,1
0,1,0,12,1,0,0,1,0,0,0,1,0,1,85.05,999.8,0,1,1,0,1,0,0,1,3,1,0,0.0,85.05,76.9076923076923,4.454928522657548,6.908554959152701,0
0,0,0,54,0,0,1,0,0,1,0,1,1,0,44.1,2369.7,0,0,0,0,0,0,0,1,3,4,0,44.1,0.0,43.08545454545454,3.8088822465086327,7.770940549169187,0
0,1,0,68,1,1,0,1,1,1,0,0,2,0,90.2,6297.65,0,0,1,0,1,0,0,1,5,4,1,180.4,90.2,91.27028985507246,4.513054897080286,8.748090603702874,0
0,1,1,4,1,1,0,0,0,0,0,0,0,0,50.85,239.55,1,0,0,0,0,0,1,0,2,0,0,0.0,0.0,47.910000000000004,3.948354934675536,5.482927968145463,1
0,0,1,1,1,0,0,0,1,0,0,1,0,0,59.2,59.2,1,0,0,0,0,1,0,0,3,0,0,0.0,0.0,29.6,4.097672352314776,4.097672352314776,1
0,0,0,27,1,0,1,0,0,1,0,0,0,0,53.45,1461.45,0,1,0,0,0,0,1,0,3,3,0,0.0,0.0,52.19464285714286,3.9972828493789696,7.287868390487399,0
0,0,0,21,1,0,0,0,0,0,0,0,0,1,19.95,416.4,0,1,0,1,0,0,1,0,1,2,0,0.0,0.0,18.927272727272726,3.0421386463681466,6.0340449946431,0
0,0,0,13,1,0,0,0,1,0,1,0,0,1,83.2,1060.6,1,1,1,0,0,1,0,0,3,2,0,0.0,83.2,75.75714285714285,4.4331949212482815,6.967532483017997,0
1,0,0,64,1,1,0,1,1,1,0,1,0,0,74.65,4869.35,0,0,0,0,1,0,0,1,6,4,0,0.0,0.0,74.91307692307693,4.326117440234365,8.490921082077374,0
0,0,0,1,1,0,1,1,0,0,0,0,0,1,54.9,54.9,1,0,0,0,0,1,0,0,3,0,0,0.0,0.0,27.45,4.023564380161053,4.023564380161053,1
0,1,0,57,0,0,0,1,1,1,1,1,2,1,57.5,3265.95,0,1,0,0,0,0,0,1,5,4,0,115.0,0.0,56.30948275862069,4.069026754237811,8.091612106923195,0
0,1,0,21,1,1,1,0,1,0,1,1,0,1,103.9,2254.2,1,0,1,0,0,1,0,0,6,2,1,0.0,103.9,102.46363636363635,4.653007515402251,7.720993939799903,0
0,0,0,19,1,0,0,0,0,0,0,0,2,0,19.65,358.15,0,1,0,1,0,0,1,0,1,2,0,39.3,0.0,17.9075,3.027715319407042,5.88374012852081,0
0,1,0,31,1,0,0,0,1,0,1,1,1,1,93.8,2939.8,0,1,1,0,0,1,0,0,4,3,1,93.8,93.8,91.86875,4.551769409260976,7.986436932161368,0
0,0,0,52,1,1,1,1,1,1,1,1,2,1,89.25,4652.4,0,1,0,0,0,0,1,0,8,4,0,178.5,0.0,87.78113207547169,4.502583597212991,8.445353414193193,0
0,0,0,46,1,1,0,1,1,0,0,1,1,1,94.15,4408.45,0,0,1,0,0,1,0,0,5,4,1,94.15,94.15,93.7968085106383,4.555454593742159,8.391505244109847,0
1,0,0,11,1,1,1,0,0,0,0,0,0,1,55.6,580.8,0,0,0,0,0,1,0,0,3,1,0,0.0,0.0,48.4,4.036008985209137,6.366126746061101,0
0,1,1,53,0,0,1,1,1,0,0,1,0,1,48.7,2495.2,0,0,0,0,0,0,0,1,4,4,0,0.0,0.0,46.2074074074074,3.906004933102583,7.822524854484353,0
0,1,1,11,1,0,0,0,0,0,0,0,0,1,19.25,180.3,1,0,0,1,0,0,1,0,1,1,0,0.0,0.0,15.025,3.0081547935525483,5.200153117760806,0
1,0,0,57,1,1,0,1,0,1,1,1,0,1,104.9,5913.95,0,1,1,0,0,0,0,1,6,4,1,0.0,104.9,101.96465517241379,4.662495252607361,8.685238323291383,0
1,0,0,2,1,1,0,0,0,0,0,0,0,1,75.45,158.4,1,0,1,0,0,0,1,0,2,0,0,0.0,75.45,52.800000000000004,4.336636932375072,5.071416766356115,1
1,0,0,2,1,0,1,1,0,0,0,0,0,0,54.85,104.2,1,0,0,0,0,0,1,0,3,0,0,0.0,0.0,34.733333333333334,4.02266952551521,4.65586330030361,1
0,1,1,71,1,0,0,0,0,0,0,0,2,0,19.9,1389.35,0,0,0,1,0,0,0,1,1,4,0,39.8,0.0,19.296527777777776,3.039749158970765,7.237310792989951,0
0,1,1,1,1,0,0,0,0,0,0,0,0,1,19.4,19.4,0,0,0,1,0,0,1,0,1,0,0,0.0,0.0,9.7,3.0155349008501706,3.0155349008501706,1
0,1,0,68,1,1,0,0,0,0,0,0,2,0,25.05,1629.2,0,1,0,1,1,0,0,1,2,4,0,50.1,0.0,23.61159420289855,3.260017768199376,7.396457985660357,0
0,1,0,72,1,0,1,1,1,1,1,1,2,0,84.45,6033.1,0,1,0,0,0,0,1,0,7,4,0,168.9,0.0,82.64520547945206,4.4479314095616,8.705181992336072,0
0,0,0,2,1,0,0,0,0,0,0,0,0,0,19.3,44.4,0,0,0,1,0,0,1,0,1,0,0,0.0,0.0,14.799999999999999,3.0106208860477417,3.8155121050473024,1
1,1,0,1,1,1,0,0,0,0,1,1,0,1,95.1,95.1,1,1,1,0,0,1,0,0,4,0,1,0.0,95.1,47.55,4.565389315976247,4.565389315976247,1
0,0,0,41,1,0,1,0,1,1,1,1,1,1,79.85,3320.75,0,0,0,0,0,0,0,1,6,4,0,79.85,0.0,79.06547619047619,4.392595586023115,8.108247031471418,0
0,1,1,72,1,1,0,0,0,0,0,0,2,0,25.55,1867.7,0,1,0,1,1,0,0,1,2,4,0,51.1,0.0,25.584931506849315,3.279029747687948,7.53299828092821,0
0,1,0,6,1,1,0,0,0,0,0,0,0,1,75.5,438.0,1,1,1,0,0,1,0,0,2,0,0,0.0,75.5,62.57142857142857,4.33729074083249,6.0844994130751715,1
0,1,1,4,1,0,0,0,1,0,0,0,0,1,73.75,325.45,1,0,1,0,0,1,0,0,2,0,0,0.0,73.75,65.09,4.314149212270796,5.788276797632642,1
0,0,0,12,1,1,0,0,0,0,1,1,0,1,96.05,1148.1,1,1,1,0,0,1,0,0,4,1,1,0.0,96.05,88.3153846153846,4.57522630961502,7.046734306263588,0
0,1,0,58,1,1,1,0,0,1,0,1,1,1,68.4,3972.25,0,0,0,0,0,1,0,0,5,4,0,68.4,0.0,67.32627118644068,4.239886867512759,8.287339678576929,0
0,0,0,7,1,0,0,0,0,0,0,0,0,0,20.65,155.9,0,0,0,1,0,0,1,0,1,1,0,0.0,0.0,19.4875,3.075005454448499,5.055608659738987,0
0,1,0,65,1,0,1,0,1,0,0,0,0,1,55.15,3673.15,0,0,0,0,0,0,1,0,3,4,0,0.0,0.0,55.65378787878788,4.0280266811844525,8.20907709237769,0
0,0,0,1,1,0,0,0,0,0,0,0,0,1,70.6,70.6,0,1,1,0,0,0,1,0,1,0,0,0.0,70.6,35.3,4.2710950739666,4.2710950739666,1
0,1,0,56,1,0,0,0,0,0,0,0,1,0,19.95,1126.75,0,1,0,1,1,0,0,1,1,4,0,19.95,0.0,19.767543859649123,3.0421386463681466,7.027979776288506,0
0,0,0,4,1,0,0,0,0,0,0,0,0,0,19.0,73.45,0,1,0,1,0,0,1,0,1,0,0,0.0,0.0,14.690000000000001,2.995732273553991,4.310127759130018,1
0,1,1,58,1,0,0,0,0,0,0,0,1,1,44.1,2413.05,0,0,0,0,0,0,1,0,1,4,0,44.1,0.0,40.89915254237288,3.8088822465086327,7.789061113953332,0
0,1,0,62,1,1,0,0,1,1,1,1,2,1,107.6,6912.7,0,1,1,0,0,0,0,1,6,4,1,215.2,107.6,109.72539682539683,4.687671407499835,8.84126022931745,0
0,0,0,26,1,1,1,1,0,0,0,0,1,0,61.55,1581.95,0,1,0,0,0,1,0,0,4,3,0,61.55,0.0,58.59074074074074,4.13596623691292,7.367045473785209,0
0,0,0,62,1,1,1,1,1,0,0,0,0,0,90.7,5586.45,0,1,1,0,0,0,0,1,5,4,1,0.0,90.7,88.67380952380952,4.51852237926242,8.628278290335924,0
0,1,1,58,1,0,1,1,0,0,1,1,1,0,99.25,5846.65,0,0,1,0,1,0,0,1,5,4,1,99.25,99.25,99.0957627118644,4.6076670661866785,8.673795150117357,0
0,1,0,68,1,1,1,1,1,1,1,1,2,1,91.7,6424.7,0,0,0,0,0,1,0,0,8,4,1,183.4,0.0,93.11159420289854,4.529368472571809,8.768060853245206,0
0,1,1,61,1,1,1,1,1,0,0,1,1,1,100.7,6018.65,0,0,1,0,1,0,0,1,6,4,1,100.7,100.7,97.07499999999999,4.622027303054514,8.702784397077815,0
0,0,0,42,1,1,0,0,1,1,1,1,2,1,78.45,3373.4,0,0,0,0,1,0,0,1,6,4,0,156.9,0.0,78.45116279069768,4.375127892982725,8.12397280972451,0
0,0,0,18,1,1,0,0,0,0,1,0,0,0,84.3,1537.9,0,1,1,0,0,0,0,1,3,2,0,0.0,84.3,80.9421052631579,4.446174454497633,7.338823154469806,0
0,0,0,56,1,0,0,0,0,0,0,0,2,1,19.55,1080.55,0,0,0,1,0,0,0,1,1,4,0,39.1,0.0,18.95701754385965,3.022860940942244,6.98615047640951,0
0,0,0,4,1,1,0,1,0,0,0,1,0,1,88.95,355.2,1,0,1,0,0,1,0,0,4,0,0,0.0,88.95,71.03999999999999,4.499253960396542,5.875492370855561,1
0,0,0,4,1,0,0,0,0,0,0,0,0,0,20.45,82.85,0,0,0,1,1,0,0,1,1,0,0,0.0,0.0,16.57,3.065724645374026,4.429029488269218,1
0,0,1,35,1,0,1,1,0,0,0,0,1,0,55.6,2016.45,0,0,0,0,1,0,0,1,3,3,0,55.6,0.0,56.0125,4.036008985209137,7.6095896166895365,0
0,1,1,64,1,1,1,0,0,1,0,0,0,1,86.8,5327.25,0,0,1,0,0,0,0,1,4,4,0,0.0,86.8,81.95769230769231,4.475061500641071,8.580778133041347,0
0,0,0,31,1,0,0,0,0,0,0,0,1,0,20.95,683.25,0,0,0,1,0,0,1,0,1,3,0,20.95,0.0,21.3515625,3.08876713952118,6.5283233479207885,0
1,1,0,67,1,0,0,0,0,0,0,0,2,1,20.05,1263.05,0,0,0,1,0,0,0,1,1,4,0,40.1,0.0,18.574264705882353,3.0469005601283903,7.142076130886472,0
0,0,0,4,1,0,0,1,0,0,0,0,0,0,50.7,151.3,1,0,0,0,1,0,0,1,2,0,0,0.0,0.0,30.26,3.9454577815143836,5.025852259901116,1
1,1,0,70,1,1,1,1,1,1,1,1,2,1,113.65,7714.65,0,0,1,0,0,1,0,0,8,4,1,227.3,113.65,108.65704225352113,4.741884009303914,8.951006012706504,0
0,0,0,3,1,0,0,0,0,0,1,0,0,0,53.4,188.7,1,1,0,0,1,0,0,1,2,0,0,0.0,0.0,47.175,3.996364153861897,5.245443876940969,1
1,1,0,53,1,1,0,1,0,0,1,1,0,1,101.9,5549.4,1,1,1,0,0,1,0,0,5,4,1,0.0,101.9,102.76666666666667,4.633757642840004,8.621625276215486,0
0,1,1,2,1,0,1,1,0,1,0,0,2,0,59.5,130.5,0,1,0,0,0,0,1,0,4,0,0,119.0,0.0,43.5,4.102643365036796,4.879006851617819,1
0,1,1,29,1,0,0,0,0,0,1,1,0,1,87.8,2621.75,0,0,1,0,1,0,0,1,3,3,0,0.0,87.8,87.39166666666667,4.486386649998124,7.871978664611595,0
0,0,0,47,0,0,1,0,1,1,0,0,2,0,41.9,1875.25,0,0,0,0,0,0,1,0,3,4,0,83.8,0.0,39.067708333333336,3.758871825933971,7.5370303829476715,0
0,1,1,68,1,1,0,0,0,0,1,0,1,1,83.0,5685.8,1,0,1,0,0,1,0,0,3,4,0,83.0,83.0,82.40289855072464,4.430816798843313,8.645902978761542,0
0,0,1,12,1,0,1,0,0,0,1,1,0,1,69.85,837.5,0,1,0,0,0,0,1,0,4,1,0,0.0,0.0,64.42307692307692,4.260564966136689,6.731614581263264,0
0,1,1,8,1,0,0,1,0,1,0,0,0,0,56.3,401.5,0,0,0,0,0,0,0,1,3,1,0,0.0,0.0,44.611111111111114,4.048300623720694,5.997695096858618,0
0,1,0,54,1,1,1,1,1,0,1,1,0,0,109.55,6118.95,0,1,1,0,0,1,0,0,7,4,1,0.0,109.55,111.25363636363636,4.705467907303455,8.719309205538357,0
0,1,1,69,1,0,0,1,0,1,1,0,2,1,92.15,6480.9,0,1,1,0,0,0,1,0,4,4,1,184.3,92.15,92.58428571428571,4.5342110970475975,8.776768956245249,0
0,0,0,26,1,1,1,1,0,0,1,0,0,1,69.5,1800.05,0,0,0,0,0,0,0,1,5,3,0,0.0,0.0,66.66851851851851,4.255612709818223,7.496125107144836,0
0,1,0,72,1,1,1,1,1,1,0,0,2,1,97.0,7104.2,0,0,1,0,0,0,0,1,6,4,1,194.0,97.0,97.31780821917808,4.584967478670572,8.86858218932573,0
0,0,0,70,0,0,1,0,1,1,1,1,2,1,58.35,4214.25,0,0,0,0,0,0,0,1,5,4,0,116.7,0.0,59.355633802816904,4.083452121055677,8.34646418065809,0
0,0,1,1,1,0,1,0,0,0,0,0,0,0,50.6,50.6,1,1,0,0,0,0,1,0,2,0,0,0.0,0.0,25.3,3.9435216724875173,3.9435216724875173,1
0,0,0,10,1,0,0,0,0,0,1,1,0,1,89.5,863.1,1,1,1,0,0,1,0,0,3,1,0,0.0,89.5,78.46363636363637,4.505349850705881,6.7616885028473535,0
0,1,1,28,1,0,0,0,0,0,0,0,1,1,70.4,1992.2,0,0,1,0,0,0,0,1,1,3,0,70.4,70.4,68.69655172413793,4.268297869345539,7.59749666640725,0
0,0,0,1,1,0,0,0,0,0,0,0,0,1,69.8,69.8,1,1,1,0,0,1,0,0,1,0,0,0.0,69.8,34.9,4.259859000699674,4.259859000699674,1
0,1,0,21,1,1,0,0,0,0,1,1,0,1,94.3,1948.35,0,0,1,0,0,1,0,0,4,2,1,0.0,94.3,88.56136363636364,4.557029810660157,7.575251262656555,0
1,1,0,51,1,1,1,0,1,0,1,0,0,1,93.8,4750.95,1,1,1,0,0,0,0,1,5,4,1,0.0,93.8,91.36442307692307,4.551769409260976,8.466310339101604,0
0,1,1,53,1,0,0,0,0,0,0,0,1,0,19.55,1007.9,0,0,0,1,0,0,0,1,1,4,0,19.55,0.0,18.664814814814815,3.022860940942244,6.916615907414333,0
0,0,1,53,1,0,1,1,1,0,0,1,1,0,95.95,5036.9,0,1,1,0,0,1,0,0,5,4,1,95.95,95.95,93.27592592592592,4.574195381688661,8.524744607569072,0
0,1,0,24,1,1,0,0,1,0,1,1,0,1,101.05,2391.8,1,1,1,0,0,1,0,0,5,2,1,0.0,101.05,95.67200000000001,4.625462889255854,7.7802195073157385,0
0,1,0,70,1,1,1,1,1,1,1,1,2,1,94.8,6859.05,0,0,0,0,1,0,0,1,8,4,1,189.6,0.0,96.60633802816902,4.562262684976814,8.833470009323106,0
0,0,0,61,1,1,1,1,1,0,1,1,1,1,107.75,6521.9,0,1,1,0,0,1,0,0,7,4,1,107.75,107.75,105.19193548387096,4.689051669968793,8.783074341309122,0
0,0,0,11,1,0,1,0,0,1,0,0,1,1,54.6,617.85,0,0,0,0,0,0,1,0,3,1,0,54.6,0.0,51.487500000000004,4.018183201256536,6.427862916986031,0
0,0,0,2,1,0,0,0,0,0,0,0,0,1,71.3,157.75,0,1,1,0,1,0,0,1,1,0,0,0.0,71.3,52.583333333333336,4.280824129164719,5.067330637772801,1
0,0,0,25,1,0,0,0,0,0,0,0,1,1,19.5,516.3,0,1,0,1,0,0,0,1,1,3,0,19.5,0.0,19.857692307692307,3.0204248861443626,6.248622977009469,0
0,0,0,41,1,1,0,1,0,0,0,0,1,1,56.3,2364.0,0,0,0,0,1,0,0,1,3,4,0,56.3,0.0,56.285714285714285,4.048300623720694,7.768533300926033,0
0,1,0,18,1,1,0,0,0,0,1,1,0,1,94.7,1687.95,1,1,1,0,0,1,0,0,4,2,1,0.0,94.7,88.83947368421053,4.5612182984589085,7.431862313054042,0
1,1,0,72,1,1,0,1,1,0,1,1,2,1,104.15,7689.95,1,1,1,0,0,0,0,1,6,4,1,208.3,104.15,105.34178082191781,4.655387902148709,8.947799591930734,0
0,1,1,71,1,1,1,1,1,1,1,1,2,1,90.55,6239.05,0,0,0,0,1,0,0,1,8,4,1,181.1,0.0,86.65347222222222,4.51688527112052,8.738743474151883,0
0,1,1,34,1,0,1,1,1,0,0,0,1,1,60.8,2042.05,0,0,0,0,0,0,1,0,4,3,0,60.8,0.0,58.34428571428571,4.123903364463645,7.622199068331163,0
0,0,0,29,1,0,0,0,1,1,1,1,0,1,98.8,2807.1,0,1,1,0,1,0,0,1,5,3,1,0.0,98.8,93.57,4.603168183317418,7.940263377047203,0
1,1,0,40,1,0,1,1,1,1,1,0,1,1,98.15,4116.8,0,1,1,0,1,0,0,1,6,4,1,98.15,98.15,100.40975609756099,4.5966338549658055,8.323074319142645,0
0,1,0,36,0,0,1,0,1,0,0,0,1,0,35.35,1317.95,0,1,0,0,0,0,1,0,2,3,0,35.35,0.0,35.62027027027027,3.5931942039795284,7.184591244493121,0
0,1,0,46,1,1,0,1,0,1,1,1,1,1,103.15,4594.65,0,0,1,0,0,1,0,0,6,4,1,103.15,103.15,97.75851063829786,4.645832167706981,8.43286548289217,0
0,0,0,58,1,1,1,1,1,0,1,1,1,1,107.75,6332.75,0,0,1,0,0,1,0,0,7,4,1,107.75,107.75,107.33474576271186,4.689051669968793,8.75364775679012,0
0,0,0,39,1,1,0,1,0,0,0,0,1,0,81.4,3213.75,0,1,1,0,1,0,0,1,3,4,0,81.4,81.4,80.34375,4.411585436915426,8.075504873150548,0
0,1,1,4,1,0,0,0,0,1,0,1,0,0,61.45,229.55,1,1,0,0,1,0,0,1,3,0,0,0.0,0.0,45.910000000000004,4.134366236571586,5.440467758652715,1
0,1,1,52,1,1,0,1,1,0,1,0,1,1,95.7,4976.15,0,0,1,0,1,0,0,1,5,4,1,95.7,95.7,93.88962264150943,4.571613402459248,8.512612717042128,0
1,1,0,70,1,1,0,1,1,0,1,1,1,1,104.8,7308.95,0,1,1,0,0,1,0,0,6,4,1,104.8,104.8,102.94295774647887,4.661550519424199,8.89699171277515,0
1,1,0,65,1,0,0,0,0,0,0,0,1,1,70.95,4555.2,0,1,1,0,0,0,0,1,1,4,0,70.95,70.95,69.01818181818182,4.2759714333333765,8.424244221759855,0
0,0,0,1,1,0,0,0,0,0,0,0,0,1,44.95,44.95,0,1,0,0,0,0,1,0,1,0,0,0.0,0.0,22.475,3.827553848801696,3.827553848801696,1
0,1,0,70,1,1,0,0,1,0,1,1,1,1,97.65,6982.5,0,0,1,0,0,1,0,0,5,4,1,97.65,97.65,98.34507042253522,4.591578232468624,8.851305502745825,0
1,1,1,29,0,0,0,1,1,0,0,0,0,1,35.65,1025.15,0,0,0,0,0,0,1,0,2,3,0,0.0,0.0,34.17166666666667,3.6014134283326604,6.933569213875117,0
0,0,0,1,1,0,0,0,0,0,1,1,0,1,90.55,90.55,1,1,1,0,0,1,0,0,3,0,1,0.0,90.55,45.275,4.51688527112052,4.51688527112052,1
0,0,0,67,1,1,1,0,1,1,1,1,2,1,85.25,5714.2,0,0,0,0,0,0,1,0,7,4,0,170.5,0.0,84.03235294117647,4.457250055911469,8.650884571242125,0
0,0,0,1,1,0,0,0,0,0,0,0,0,1,19.5,19.5,0,0,0,1,0,0,1,0,1,0,0,0.0,0.0,9.75,3.0204248861443626,3.0204248861443626,1
0,0,0,26,1,0,0,0,0,0,1,1,0,1,88.8,2274.35,1,0,1,0,0,0,0,1,3,3,0,0.0,88.8,84.23518518518519,4.497584975308154,7.729889165705791,0
0,1,1,30,1,1,0,0,0,0,0,0,2,1,25.1,789.55,0,0,0,1,0,0,1,0,2,3,0,50.2,0.0,25.469354838709677,3.261935314328648,6.672728905756154,0
0,1,0,48,1,0,0,0,1,1,1,1,0,1,100.05,4834.0,0,0,1,0,1,0,0,1,5,4,1,0.0,100.05,98.65306122448979,4.61561544384963,8.483636407887394,0
0,1,1,55,1,0,1,1,0,0,0,0,0,0,55.7,3131.8,0,0,0,0,0,1,0,0,3,4,0,0.0,0.0,55.925000000000004,4.037774210733707,8.04968245233619,0
0,0,0,7,1,1,0,0,0,0,0,1,0,1,85.2,602.55,1,1,1,0,0,0,1,0,3,1,0,0.0,85.2,75.31875,4.456670177669648,6.402828887147136,0
0,0,0,37,1,1,1,0,0,0,1,0,0,1,91.15,3369.25,0,1,1,0,0,1,0,0,4,4,1,0.0,91.15,88.66447368421052,4.523417684115833,8.122742204571173,0
0,1,0,31,1,0,0,1,0,0,0,1,0,1,83.85,2674.15,0,0,1,0,0,0,0,1,3,3,0,0.0,83.85,83.5671875,4.440884991680235,7.8917607325243315,0
0,0,0,4,1,0,0,0,0,0,0,0,0,1,45.9,199.75,0,1,0,0,0,1,0,0,1,0,0,0.0,0.0,39.95,3.8480176754522337,5.302060352826871,1
0,1,1,72,1,1,0,0,0,0,0,0,2,1,25.1,1790.8,0,1,0,1,1,0,0,1,2,4,0,50.2,0.0,24.53150684931507,3.261935314328648,7.490975980163478,0
1,0,0,5,1,0,0,0,0,0,1,1,0,1,91.4,449.75,1,1,1,0,0,1,0,0,3,0,1,0.0,91.4,74.95833333333333,4.526126978647638,6.110912862083427,1
0,1,1,1,1,0,0,0,0,0,0,0,0,0,19.7,19.7,0,1,0,1,0,0,1,0,1,0,0,0.0,0.0,9.85,3.0301337002713233,3.0301337002713233,1
1,0,0,15,1,0,0,0,0,0,1,1,0,1,91.5,1400.3,0,0,1,0,0,1,0,0,3,2,1,0.0,91.5,87.51875,4.52720864451838,7.245155656176172,0
0,1,1,8,1,0,1,0,0,0,0,0,0,1,51.3,411.6,0,1,0,0,1,0,0,1,2,1,0,0.0,0.0,45.733333333333334,3.9569963710708773,6.022478600637151,0
0,0,0,35,1,0,0,0,0,0,0,0,1,0,21.1,741.0,0,0,0,1,0,0,1,0,1,3,0,21.1,0.0,20.583333333333332,3.095577608523707,6.60934924316738,0
1,0,0,56,1,1,0,1,1,0,1,1,0,0,104.75,5841.35,0,0,1,0,0,1,0,0,6,4,1,0.0,104.75,102.47982456140352,4.661077817926388,8.672888392142482,0
0,1,0,42,1,1,0,0,1,1,1,1,0,1,106.15,4512.7,1,1,1,0,0,0,0,1,6,4,1,0.0,106.15,104.94651162790697,4.674229721919586,8.414872495266398,0
1,1,1,65,1,1,1,1,0,0,0,0,0,1,85.75,5688.45,0,1,1,0,0,1,0,0,4,4,0,0.0,85.75,86.18863636363636,4.4630304188269685,8.646368861639983,0
0,1,1,2,1,0,0,0,0,0,0,0,1,0,20.3,31.9,0,0,0,1,0,0,1,0,1,0,0,20.3,0.0,10.633333333333333,3.0587070727153796,3.493472657771326,1
1,1,0,65,1,1,1,0,0,0,1,1,1,1,100.75,6674.65,0,1,1,0,0,1,0,0,5,4,1,100.75,100.75,101.1310606060606,4.622518824322705,8.806221856804648,0
0,0,0,18,1,1,0,0,0,0,0,0,0,1,74.15,1345.75,0,0,1,0,0,1,0,0,2,2,0,0.0,74.15,70.82894736842105,4.319486116198983,7.205449561560643,0
0,0,0,23,1,1,1,0,1,0,1,1,1,1,78.55,1843.05,0,0,0,0,0,1,0,0,6,2,0,78.55,0.0,76.79375,4.376385754783795,7.519719518716397,0
0,0,0,4,1,0,0,0,0,0,0,0,0,1,45.3,196.95,1,0,0,0,0,0,1,0,1,0,0,0.0,0.0,39.39,3.835141961092188,5.288014473552139,1
0,1,0,70,1,0,0,0,0,0,0,0,2,0,19.85,1433.8,0,1,0,1,1,0,0,1,1,4,0,39.7,0.0,20.194366197183097,3.0373539482448106,7.268780745658128,0
0,0,0,4,1,1,0,0,0,0,0,0,0,0,50.7,214.55,0,0,0,0,0,1,0,0,2,0,0,0.0,0.0,42.910000000000004,3.9454577815143836,5.373192901193144,1
0,0,0,19,1,0,0,0,0,0,0,0,0,1,45.0,865.85,0,1,0,0,0,0,0,1,1,2,0,0.0,0.0,43.292500000000004,3.828641396489095,6.764865951431896,0
0,0,0,18,1,0,0,1,1,0,0,0,0,0,77.8,1358.6,0,0,1,0,0,1,0,0,3,2,0,0.0,77.8,71.50526315789473,4.366912996863833,7.2149458178219605,0
1,1,0,38,1,0,1,0,0,0,0,1,0,1,83.45,3147.15,0,0,1,0,0,1,0,0,3,4,0,0.0,83.45,80.69615384615385,4.436159643253809,8.054570257703245,0
0,0,0,2,1,1,0,0,0,0,0,0,0,1,73.25,131.05,1,1,1,0,1,0,0,1,2,0,0,0.0,73.25,43.68333333333334,4.307437777682809,4.883180638743141,1
0,0,0,47,1,1,1,1,0,0,1,0,1,0,94.8,4535.85,0,1,1,0,0,0,0,1,5,4,1,94.8,94.8,94.496875,4.562262684976814,8.419988217623041,0
0,1,1,52,1,0,0,0,0,0,0,0,2,0,20.1,1078.75,0,0,0,1,0,0,0,1,1,4,0,40.2,0.0,20.35377358490566,3.0492730404820207,6.984484811840811,0
0,0,0,9,1,1,0,0,0,0,0,1,0,0,59.9,542.4,0,1,0,0,0,0,1,0,3,1,0,0.0,0.0,54.239999999999995,4.109233174715851,6.297845696992248,0
0,1,0,26,1,1,1,1,1,1,1,1,1,1,90.1,2312.55,0,0,0,0,1,0,0,1,8,3,1,90.1,0.0,85.65,4.511957804265912,7.746538420389285,0
0,1,1,8,1,0,0,0,1,0,0,0,0,1,51.05,415.05,1,1,0,0,0,1,0,0,2,1,0,0.0,0.0,46.11666666666667,3.952204795060978,6.030805445346439,0
0,1,0,44,1,0,0,1,1,1,1,0,1,1,70.95,3250.45,0,1,0,0,0,1,0,0,5,4,0,70.95,0.0,72.23222222222222,4.2759714333333765,8.086856329672903,0
0,0,0,3,0,0,0,1,0,0,0,0,0,0,29.2,98.5,0,0,0,0,0,0,1,0,1,0,0,0.0,0.0,24.625,3.407841924380824,4.600157644164547,1
0,0,0,2,1,0,0,0,0,0,0,0,0,1,46.6,87.9,0,1,0,0,0,0,0,1,1,0,0,0.0,0.0,29.3,3.8628327612373745,4.487512142519859,1
0,1,1,9,1,1,0,0,0,0,1,0,0,1,85.35,754.65,1,0,1,0,0,0,0,1,3,1,0,0.0,85.35,75.465,4.458408804592688,6.6275783060161295,0
1,0,0,1,1,1,0,0,0,0,0,0,0,1,75.35,75.35,1,1,1,0,0,1,0,0,2,0,0,0.0,75.35,37.675,4.335328031664641,4.335328031664641,1
0,0,0,25,1,0,1,0,0,0,0,0,0,0,74.3,1952.25,0,1,1,0,0,0,0,1,2,3,0,0.0,74.3,75.08653846153847,4.321480134805848,7.577249930876854,0
1,1,0,2,1,0,0,0,0,0,0,0,0,1,69.3,153.8,0,0,1,0,0,1,0,0,1,0,0,0.0,69.3,51.26666666666667,4.252771798816619,5.042133961155627,1
0,0,0,43,1,0,1,0,0,0,0,0,0,1,75.2,3198.6,1,1,1,0,0,1,0,0,2,4,0,0.0,75.2,72.69545454545454,4.333361462692601,8.070781080974667,0
0,0,0,1,1,0,0,0,0,0,0,0,0,0,20.9,20.9,1,0,0,1,0,0,1,0,1,0,0,0.0,0.0,10.45,3.086486636822455,3.086486636822455,1
0,1,0,58,1,1,0,1,1,0,0,1,1,1,94.3,5610.15,0,0,1,0,0,1,0,0,5,4,1,94.3,94.3,95.08728813559321,4.557029810660157,8.632510968596284,0
0,1,1,59,1,1,1,0,1,1,1,0,2,1,76.45,4519.5,0,0,0,0,0,0,1,0,6,4,0,152.9,0.0,75.325,4.349632566862877,8.416377886177422,0
0,0,0,44,0,0,1,0,1,0,1,1,1,1,54.0,2440.25,0,1,0,0,0,1,0,0,4,4,0,54.0,0.0,54.227777777777774,4.007333185232471,7.8002654821908886,0
0,0,0,66,1,1,0,1,0,1,1,1,1,1,104.25,6860.6,0,1,1,0,0,1,0,0,6,4,1,104.25,104.25,102.39701492537314,4.656338472562491,8.833695929676212,0
0,1,1,68,1,0,0,0,0,0,0,0,2,0,19.95,1377.7,0,1,0,1,0,0,0,1,1,4,0,39.9,0.0,19.96666666666667,3.0421386463681466,7.228896305177583,0
0,0,0,9,0,0,0,0,0,0,0,0,0,1,24.95,190.25,0,1,0,0,0,1,0,0,0,1,0,0.0,0.0,19.025,3.2561716096118976,5.253581472706645,0
0,0,0,19,1,1,1,0,1,0,0,0,0,1,84.75,1651.95,0,1,1,0,0,1,0,0,4,2,0,0.0,84.75,82.5975,4.45143608604605,7.410316849329665,0
0,0,0,4,1,0,0,0,0,0,0,0,0,0,19.75,78.3,0,1,0,1,0,0,1,0,1,0,0,0.0,0.0,15.66,3.0325462466767075,4.373238128640803,1
0,0,0,70,1,1,1,1,1,1,1,1,2,1,113.65,7939.25,0,0,1,0,0,0,0,1,8,4,1,227.3,113.65,111.82042253521126,4.741884009303914,8.979700039891599,0
0,0,0,1,1,0,0,0,0,0,0,0,0,1,44.9,44.9,0,1,0,0,0,0,1,0,1,0,0,0.0,0.0,22.45,3.8264651170664994,3.8264651170664994,1
0,0,0,8,1,1,0,0,0,0,0,0,0,1,75.25,576.7,0,0,1,0,0,1,0,0,2,1,0,0.0,75.25,64.07777777777778,4.334017415487521,6.35905470278722,0
0,0,0,53,1,1,0,0,0,0,0,0,2,0,24.6,1279.0,0,1,0,1,0,0,1,0,2,4,0,49.2,0.0,23.685185185185187,3.242592351485517,7.154615356913663,0
1,0,0,51,1,1,0,0,0,0,0,0,1,0,25.0,1260.7,0,1,0,1,0,0,0,1,2,4,0,25.0,0.0,24.24423076923077,3.258096538021482,7.140215296933696,0
0,1,1,11,1,0,0,0,0,0,0,0,0,0,20.95,267.35,0,1,0,1,0,0,0,1,1,1,0,0.0,0.0,22.27916666666667,3.08876713952118,5.592292098622838,0
0,1,1,60,1,1,1,0,1,1,1,1,2,1,110.6,6586.85,0,1,1,0,0,1,0,0,7,4,1,221.2,110.6,107.98114754098361,4.71492104994721,8.792982322368012,0
0,0,0,17,1,0,1,1,0,0,0,0,0,1,55.5,934.15,0,1,0,0,1,0,0,1,3,2,0,0.0,0.0,51.89722222222222,4.034240638152395,6.840706944229009,0
0,0,0,3,1,0,0,0,0,0,0,0,0,1,43.3,123.65,1,1,0,0,0,1,0,0,1,0,0,0.0,0.0,30.9125,3.7909846770510898,4.825509809969567,1
0,1,0,70,1,0,1,1,1,1,1,1,1,1,109.5,7534.65,1,1,1,0,0,0,0,1,7,4,1,109.5,109.5,106.1218309859155,4.705015520957808,8.927400371440925,0
0,0,0,1,1,0,0,0,0,0,0,0,0,0,19.45,19.45,0,1,0,1,0,0,1,0,1,0,0,0.0,0.0,9.725,3.017982882488811,3.017982882488811,1
1,0,0,43,1,1,0,0,0,0,1,0,0,1,84.85,3645.6,0,1,1,0,0,1,0,0,3,4,0,0.0,84.85,82.85454545454546,4.4526015873434845,8.201550505605104,0
0,1,0,16,1,0,0,0,0,0,0,0,0,0,19.6,314.45,0,0,0,1,0,0,1,0,1,2,0,0.0,0.0,18.49705882352941,3.0252910757955354,5.754000190816819,0
0,1,1,57,1,0,1,1,0,0,0,0,1,0,53.45,3053.0,0,0,0,0,0,1,0,0,3,4,0,53.45,0.0,52.63793103448276,3.9972828493789696,8.024207485778577,0
0,1,1,37,1,0,0,0,0,0,0,0,1,0,19.8,677.05,0,1,0,1,1,0,0,1,1,4,0,19.8,0.0,17.817105263157895,3.0349529867072724,6.519221031533954,0
0,1,0,72,1,1,1,1,1,1,1,1,2,0,112.1,7965.95,0,0,1,0,1,0,0,1,8,4,1,224.2,112.1,109.12260273972602,4.728272383122075,8.983057013472635,0
1,0,0,11,1,1,0,0,0,0,0,1,0,1,84.8,906.85,1,0,1,0,1,0,0,1,3,1,0,0.0,84.8,75.57083333333334,4.4520190064939165,6.811079166716676,0
1,1,0,50,1,1,0,1,1,0,1,0,0,1,95.05,4888.7,1,0,1,0,0,1,0,0,5,4,1,0.0,95.05,95.85686274509804,4.564868889214566,8.494886230893696,0
1,0,0,5,1,0,0,0,1,0,0,0,0,0,50.35,237.25,1,1,0,0,0,1,0,0,2,0,0,0.0,0.0,39.541666666666664,3.9386649363745674,5.473320542534312,1
0,1,0,1,1,1,0,0,0,0,0,0,0,1,74.6,74.6,1,1,1,0,0,0,0,1,2,0,0,0.0,74.6,37.3,4.3254562831854875,4.3254562831854875,1
0,0,0,16,1,0,0,0,0,0,0,0,0,1,19.7,342.4,1,1,0,1,0,0,1,0,1,2,0,0.0,0.0,20.141176470588235,3.0301337002713233,5.838895948463375,0
1,1,0,2,1,0,0,0,1,0,0,0,0,1,74.2,140.1,0,1,1,0,0,1,0,0,2,0,0,0.0,74.2,46.699999999999996,4.320151230955794,4.9494688588587685,1
0,0,0,17,1,1,0,0,1,1,1,0,0,1,69.0,1108.0,0,0,0,0,0,0,1,0,5,2,0,0.0,0.0,61.55555555555556,4.248495242049359,7.011213987350367,0
0,0,0,16,1,0,0,0,0,0,0,0,1,0,19.35,295.55,0,0,0,1,1,0,0,1,1,2,0,19.35,0.0,17.38529411764706,3.013080911888604,5.692215838284736,0
0,0,0,15,1,0,0,0,1,0,0,1,0,1,59.45,892.65,1,0,0,0,0,1,0,0,3,2,0,0.0,0.0,55.790625,4.101816577060802,6.795314199636388,0
0,0,0,10,1,0,0,0,0,0,0,0,1,1,19.8,198.25,0,0,0,1,0,0,1,0,1,1,0,19.8,0.0,18.022727272727273,3.0349529867072724,5.294560317670324,0
0,0,1,46,1,0,1,1,0,1,1,1,1,1,105.2,4822.85,1,0,1,0,0,0,0,1,6,4,1,105.2,105.2,102.61382978723405,4.665324108807838,8.481327643396213,0
0,1,1,64,1,1,0,1,1,1,1,1,2,1,109.2,6741.15,0,1,1,0,1,0,0,1,7,4,1,218.4,109.2,103.71,4.702296896718814,8.816134144137433,0
0,0,0,1,1,1,0,1,0,0,0,0,0,1,79.15,79.15,0,0,1,0,0,0,1,0,3,0,0,0.0,79.15,39.575,4.383899879055562,4.383899879055562,1
0,1,1,25,1,0,0,1,1,0,0,0,1,0,53.65,1355.45,0,1,0,0,0,0,1,0,3,3,0,53.65,0.0,52.13269230769231,4.000949214622548,7.212626271854599,0
0,1,1,71,1,0,1,1,1,1,1,0,2,0,100.2,7209.0,0,1,1,0,1,0,0,1,6,4,1,200.4,100.2,100.125,4.617098756853365,8.883224230278994,0
0,0,0,8,1,0,0,0,0,0,0,0,0,1,45.15,438.4,1,1,0,0,0,0,1,0,1,1,0,0.0,0.0,48.71111111111111,3.8318969609488613,6.08541015995051,0
0,1,1,72,1,0,1,1,1,1,1,1,2,1,108.65,7726.35,0,0,1,0,0,0,0,1,7,4,1,217.3,108.65,105.84041095890412,4.697293474863897,8.952521262624083,0
0,1,0,49,0,0,1,0,0,0,1,0,0,0,40.65,2070.75,0,0,0,0,0,0,0,1,2,4,0,0.0,0.0,41.415,3.7293013686128518,7.636148939729152,0
0,1,1,29,0,0,1,1,1,1,0,1,1,1,55.35,1636.95,0,1,0,0,1,0,0,1,5,3,0,55.35,0.0,54.565000000000005,4.031582240485785,7.401200738916591,0
0,1,0,72,1,1,1,1,1,1,0,1,2,0,105.6,7581.5,0,1,1,0,0,0,0,1,7,4,1,211.2,105.6,103.85616438356165,4.669083511731744,8.933598239562736,0
0,1,0,31,1,1,0,1,1,0,1,0,0,0,93.8,3019.5,1,1,1,0,0,1,0,0,5,3,1,0.0,93.8,94.359375,4.551769409260976,8.013177659578796,0
0,0,0,50,1,1,0,0,0,0,1,1,0,1,95.7,4729.75,0,0,1,0,0,1,0,0,4,4,1,0.0,95.7,92.74019607843137,4.571613402459248,8.46183903128416,0
0,1,0,71,1,1,1,0,1,1,1,1,2,0,83.2,6126.1,0,1,0,0,0,1,0,0,7,4,0,166.4,0.0,85.08472222222223,4.4331949212482815,8.720476833793706,0
1,1,0,70,1,1,1,1,1,1,1,1,2,0,90.05,6333.4,0,1,0,0,1,0,0,1,8,4,1,180.1,0.0,89.20281690140844,4.511408806173617,8.753750376351865,0
0,0,0,71,1,1,1,0,0,1,0,1,1,0,97.65,6687.85,0,1,1,0,1,0,0,1,5,4,1,97.65,97.65,92.88680555555555,4.591578232468624,8.808197239990303,0
0,1,1,61,1,0,1,1,1,1,0,0,2,1,68.05,4158.25,0,1,0,0,0,0,0,1,5,4,0,136.1,0.0,67.06854838709677,4.234830879855301,8.333090048539852,0
0,0,0,32,1,0,0,0,0,1,1,1,0,1,96.2,3183.4,1,1,1,0,0,1,0,0,4,3,1,0.0,96.2,96.46666666666667,4.576770711466393,8.066019167214423,0
0,0,1,1,1,0,0,0,0,0,0,1,0,1,79.6,79.6,1,0,1,0,0,1,0,0,2,0,0,0.0,79.6,39.8,4.389498649512583,4.389498649512583,1
0,0,0,68,1,1,1,1,1,0,0,1,2,1,102.1,7149.35,0,1,1,0,0,0,0,1,6,4,1,204.2,102.1,103.61376811594204,4.635699391022914,8.87491658553894,0
0,0,0,62,1,1,0,0,0,0,0,0,2,0,23.4,1429.65,0,1,0,1,0,0,0,1,2,4,0,46.8,0.0,22.692857142857143,3.1945831322991562,7.265884165434008,0
0,0,1,7,1,0,0,0,0,0,0,0,0,1,71.05,472.65,0,0,1,0,0,1,0,0,1,1,0,0.0,71.05,59.08125,4.277360322445531,6.160468652321543,0
0,0,0,20,1,1,0,0,0,0,1,0,0,1,85.25,1734.5,1,1,1,0,0,1,0,0,3,2,0,0.0,85.25,82.5952380952381,4.457250055911469,7.4590508353018405,0
0,1,1,6,1,0,0,0,0,0,0,0,1,0,19.45,113.5,0,1,0,1,0,0,1,0,1,0,0,19.45,0.0,16.214285714285715,3.017982882488811,4.740574822994295,1
1,0,0,33,0,0,1,1,1,0,1,1,0,1,59.45,1884.65,0,0,0,0,0,0,0,1,5,3,0,0.0,0.0,55.43088235294118,4.101816577060802,7.54202786802895,0
0,1,1,28,1,1,0,0,0,0,1,1,1,0,92.2,2568.15,0,1,1,0,0,0,0,1,4,3,1,92.2,92.2,88.55689655172414,4.534747721691546,7.85133038388335,0
0,0,0,27,1,0,0,0,0,0,0,0,2,0,19.85,470.0,0,1,0,1,1,0,0,1,1,3,0,39.7,0.0,16.785714285714285,3.0373539482448106,6.154858094016418,0
0,0,0,7,1,0,0,0,0,0,0,0,0,0,43.9,278.4,0,1,0,0,0,0,1,0,1,1,0,0.0,0.0,34.8,3.8044377947482086,5.632644446822861,0
0,0,0,26,1,1,0,0,0,1,0,0,0,1,80.5,2088.8,1,1,1,0,0,1,0,0,3,3,0,0.0,80.5,77.36296296296297,4.400603020246817,7.644823646600011,0
1,0,0,5,1,1,0,1,0,0,0,1,0,1,89.8,502.6,1,1,1,0,0,1,0,0,4,0,0,0.0,89.8,83.76666666666667,4.508659285607248,6.221782302170192,1
1,0,0,30,1,1,1,0,0,0,0,1,0,1,90.5,2595.85,0,1,1,0,1,0,0,1,4,3,1,0.0,90.5,83.73709677419355,4.516338972281476,7.862054451041998,0
0,0,0,63,1,1,0,1,0,0,0,1,1,0,90.45,5825.5,0,1,1,0,1,0,0,1,4,4,1,90.45,90.45,91.0234375,4.515792374836875,8.670171756013318,0
0,0,0,1,1,0,0,1,0,0,0,0,0,1,50.75,50.75,1,1,0,0,0,1,0,0,2,0,0,0.0,0.0,25.375,3.9464244321454784,3.9464244321454784,1
0,0,1,53,1,1,0,1,1,1,1,1,1,1,84.6,4449.75,0,0,0,0,0,1,0,0,7,4,0,84.6,0.0,82.40277777777777,4.449685283147696,8.400827900284972,0
0,1,1,14,1,0,0,1,0,1,0,1,0,1,89.65,1208.35,1,0,1,0,1,0,0,1,4,2,0,0.0,89.65,80.55666666666666,4.50700593720086,7.097838304169856,0
0,0,0,21,1,0,0,1,0,1,1,1,0,1,99.15,1956.4,0,0,1,0,0,0,0,1,5,2,1,0.0,99.15,88.92727272727274,4.606669062111827,7.5793723409917195,0
0,0,0,17,1,0,0,0,0,0,0,0,1,0,19.95,310.6,0,1,0,1,0,0,1,0,1,2,0,19.95,0.0,17.255555555555556,3.0421386463681466,5.741720313996593,0
0,1,1,16,1,0,0,0,0,0,0,0,2,0,20.5,290.55,0,1,0,1,0,0,1,0,1,2,0,41.0,0.0,17.091176470588238,3.068052935133617,5.675211517668165,0
0,0,0,35,1,0,0,0,1,0,0,1,0,1,62.1,2096.1,0,0,0,0,0,1,0,0,3,3,0,0.0,0.0,58.224999999999994,4.144720769547168,7.648310716937074,0
1,0,0,32,1,0,0,0,0,0,0,1,0,1,79.5,2665.0,0,0,1,0,0,1,0,0,2,3,0,0.0,79.5,80.75757575757575,4.388257184424518,7.888334500738654,0
0,1,1,28,1,0,0,0,0,0,0,0,0,1,19.55,543.8,0,0,0,1,0,0,0,1,1,3,0,0.0,0.0,18.75172413793103,3.022860940942244,6.300418754835302,0
0,0,0,1,1,0,0,0,0,0,0,0,0,1,20.35,20.35,0,0,0,1,0,0,1,0,1,0,0,0.0,0.0,10.175,3.0610517396746335,3.0610517396746335,1
0,0,0,59,0,0,0,0,0,1,1,1,0,1,51.7,3005.8,0,1,0,0,0,1,0,0,3,4,0,0.0,0.0,50.09666666666667,3.9646154555473165,8.008631669303314,0
0,1,1,72,1,1,0,0,0,0,0,0,1,1,23.3,1623.15,0,0,0,1,0,0,0,1,2,4,0,23.3,0.0,22.234931506849318,3.190476350346503,7.3927398809883025,0
0,0,0,36,1,0,0,1,0,1,0,1,1,1,65.4,2498.4,1,1,0,0,0,0,1,0,4,3,0,65.4,0.0,67.52432432432433,4.1956970564823886,7.823805982051684,0
0,0,0,40,1,0,1,1,0,0,1,0,0,0,65.1,2586.0,0,0,0,0,0,0,1,0,4,4,0,0.0,0.0,63.073170731707314,4.191168746857641,7.8582541821860294,0
0,1,1,40,1,1,0,0,1,0,0,0,0,1,81.2,3292.3,0,1,1,0,0,1,0,0,3,4,0,0.0,81.2,80.30000000000001,4.409155302062135,8.099645380565091,0
0,0,1,9,1,0,0,0,1,1,1,1,0,1,72.9,651.4,1,0,0,0,0,0,1,0,5,1,0,0.0,0.0,65.14,4.302712827954156,6.4806578707468585,0
0,1,1,63,1,0,1,1,1,1,1,0,2,0,74.5,4674.55,0,1,0,0,1,0,0,1,6,4,0,149.0,0.0,73.03984375,4.324132656254979,8.450102081861738,0
0,0,0,3,1,0,0,0,0,0,1,0,0,1,80.5,232.35,0,0,1,0,0,1,0,0,2,0,0,0.0,80.5,58.0875,4.400603020246817,5.4525394723958245,1
0,1,1,40,0,0,0,1,1,1,1,1,1,0,60.3,2448.5,0,1,0,0,0,0,1,0,5,4,0,60.3,0.0,59.71951219512195,4.115779842942166,7.80363920107863,0
0,1,0,8,1,0,1,0,0,0,0,0,0,1,75.0,658.1,0,1,1,0,0,0,1,0,2,1,0,0.0,75.0,73.12222222222222,4.330733340286331,6.490875268058674,0
1,1,0,34,1,0,1,0,0,1,1,0,1,0,90.15,3128.8,0,1,1,0,0,0,1,0,4,3,1,90.15,90.15,89.39428571428572,4.512506501124672,8.048724383729072,0
0,0,0,5,0,0,1,0,1,1,0,0,0,0,40.0,223.45,1,1,0,0,0,0,1,0,3,0,0,0.0,0.0,37.24166666666667,3.713572066704308,5.413652965227941,1
1,0,0,9,1,1,0,1,0,0,1,1,0,1,99.45,919.4,1,1,1,0,1,0,0,1,5,1,1,0.0,99.45,91.94,4.609660091260944,6.824808358161211,0
0,1,0,9,1,1,0,1,1,0,0,1,0,1,69.05,653.95,0,1,0,0,1,0,0,1,5,1,0,0.0,0.0,65.39500000000001,4.249209272783016,6.484558896843658,0
0,1,1,31,1,1,0,0,0,0,0,1,0,0,59.7,1825.5,0,1,0,0,0,0,0,1,3,3,0,0.0,0.0,57.046875,4.1059436980654525,7.510156846235337,0
0,1,0,50,1,0,0,0,0,0,0,0,1,1,19.85,943.1,0,0,0,1,0,0,0,1,1,4,0,19.85,0.0,18.492156862745098,3.0373539482448106,6.850232092738471,0
0,0,0,2,1,0,1,1,0,1,0,0,0,1,86.25,181.65,1,0,1,0,0,1,0,0,4,0,0,0.0,86.25,60.550000000000004,4.468777561082536,5.207571753241291,1
0,0,0,1,1,0,0,0,0,0,0,0,0,1,45.65,45.65,1,0,0,0,0,1,0,0,1,0,0,0.0,0.0,22.825,3.8426729272933526,3.8426729272933526,1
0,0,0,8,1,0,0,0,0,0,0,0,0,1,70.1,551.35,1,1,1,0,0,0,1,0,1,1,0,0.0,70.1,61.26111111111111,4.264087336809195,6.314181903318284,0
0,0,0,9,0,0,0,1,0,0,0,1,0,0,40.75,359.4,0,0,0,0,0,1,0,0,2,1,0,0.0,0.0,35.94,3.7316994512968646,5.887214525734183,0
1,0,0,2,1,0,0,0,0,0,0,0,0,1,70.2,115.95,1,0,1,0,0,0,0,1,1,0,0,0.0,70.2,38.65,4.26549281841793,4.761746493030188,1
0,0,0,3,1,0,1,1,0,0,0,0,0,0,55.35,165.2,1,0,0,0,0,1,0,0,3,0,0,0.0,0.0,41.3,4.031582240485785,5.113191882421348,1
0,1,0,25,1,0,0,0,0,1,1,1,0,1,95.7,2338.35,0,1,1,0,1,0,0,1,4,3,1,0.0,95.7,89.93653846153846,4.571613402459248,7.757628391986576,0
1,0,0,1,1,0,0,0,0,0,0,0,0,0,46.3,46.3,0,1,0,0,0,1,0,0,1,0,0,0.0,0.0,23.15,3.856510295497887,3.856510295497887,1
0,1,1,45,1,1,1,1,1,1,1,0,0,0,81.3,3541.1,0,0,0,0,0,0,1,0,7,4,0,0.0,0.0,76.9804347826087,4.410371107683024,8.172475050581173,0
1,1,1,51,1,1,0,1,1,0,0,0,0,1,84.2,4146.05,1,1,1,0,0,1,0,0,4,4,0,0.0,84.2,79.73173076923078,4.44500143383527,8.330152517082306,0
0,1,1,55,1,0,0,0,0,0,0,0,0,0,20.0,1087.25,0,0,0,1,1,0,0,1,1,4,0,0.0,0.0,19.415178571428573,3.044522437723423,6.992326180432407,0
0,0,0,38,1,1,1,1,1,0,0,0,0,1,66.15,2522.4,0,0,0,0,0,0,0,1,5,4,0,0.0,0.0,64.67692307692307,4.206928922969246,7.833362477493641,0
0,0,0,2,1,0,0,0,0,0,0,0,0,0,45.85,81.0,1,1,0,0,0,0,1,0,1,0,0,0.0,0.0,27.0,3.846951008684431,4.406719247264253,1
0,1,1,38,1,0,0,0,0,0,0,0,0,0,19.6,717.3,0,1,0,1,0,1,0,0,1,4,0,0.0,0.0,18.392307692307693,3.0252910757955354,6.576887309080756,0
0,0,0,34,1,0,0,1,0,0,0,0,0,1,49.8,1734.2,0,1,0,0,0,1,0,0,2,3,0,0.0,0.0,49.54857142857143,3.927896354584436,7.458877959512665,0
0,1,0,70,1,1,0,0,1,0,1,1,1,1,101.75,7069.3,0,0,1,0,0,1,0,0,5,4,1,101.75,101.75,99.56760563380281,4.632298853376344,8.863658190805083,0
0,0,0,13,1,0,1,0,0,1,0,0,1,0,55.15,742.9,0,0,0,0,0,0,1,0,3,2,0,55.15,0.0,53.06428571428571,4.0280266811844525,6.611906617197295,0
0,0,0,39,1,1,0,0,0,0,0,0,0,0,75.25,3017.65,1,1,1,0,0,1,0,0,2,4,0,0.0,75.25,75.44125,4.334017415487521,8.012564990558198,0
0,0,0,61,1,1,0,1,1,0,1,1,1,1,103.95,6423.0,0,0,1,0,0,1,0,0,6,4,1,103.95,103.95,103.59677419354838,4.653484046266642,8.767796255626598,0
0,0,0,12,1,1,0,0,1,0,1,1,0,1,100.15,1164.3,1,0,1,0,0,0,0,1,5,1,1,0.0,100.15,89.56153846153846,4.6166045636137545,7.060733843579218,0
0,0,0,41,1,0,0,1,0,1,1,1,2,1,99.65,4220.35,0,1,1,0,1,0,0,1,5,4,1,199.3,99.65,100.48452380952382,4.611649152085801,8.347910261084566,0
0,0,0,21,1,1,0,0,0,0,0,0,0,1,73.7,1558.7,0,1,1,0,0,1,0,0,2,2,0,0.0,73.7,70.85000000000001,4.3134800921387715,7.35224877405778,0
1,0,0,55,0,0,0,0,1,0,1,1,1,1,50.05,2743.45,0,1,0,0,0,0,0,1,3,4,0,50.05,0.0,48.990178571428565,3.9328055446106744,7.917335969569298,0
0,1,0,69,0,0,1,0,1,1,1,1,2,0,60.25,4055.5,0,1,0,0,0,0,0,1,5,4,0,120.5,0.0,57.93571428571428,4.114963849424837,8.30807581183512,0
1,1,1,26,1,1,0,1,1,0,1,1,0,0,105.75,2710.25,1,1,1,0,0,1,0,0,6,3,1,0.0,105.75,100.37962962962963,4.670489652108734,7.9051650621410845,0
1,1,0,69,1,0,1,1,0,0,0,1,1,0,87.3,6055.55,0,0,1,0,1,0,0,1,4,4,0,87.3,87.3,86.50785714285715,4.480740107609915,8.708895610015944,0
1,1,0,18,0,0,0,0,1,0,1,1,0,1,48.35,810.7,1,0,0,0,0,1,0,0,3,2,0,0.0,0.0,42.66842105263158,3.8989377658794906,6.69913081376713,0
0,1,1,47,1,1,0,1,0,0,0,0,0,0,54.25,2538.2,0,1,0,0,0,1,0,0,3,4,0,0.0,0.0,52.87916666666666,4.0118683403978626,7.839604349772144,0
0,1,1,72,1,0,1,1,1,1,1,1,2,0,85.3,6129.2,0,0,0,0,0,0,0,1,7,4,0,170.6,0.0,83.96164383561644,4.457829598089382,8.720982654825432,0
1,1,0,33,0,0,0,1,1,1,1,0,0,1,50.0,1750.85,0,1,0,0,0,1,0,0,4,3,0,0.0,0.0,51.495588235294115,3.9318256327243257,7.468427651392684,0
0,1,1,2,0,0,0,0,0,0,0,0,0,1,24.4,36.55,1,0,0,0,0,0,1,0,0,0,0,0.0,0.0,12.183333333333332,3.2347491740244907,3.6256733782101436,1
0,1,1,72,1,1,1,1,1,1,1,1,2,0,90.95,6652.45,0,0,0,0,1,0,0,1,8,4,1,181.9,0.0,91.12945205479451,4.52124495105033,8.802890796113749,0
1,1,0,37,1,0,0,0,0,0,0,0,0,1,72.25,2575.45,0,1,1,0,0,0,0,1,1,4,0,0.0,72.25,67.77499999999999,4.293878247897177,7.854167761408815,0
1,1,1,62,1,1,0,1,1,0,0,1,0,1,96.1,6019.35,0,0,1,0,1,0,0,1,5,4,1,0.0,96.1,95.5452380952381,4.575741375297279,8.702900676147713,0
0,1,0,71,1,0,0,0,0,0,0,0,2,0,19.85,1379.6,0,0,0,1,1,0,0,1,1,4,0,39.7,0.0,19.16111111111111,3.0373539482448106,7.2302734662693755,0
0,0,1,23,1,0,0,1,0,1,0,0,0,1,55.3,1284.2,0,1,0,0,0,0,0,1,3,2,0,0.0,0.0,53.50833333333333,4.030694535145645,7.158669627241704,0
0,0,0,16,1,0,0,0,0,0,0,0,1,0,20.1,296.15,0,0,0,1,0,0,1,0,1,2,0,20.1,0.0,17.420588235294115,3.0492730404820207,5.69423706181267,0
0,0,0,9,1,0,1,0,1,1,1,0,0,1,69.5,653.25,0,1,0,0,0,0,1,0,5,1,0,0.0,0.0,65.325,4.255612709818223,6.483489541410255,0
0,1,1,17,1,1,0,0,0,0,0,0,2,1,25.15,412.6,0,1,0,1,0,0,1,0,2,2,0,50.3,0.0,22.922222222222224,3.263849190510932,6.024899323194219,0
0,0,0,4,1,0,0,0,0,0,0,0,0,0,20.95,85.5,1,0,0,1,0,0,0,1,1,0,0,0.0,0.0,17.1,3.08876713952118,4.460144413937834,1
1,1,0,1,1,0,1,0,0,0,0,0,0,1,49.55,49.55,1,0,0,0,0,1,0,0,2,0,0,0.0,0.0,24.775,3.9229629454664803,3.9229629454664803,1
0,1,0,24,1,1,0,0,1,0,0,0,0,1,79.65,1928.7,0,0,1,0,0,0,1,0,3,2,0,0.0,79.65,77.148,4.390118804571218,7.5651198294023105,0
1,0,0,1,1,0,0,0,0,0,0,0,0,1,71.25,71.25,0,0,1,0,0,1,0,0,1,0,0,0.0,71.25,35.625,4.2801323269925415,4.2801323269925415,1
1,0,0,72,1,1,1,1,1,1,1,1,2,0,113.8,7845.8,0,1,1,0,0,0,0,1,8,4,1,227.6,113.8,107.47671232876712,4.743191483885466,8.967861084355231,0
0,1,0,72,1,1,0,0,0,0,0,0,2,0,24.55,1750.7,0,0,0,1,0,1,0,0,2,4,0,49.1,0.0,23.982191780821918,3.2406373166497136,7.468342023957602,0
0,0,1,11,1,0,0,0,0,0,0,0,0,0,19.7,216.2,0,0,0,1,1,0,0,1,1,1,0,0.0,0.0,18.016666666666666,3.0301337002713233,5.38081858805978,0
0,0,0,9,1,0,0,0,0,0,0,0,0,0,20.25,178.5,1,1,0,1,0,0,1,0,1,1,0,0.0,0.0,17.85,3.056356895370426,5.190175207928333,0
1,1,0,2,1,0,0,1,0,0,0,0,0,0,50.15,115.1,1,0,0,0,1,0,0,1,2,0,0,0.0,0.0,38.36666666666667,3.9347624923976356,4.754451888703846,1
1,1,0,60,1,1,0,0,1,0,1,1,1,1,100.5,6029.0,0,0,1,0,1,0,0,1,5,4,1,100.5,100.5,98.8360655737705,4.620058798481842,8.704502289721232,0
1,1,0,29,1,1,0,1,1,0,0,1,0,1,95.9,2745.2,1,1,1,0,0,1,0,0,5,3,1,0.0,95.9,91.50666666666666,4.5736795188967205,7.917973416887651,0
0,0,0,49,1,0,0,0,1,1,1,1,2,1,74.45,3721.9,0,0,0,0,0,0,0,1,5,4,0,148.9,0.0,74.438,4.323470185213858,8.222258213452887,0
1,0,0,30,1,1,0,1,1,0,1,1,0,1,104.1,3121.1,0,0,1,0,0,1,0,0,6,3,1,0.0,104.1,100.68064516129031,4.6549122778829055,8.046261131311923,0
0,1,0,53,1,0,0,0,0,0,0,0,1,0,19.05,990.45,0,0,0,1,1,0,0,1,1,4,0,19.05,0.0,18.34166666666667,2.998229153752578,6.899168518044815,0
0,0,1,39,1,1,0,0,0,0,0,0,2,0,25.0,1004.35,0,1,0,1,0,0,1,0,2,4,0,50.0,0.0,25.10875,3.258096538021482,6.913091018571656,0
0,0,0,9,1,0,0,0,0,0,0,0,0,0,19.05,157.65,0,0,0,1,0,0,1,0,1,1,0,0.0,0.0,15.765,2.998229153752578,5.066700518029204,0
0,0,0,39,1,0,0,0,1,1,0,0,1,0,81.9,3219.75,0,1,1,0,0,1,0,0,3,4,0,81.9,81.9,80.49375,4.417635062141249,8.077369530671634,0
1,0,0,8,1,0,0,0,0,0,0,0,0,1,69.7,572.85,0,1,1,0,0,1,0,0,1,1,0,0.0,69.7,63.650000000000006,4.258445572902527,6.352368038126677,0
0,1,1,51,1,1,0,0,1,0,0,1,1,1,90.15,4554.85,0,0,1,0,0,1,0,0,4,4,1,90.15,90.15,87.59326923076924,4.512506501124672,8.424167400407871,0
0,1,1,71,1,1,0,0,0,0,0,0,2,0,25.35,1847.55,0,1,0,1,1,0,0,1,2,4,0,50.7,0.0,25.660416666666666,3.2714682749873716,7.522156826969486,0
1,0,0,71,1,1,0,0,0,0,0,0,2,1,24.65,1766.75,0,1,0,1,0,0,1,0,2,4,0,49.3,0.0,24.538194444444443,3.2445435716167785,7.47746283048435,0
1,1,0,70,1,0,0,0,0,0,0,0,2,1,19.55,1462.05,0,0,0,1,1,0,0,1,1,4,0,39.1,0.0,20.59225352112676,3.022860940942244,7.288278576786092,0
1,0,0,1,0,0,0,0,0,0,0,0,0,0,25.25,25.25,1,0,0,0,0,1,0,0,0,0,0,0.0,0.0,12.625,3.2676659890376327,3.2676659890376327,1
0,1,0,38,0,0,1,1,0,1,1,1,2,1,60.0,2193.2,0,1,0,0,0,0,0,1,5,4,0,120.0,0.0,56.23589743589743,4.110873864173311,7.693572794383391,0
0,1,0,28,1,0,0,1,1,0,0,1,0,0,89.9,2433.5,0,0,1,0,1,0,0,1,4,3,1,0.0,89.9,83.91379310344827,4.509760001183433,7.797496675622756,0
0,1,0,32,1,0,0,0,0,0,0,0,0,0,19.4,641.15,0,0,0,1,0,0,0,1,1,3,0,0.0,0.0,19.42878787878788,3.0155349008501706,6.464821921259065,0
1,1,0,49,1,0,0,1,0,0,0,0,2,0,49.8,2398.4,0,1,0,0,0,0,1,0,2,4,0,99.6,0.0,47.968,3.927896354584436,7.782973985080828,0
0,1,1,37,1,1,0,0,0,0,0,0,2,1,24.1,861.85,0,0,0,1,0,0,0,1,2,4,0,48.2,0.0,22.68026315789474,3.2228678461377385,6.760240863693588,0
0,0,0,10,1,0,0,0,1,1,0,0,0,0,54.25,583.0,0,0,0,0,0,1,0,0,3,1,0,0.0,0.0,53.0,4.0118683403978626,6.369900982828227,0
0,1,0,67,1,1,1,1,1,0,1,1,1,0,109.9,7332.4,0,1,1,0,1,0,0,1,7,4,1,109.9,109.9,107.82941176470588,4.7086288943563215,8.900194534540113,0
0,0,0,7,0,0,0,0,1,1,0,0,1,1,35.5,249.55,0,1,0,0,1,0,0,1,2,1,0,35.5,0.0,31.19375,3.597312260588446,5.523658501405734,0
0,0,0,51,1,0,0,0,0,0,1,1,1,0,87.55,4475.9,0,0,1,0,1,0,0,1,3,4,0,87.55,87.55,86.07499999999999,4.4835673642288425,8.406686121605532,0
0,0,0,9,1,0,0,0,0,0,0,0,0,0,45.15,416.45,1,0,0,0,0,1,0,0,1,1,0,0.0,0.0,41.644999999999996,3.8318969609488613,6.03416477664001,0
0,0,0,9,1,0,0,0,0,0,1,1,0,1,88.4,788.6,0,0,1,0,0,0,1,0,3,1,0,0.0,88.4,78.86,4.493120682179469,6.671526488119272,0
0,0,0,4,1,0,0,0,0,1,0,0,0,1,50.8,202.3,0,1,0,0,0,0,1,0,2,0,0,0.0,0.0,40.46,3.9473901492654373,5.314682720634301,1
0,1,0,71,1,1,1,1,1,0,1,0,2,1,99.0,6994.6,0,1,1,0,0,1,0,0,6,4,1,198.0,99.0,97.14722222222223,4.605170185988092,8.853036658975036,0
0,1,1,50,1,1,0,0,0,0,1,0,0,1,84.4,4116.15,1,0,1,0,0,0,0,1,3,4,0,0.0,84.4,80.70882352941176,4.447346100794524,8.32291645540301,0
1,1,1,24,1,0,0,0,1,0,1,1,2,1,96.55,2263.45,0,0,1,0,0,1,0,0,4,2,1,193.1,96.55,90.538,4.5803650670691205,7.725087182823159,0
0,1,0,22,1,0,1,0,0,0,1,0,1,1,59.75,1374.35,0,1,0,0,0,0,0,1,3,2,0,59.75,0.0,59.75434782608695,4.1067670822206574,7.2264635231640195,0
0,0,0,44,1,1,1,1,1,0,1,1,0,1,111.5,4915.15,0,1,1,0,0,1,0,0,7,4,1,0.0,111.5,109.22555555555554,4.722953221644475,8.500280982832304,0
0,1,1,33,1,1,0,0,0,0,0,0,0,0,24.25,838.5,0,0,0,1,0,0,0,1,2,3,0,0.0,0.0,24.66176470588235,3.228826155721369,6.732806476517595,0
0,0,0,1,1,1,0,0,0,0,0,0,0,1,75.1,75.1,1,0,1,0,0,1,0,0,2,0,0,0.0,75.1,37.55,4.33204826486764,4.33204826486764,1
0,1,0,54,1,1,0,0,0,0,1,1,1,1,70.15,3715.65,1,0,0,0,1,0,0,1,4,4,0,70.15,0.0,67.55727272727273,4.264790324535862,8.220578003905167,0
0,0,0,42,1,1,0,1,0,0,1,1,0,1,101.75,4273.45,1,1,1,0,0,1,0,0,5,4,1,0.0,101.75,99.38255813953488,4.632298853376344,8.36041071812334,0
0,0,0,1,1,0,0,0,0,0,0,0,0,0,45.8,45.8,1,0,0,0,0,1,0,0,1,0,0,0.0,0.0,22.9,3.845883202923601,3.845883202923601,1
0,0,0,1,1,0,0,0,0,0,0,0,0,0,20.5,20.5,0,0,0,1,0,0,1,0,1,0,0,0.0,0.0,10.25,3.068052935133617,3.068052935133617,1
0,0,0,30,1,0,1,1,0,1,1,0,1,0,70.4,2044.75,0,1,0,0,0,1,0,0,5,3,0,70.4,0.0,65.95967741935483,4.268297869345539,7.623519749407491,0
0,0,0,1,0,0,0,0,0,1,0,0,0,0,30.55,30.55,0,0,0,0,0,0,1,0,1,0,0,0.0,0.0,15.275,3.4515735889872223,3.4515735889872223,1
0,1,1,16,1,1,1,1,0,1,1,1,0,0,84.9,1398.25,0,1,0,0,0,1,0,0,7,2,0,0.0,0.0,82.25,4.45318382899021,7.243691657771469,0
0,0,0,1,1,0,0,0,0,0,0,0,0,1,20.1,20.1,1,1,0,1,0,0,1,0,1,0,0,0.0,0.0,10.05,3.0492730404820207,3.0492730404820207,1
0,1,0,9,0,0,0,0,0,1,1,0,0,0,40.65,328.95,1,1,0,0,0,0,1,0,2,1,0,0.0,0.0,32.894999999999996,3.7293013686128518,5.798941127829431,0
1,1,0,46,1,1,0,0,1,0,1,1,0,1,101.0,4680.05,1,1,1,0,0,1,0,0,5,4,1,0.0,101.0,99.57553191489362,4.624972813284271,8.45127772272134,0
0,0,0,1,1,0,0,0,0,0,0,0,0,1,69.1,69.1,1,1,1,0,0,1,0,0,1,0,0,0.0,69.1,34.55,4.249922794040544,4.249922794040544,1
0,1,0,71,1,0,1,0,0,1,0,0,2,0,54.5,3778.2,0,1,0,0,0,0,0,1,3,4,0,109.0,0.0,52.474999999999994,4.0163830207523885,8.237267626003042,0
0,0,0,43,1,1,0,0,0,0,0,0,0,1,75.35,3161.4,0,1,1,0,1,0,0,1,2,4,0,0.0,75.35,71.85000000000001,4.335328031664641,8.059086511982477,0
0,1,0,50,0,0,1,0,0,1,1,0,1,1,44.45,2188.45,0,1,0,0,0,0,0,1,3,4,0,44.45,0.0,42.910784313725486,3.816612820623488,7.691405649716715,0
0,0,0,13,1,1,0,0,0,0,0,0,0,1,75.0,999.45,1,0,1,0,0,0,1,0,2,2,0,0.0,75.0,71.38928571428572,4.330733340286331,6.908205177762502,0
0,1,1,19,1,0,0,1,0,1,1,1,1,0,100.0,1888.65,1,1,1,0,0,0,0,1,5,2,1,100.0,100.0,94.4325,4.61512051684126,7.544146905719609,0
0,0,0,41,1,1,0,0,1,0,1,1,0,0,98.05,3990.6,0,0,1,0,0,0,0,1,5,4,1,0.0,98.05,95.0142857142857,4.59562477314456,8.291947432010158,0
1,0,0,1,1,0,0,0,0,0,0,0,0,1,71.15,71.15,1,0,1,0,0,1,0,0,1,0,0,0.0,71.15,35.575,4.27874728521988,4.27874728521988,1
0,0,0,24,0,0,0,1,1,0,1,1,0,1,54.15,1240.25,1,0,0,0,1,0,0,1,4,2,0,0.0,0.0,49.61,4.0100567456995115,7.123874215359383,0
0,1,0,40,1,1,0,1,0,0,1,0,1,0,63.9,2635.0,0,0,0,0,0,0,0,1,4,4,0,63.9,0.0,64.26829268292683,4.1728476237100445,7.877017895622398,0
0,1,1,3,1,1,0,1,1,0,1,0,0,1,69.15,235.0,0,0,0,0,0,0,0,1,5,0,0,0.0,0.0,58.75,4.25063580654847,5.4638318050256105,1
0,0,0,37,1,1,1,0,0,0,1,0,1,0,64.65,2347.85,0,0,0,0,0,0,0,1,4,4,0,64.65,0.0,61.78552631578947,4.184337600748806,7.761681125659561,0
0,1,1,67,1,1,1,0,1,1,1,1,2,1,108.75,7156.2,1,0,1,0,1,0,0,1,7,4,1,217.5,108.75,105.23823529411764,4.698205051955281,8.875874122017708,0
0,1,1,32,1,1,0,1,0,0,1,1,0,1,98.85,3089.6,0,0,1,0,0,1,0,0,5,3,1,0.0,98.85,93.62424242424242,4.603669059861824,8.036120525799594,0
0,1,0,6,1,0,0,0,0,1,0,0,0,1,49.15,270.8,1,0,0,0,0,1,0,0,2,0,0,0.0,0.0,38.68571428571429,3.9150185144079446,5.605066501717044,1
0,1,1,32,1,1,1,0,0,0,1,0,0,0,89.6,2901.8,0,0,1,0,0,1,0,0,4,3,0,0.0,89.6,87.93333333333334,4.506454213048934,7.973431067403982,0
0,0,0,59,1,1,0,1,1,0,0,0,0,1,83.25,4949.1,0,0,1,0,0,1,0,0,4,4,0,0.0,83.25,82.485,4.433788569232471,8.50716305737888,0
0,1,0,30,1,0,0,1,1,1,0,1,1,0,70.25,2198.9,0,0,0,0,0,0,0,1,5,3,0,70.25,0.0,70.93225806451613,4.26619481914876,7.696167183767863,0
0,0,1,20,1,0,0,0,0,0,0,0,0,1,19.4,374.5,1,1,0,1,0,1,0,0,1,2,0,0.0,0.0,17.833333333333332,3.0155349008501706,5.928258471204189,0
0,1,1,27,1,1,0,0,0,0,0,0,2,0,24.5,761.95,0,0,0,1,0,1,0,0,2,3,0,49.0,0.0,27.212500000000002,3.2386784521643803,6.637192498337745,0
1,0,0,20,1,1,1,0,0,0,0,0,0,1,79.15,1520.9,1,0,1,0,0,1,0,0,3,2,0,0.0,79.15,72.42380952380952,4.383899879055562,7.327714833240754,0
0,0,1,9,1,0,0,0,0,0,0,0,1,0,20.1,190.25,0,1,0,1,0,0,1,0,1,1,0,20.1,0.0,19.025,3.0492730404820207,5.253581472706645,0
0,1,1,68,1,1,1,1,1,0,1,0,1,1,73.0,5163.0,0,0,0,0,1,0,0,1,6,4,0,73.0,0.0,74.82608695652173,4.30406509320417,8.549466751966532,0
0,1,1,69,1,1,1,0,0,1,0,0,2,0,61.4,4059.85,0,0,0,0,1,0,0,1,4,4,0,122.8,0.0,57.99785714285714,4.133565275375382,8.309147590289026,0
0,0,0,26,1,1,0,0,1,1,0,0,0,1,84.3,2281.6,0,1,1,0,0,0,1,0,4,3,0,0.0,84.3,84.5037037037037,4.446174454497633,7.7330704231195,0
0,1,1,69,1,0,0,0,0,0,0,0,2,0,19.9,1356.7,0,1,0,1,0,0,0,1,1,4,0,39.8,0.0,19.38142857142857,3.039749158970765,7.213547370606236,0
0,0,0,11,1,0,0,0,0,0,0,0,2,0,20.4,231.45,0,1,0,1,0,0,1,0,1,1,0,40.8,0.0,19.287499999999998,3.0633909220278057,5.448675148136593,0
0,0,0,1,1,1,0,0,0,0,0,0,0,0,50.75,50.75,0,1,0,0,0,0,1,0,2,0,0,0.0,0.0,25.375,3.9464244321454784,3.9464244321454784,1
0,1,1,10,1,0,0,0,0,0,0,0,1,0,20.45,242.4,0,1,0,1,0,0,1,0,1,1,0,20.45,0.0,22.036363636363635,3.065724645374026,5.494706180553427,0
0,1,1,55,1,1,1,1,0,1,0,1,1,1,75.75,4264.25,0,0,0,0,0,0,0,1,6,4,0,75.75,0.0,76.14732142857143,4.340553386467307,8.358256074855019,0
0,0,0,44,1,0,1,0,0,1,1,0,1,0,65.4,2774.55,0,1,0,0,0,1,0,0,4,4,0,65.4,0.0,61.65666666666667,4.1956970564823886,7.928604204740065,0
1,1,0,46,1,0,0,0,0,0,0,1,0,1,80.4,3605.2,1,1,1,0,0,1,0,0,2,4,0,0.0,80.4,76.7063829787234,4.399375273008495,8.190409865342268,0
0,1,1,69,1,0,1,1,1,0,0,0,2,1,59.75,4069.9,0,1,0,0,0,0,0,1,4,4,0,119.5,0.0,58.14142857142857,4.1067670822206574,8.311619384212086,0
1,0,0,11,1,0,0,0,0,0,0,1,0,1,78.5,874.2,0,1,1,0,0,1,0,0,2,1,0,0.0,78.5,72.85000000000001,4.375757021660286,6.774452431667717,0
0,1,0,11,1,1,0,1,0,0,1,1,0,1,102.0,1145.35,1,0,1,0,0,1,0,0,5,1,1,0.0,102.0,95.44583333333333,4.634728988229636,7.044338260768671,0
0,0,0,29,1,0,0,0,1,0,0,0,0,0,48.95,1323.7,0,1,0,0,0,0,0,1,2,3,0,0.0,0.0,44.123333333333335,3.9110225050945626,7.188941297690216,0
0,1,0,57,1,1,1,0,0,0,1,1,0,1,99.65,5497.05,0,0,1,0,0,1,0,0,5,4,1,0.0,99.65,94.77672413793104,4.611649152085801,8.612148762899917,0
0,0,0,28,1,0,0,0,0,0,0,0,1,0,18.25,534.7,0,1,0,1,1,0,0,1,1,3,0,18.25,0.0,18.43793103448276,2.9575110607337933,6.283574302886914,0
0,0,0,42,1,0,1,0,1,0,0,0,0,0,54.55,2455.05,0,0,0,0,1,0,0,1,3,4,0,0.0,0.0,57.09418604651163,4.017283516085639,7.806309647365994,0
0,0,0,2,1,0,0,0,0,0,0,0,0,0,20.65,38.7,1,0,0,1,0,0,1,0,1,0,0,0.0,0.0,12.9,3.075005454448499,3.681351187693145,1
0,0,1,23,0,0,1,1,0,1,0,0,1,0,40.65,947.4,0,1,0,0,0,0,0,1,3,2,0,40.65,0.0,39.475,3.7293013686128518,6.854776354191251,0
0,1,1,18,1,0,0,0,0,0,0,0,0,0,20.45,357.0,0,0,0,1,0,0,1,0,1,2,0,0.0,0.0,18.789473684210527,3.065724645374026,5.8805329864007,0
0,1,1,62,1,1,0,0,0,0,0,0,1,0,24.8,1476.25,0,1,0,1,0,0,0,1,2,4,0,24.8,0.0,23.432539682539684,3.250374491927572,7.297937530225784,0
0,0,0,1,1,0,0,0,0,0,0,0,0,1,70.8,70.8,1,0,1,0,0,0,1,0,1,0,0,0.0,70.8,35.4,4.273884476054178,4.273884476054178,1
0,0,0,16,1,1,0,0,0,1,0,1,0,1,89.05,1448.6,1,1,1,0,1,0,0,1,4,2,0,0.0,89.05,85.21176470588235,4.500365071621965,7.2790429352887145,0
0,0,0,3,1,1,0,0,0,0,1,1,0,1,96.6,291.9,1,0,1,0,0,1,0,0,4,0,1,0.0,96.6,72.975,4.580877493419047,5.6798312538336875,1
0,0,0,67,1,1,1,1,1,1,1,1,1,1,88.8,5903.15,0,1,0,0,0,0,0,1,8,4,0,88.8,0.0,86.81102941176471,4.497584975308154,8.683410772461635,0
0,0,0,62,1,0,0,0,0,0,0,0,2,1,20.05,1201.65,0,1,0,1,1,0,0,1,1,4,0,40.1,0.0,19.073809523809526,3.0469005601283903,7.092282734325254,0
0,1,0,57,1,1,0,1,1,0,1,1,0,1,104.5,5921.35,1,0,1,0,1,0,0,1,6,4,1,0.0,104.5,102.09224137931035,4.658710952916121,8.686488608569949,0
0,0,0,2,1,0,0,0,0,0,0,0,0,1,69.8,146.65,0,1,1,0,0,1,0,0,1,0,0,0.0,69.8,48.88333333333333,4.259859000699674,4.994844608189932,1
0,1,1,23,1,1,1,0,1,1,1,0,2,1,77.15,1759.4,0,0,0,0,0,0,0,1,6,2,0,154.3,0.0,73.30833333333334,4.358630056867486,7.473296334936936,0
0,0,1,25,0,0,1,0,0,1,0,0,2,0,35.05,844.45,0,0,0,0,0,0,0,1,2,3,0,70.1,0.0,32.478846153846156,3.584906863730958,6.739869029984439,0
1,0,0,72,1,1,0,1,1,1,1,1,2,1,108.1,7774.05,0,0,1,0,0,0,0,1,7,4,1,216.2,108.1,106.49383561643836,4.692264892839025,8.958675167894924,0
0,1,0,2,1,1,0,0,0,0,1,0,0,1,84.05,134.05,0,0,1,0,0,1,0,0,3,0,0,0.0,84.05,44.68333333333334,4.44323931884187,4.9056450802386244,1
0,0,0,8,1,0,0,0,0,0,0,0,1,1,20.2,140.95,0,0,0,1,0,0,0,1,1,1,0,20.2,0.0,15.66111111111111,3.054001181677967,4.95547488291898,0
0,0,0,5,1,1,0,0,0,0,0,0,0,1,50.6,249.95,1,0,0,0,0,0,1,0,2,0,0,0.0,0.0,41.65833333333333,3.9435216724875173,5.525253716100942,1
0,0,0,35,0,0,0,0,1,0,1,1,0,0,49.2,1701.65,0,1,0,0,0,1,0,0,3,3,0,0.0,0.0,47.268055555555556,3.9160150266976834,7.439941139869458,0
0,0,0,24,1,1,0,0,0,0,0,0,1,0,24.6,592.65,0,1,0,1,0,1,0,0,2,2,0,24.6,0.0,23.706,3.242592351485517,6.3862899201118015,0
0,1,1,2,1,0,0,0,0,0,0,0,0,1,71.65,135.75,0,0,1,0,0,1,0,0,1,0,0,0.0,71.65,45.25,4.285653390016292,4.91815444130209,1
0,1,1,72,1,1,1,1,1,1,0,1,2,1,104.9,7732.65,0,1,1,0,1,0,0,1,7,4,1,209.8,104.9,105.92671232876712,4.662495252607361,8.953336216423796,0
0,0,0,41,1,1,1,1,1,1,1,0,0,1,106.5,4282.4,0,0,1,0,0,1,0,0,7,4,1,0.0,106.5,101.96190476190475,4.677490847567717,8.36250236573647,0
0,0,1,4,1,0,1,0,0,0,0,0,0,0,49.35,219.65,1,1,0,0,0,1,0,0,2,0,0,0.0,0.0,43.93,3.9189986191645714,5.396577735715557,1
0,0,0,26,1,0,0,1,0,0,0,0,1,0,75.5,2018.1,0,1,1,0,0,0,0,1,2,3,0,75.5,75.5,74.74444444444444,4.33729074083249,7.610407146556328,0
0,0,0,7,1,0,0,1,0,0,1,1,0,1,94.25,669.0,1,1,1,0,0,1,0,0,4,1,1,0.0,94.25,83.625,4.55650501400681,6.507277712385012,0
0,1,0,1,1,0,0,0,0,0,0,0,0,1,68.95,68.95,1,0,1,0,0,1,0,0,1,0,0,0.0,68.95,34.475,4.24778070111149,4.24778070111149,1
0,1,1,4,1,1,0,1,0,1,0,0,0,1,58.5,224.85,0,0,0,0,0,0,1,0,4,0,0,0.0,0.0,44.97,4.085976312551584,5.419871062100613,1
0,0,0,48,1,0,0,1,1,1,1,1,2,0,78.9,3771.5,0,1,0,0,1,0,0,1,6,4,0,157.8,0.0,76.96938775510205,4.380775852772229,8.235493190642003,0
1,0,0,2,1,1,0,0,0,0,1,1,0,1,93.85,196.75,1,1,1,0,0,1,0,0,4,0,1,0.0,93.85,65.58333333333333,4.552296696381023,5.2870036066477635,1
1,1,0,12,1,0,1,0,1,1,1,1,1,1,79.2,943.85,0,0,0,0,0,1,0,0,6,1,0,79.2,0.0,72.60384615384615,4.384523514872469,6.851026184736048,0
0,1,0,60,1,1,1,0,1,1,1,1,0,1,109.45,6572.85,0,1,1,0,0,0,0,1,7,4,1,0.0,109.45,107.7516393442623,4.7045629298661265,8.790854936805346,0
0,0,0,55,1,0,1,0,1,1,0,0,2,1,59.2,3175.85,0,1,0,0,0,1,0,0,4,4,0,118.4,0.0,56.71160714285714,4.097672352314776,8.06364541880172,0
0,0,0,1,0,0,0,0,0,1,0,0,0,0,29.15,29.15,0,1,0,0,0,0,1,0,1,0,0,0.0,0.0,14.575,3.4061849231731944,3.4061849231731944,1
0,0,0,1,1,0,0,0,0,0,0,0,0,0,20.05,20.05,0,1,0,1,0,0,1,0,1,0,0,0.0,0.0,10.025,3.0469005601283903,3.0469005601283903,1
0,0,0,4,1,1,0,0,0,0,0,0,0,1,76.05,318.9,1,1,1,0,0,1,0,0,2,0,0,0.0,76.05,63.779999999999994,4.344454561766125,5.768008446955473,1
0,0,0,1,0,0,0,0,0,0,0,0,0,1,24.45,24.45,1,1,0,0,0,0,1,0,0,0,0,0.0,0.0,12.225,3.2367157429965316,3.2367157429965316,1
0,0,0,42,1,0,0,0,1,1,0,1,2,0,66.5,2762.75,0,0,0,0,1,0,0,1,4,4,0,133.0,0.0,64.25,4.212127597878484,7.924343732171656,0
0,0,0,1,1,0,1,0,0,0,0,0,0,0,49.55,49.55,0,0,0,0,0,0,0,1,2,0,0,0.0,0.0,24.775,3.9229629454664803,3.9229629454664803,1
0,0,0,7,1,1,0,0,1,0,1,0,0,1,89.35,631.85,1,1,1,0,1,0,0,1,4,1,0,0.0,89.35,78.98125,4.503691017038237,6.450233427238458,0
0,0,0,3,1,0,0,0,1,0,0,0,0,1,73.6,232.5,0,1,1,0,1,0,0,1,2,0,0,0.0,73.6,58.125,4.312140507209715,5.453182077108952,1
0,1,0,72,1,1,1,1,1,0,1,1,2,1,82.65,5919.35,0,0,0,0,1,0,0,1,7,4,0,165.3,0.0,81.08698630136986,4.426641427432833,8.686150847752058,0
0,0,0,15,1,1,0,0,0,0,0,0,0,1,49.0,749.25,0,1,0,0,0,1,0,0,2,2,0,0.0,0.0,46.828125,3.912023005428146,6.620406484320476,0
0,1,0,4,1,0,0,0,0,0,1,0,0,1,80.35,307.4,1,1,1,0,0,1,0,0,2,0,0,0.0,80.35,61.48,4.3987608336650466,5.731397641689174,1
0,0,0,11,1,1,0,0,0,0,0,0,1,0,25.2,245.15,0,0,0,1,0,1,0,0,2,1,0,25.2,0.0,20.429166666666667,3.265759410767051,5.50594110620421,0
0,0,0,5,1,1,0,0,0,0,0,0,0,0,25.45,134.75,0,0,0,1,0,0,1,0,2,0,0,0.0,0.0,22.458333333333332,3.2752561583043085,4.910814958814044,1
1,0,0,1,1,0,1,0,1,0,0,0,0,1,55.8,55.8,1,0,0,0,0,1,0,0,3,0,0,0.0,0.0,27.9,4.039536325727106,4.039536325727106,1
0,1,0,72,1,1,1,0,1,1,1,1,2,1,110.9,8240.85,0,1,1,0,1,0,0,1,7,4,1,221.8,110.9,112.88835616438357,4.71760561531788,9.016980112267001,0
0,1,0,55,1,1,0,1,0,0,0,0,0,1,77.75,4266.4,0,0,1,0,1,0,0,1,3,4,0,0.0,77.75,76.18571428571428,4.366278277705742,8.358760021470783,0
0,1,1,40,1,1,0,0,0,0,0,0,0,1,26.2,1077.5,0,0,0,1,0,1,0,0,2,4,0,0.0,0.0,26.28048780487805,3.3032169733019514,6.983326465829211,0
0,1,0,57,1,0,0,0,0,0,0,0,2,0,19.9,1115.6,0,0,0,1,0,0,0,1,1,4,0,39.8,0.0,19.23448275862069,3.039749158970765,7.01804363287626,0
0,0,0,1,1,0,0,0,0,0,1,0,0,1,79.05,79.05,1,1,1,0,0,1,0,0,2,0,0,0.0,79.05,39.525,4.382651439442724,4.382651439442724,1
0,1,0,1,1,0,1,0,0,0,1,1,0,1,95.0,95.0,1,1,1,0,0,1,0,0,4,0,1,0.0,95.0,47.5,4.564348191467836,4.564348191467836,1
0,0,0,1,0,0,0,0,0,0,0,0,0,0,25.2,25.2,1,0,0,0,0,0,1,0,0,0,0,0.0,0.0,12.6,3.265759410767051,3.265759410767051,1
1,1,1,52,1,1,0,1,1,0,1,1,1,1,80.85,4079.55,0,1,0,0,0,1,0,0,6,4,0,80.85,0.0,76.97264150943397,4.404888303817144,8.313987062234544,0
1,0,0,41,1,1,0,0,1,0,1,1,0,1,98.4,4187.75,1,1,1,0,0,1,0,0,5,4,1,0.0,98.4,99.70833333333333,4.599152113662528,8.34015763905152,0
0,1,0,43,1,0,0,0,0,0,1,0,1,1,56.35,2391.15,0,1,0,0,0,0,1,0,2,4,0,56.35,0.0,54.34431818181818,4.04917284357538,7.779947822134494,0
0,1,1,47,1,0,0,0,0,0,0,0,2,0,19.3,890.5,0,0,0,1,0,0,0,1,1,4,0,38.6,0.0,18.552083333333332,3.0106208860477417,6.792905437303195,0
0,0,0,3,1,1,0,0,0,0,0,0,0,0,50.4,137.25,0,1,0,0,0,0,0,1,2,0,0,0.0,0.0,34.3125,3.9396381724611196,4.929063640402444,1
1,1,1,66,1,1,1,1,1,1,1,0,2,0,79.4,5154.6,1,1,0,0,1,0,0,1,7,4,0,158.8,0.0,76.93432835820896,4.387014176184921,8.547838781530624,0
0,1,1,55,1,0,0,0,1,1,0,0,2,1,55.25,3119.9,0,1,0,0,1,0,0,1,3,4,0,110.5,0.0,55.7125,4.029806041084529,8.045876700744959,0
0,0,0,29,1,0,0,0,0,0,0,0,1,0,19.1,529.5,0,1,0,1,0,0,1,0,1,3,0,19.1,0.0,17.65,3.0007198150650303,6.2738199580540375,0
0,0,1,12,1,1,0,0,0,0,1,0,0,1,84.05,966.55,0,0,1,0,0,1,0,0,3,1,0,0.0,84.05,74.35,4.44323931884187,6.874767103155157,0
0,1,0,66,1,1,0,1,1,0,1,1,0,1,105.2,6936.85,0,0,1,0,0,1,0,0,6,4,1,0.0,105.2,103.53507462686568,4.665324108807838,8.84474720723256,0
1,0,0,35,1,1,0,0,1,0,1,1,0,1,101.4,3496.3,1,1,1,0,0,1,0,0,5,3,1,0.0,101.4,97.11944444444445,4.628886712605407,8.15974652120194,0
1,1,0,10,1,1,0,0,1,0,0,1,0,1,89.8,914.3,1,1,1,0,0,1,0,0,4,1,0,0.0,89.8,83.11818181818181,4.508659285607248,6.819251880390734,0
0,1,1,27,1,1,0,0,0,0,0,0,0,1,75.75,1929.0,0,1,1,0,0,0,0,1,2,3,0,0.0,75.75,68.89285714285714,4.340553386467307,7.5652752818989315,0
0,0,0,58,1,0,0,0,0,1,1,1,0,1,95.3,5817.7,0,0,1,0,0,1,0,0,4,4,1,0.0,95.3,98.60508474576271,4.56746831880408,8.668832148077609,0
0,1,0,54,1,0,1,1,1,1,1,1,2,0,109.75,6110.2,1,1,1,0,0,0,0,1,7,4,1,219.5,109.75,111.09454545454545,4.707275408925245,8.71787843222715,0
0,0,0,9,1,0,0,0,0,0,0,0,0,0,19.85,178.8,0,1,0,1,0,0,1,0,1,1,0,0.0,0.0,17.880000000000003,3.0373539482448106,5.19184512203752,0
0,0,0,2,1,0,0,0,0,0,0,0,1,0,19.3,28.3,1,1,0,1,1,0,0,1,1,0,0,19.3,0.0,9.433333333333334,3.0106208860477417,3.3775875160230218,1
0,0,0,6,1,0,0,0,0,0,0,0,0,1,69.1,435.0,0,1,1,0,0,1,0,0,1,0,0,0.0,69.1,62.142857142857146,4.249922794040544,6.077642243349034,1
1,0,0,26,1,0,0,0,0,0,1,1,0,1,91.25,2351.8,1,0,1,0,0,1,0,0,3,3,1,0.0,91.25,87.10370370370372,4.524502282920636,7.763361387239786,0
0,0,0,9,1,0,0,0,0,0,0,0,0,0,20.25,186.15,0,0,0,1,0,0,1,0,1,1,0,0.0,0.0,18.615000000000002,3.056356895370426,5.231910434350438,0
0,1,0,8,1,0,0,1,1,0,0,0,0,1,54.75,445.85,0,1,0,0,0,0,1,0,3,1,0,0.0,0.0,49.53888888888889,4.020877410340228,6.102222967827401,0
0,0,0,12,1,0,0,0,0,0,1,0,0,1,81.45,912.0,0,1,1,0,0,1,0,0,2,1,0,0.0,81.45,70.15384615384616,4.412192049005608,6.816735880594968,0
0,0,0,15,1,1,0,0,0,0,0,0,0,1,49.1,679.55,1,0,0,0,0,1,0,0,2,2,0,0.0,0.0,42.471875,3.914021008090819,6.522901294778083,0
0,1,0,43,1,1,1,0,1,0,1,1,1,1,80.2,3581.6,0,1,0,0,0,1,0,0,6,4,0,80.2,0.0,81.39999999999999,4.396915247167632,8.183844072781001,0
0,0,0,42,1,1,0,0,0,1,1,1,0,1,100.3,4222.95,0,1,1,0,0,1,0,0,5,4,1,0.0,100.3,98.20813953488371,4.618086411254637,8.348525988194826,0
0,0,0,31,1,1,1,0,1,1,0,0,0,0,65.25,1994.3,1,0,0,0,1,0,0,1,5,3,0,0.0,0.0,62.321875,4.193435464866331,7.598549693958486,0
0,0,1,66,1,1,1,0,1,1,0,0,2,1,90.95,5930.05,0,0,1,0,1,0,0,1,5,4,1,181.9,90.95,88.50820895522388,4.52124495105033,8.687956542084763,0
1,0,0,18,1,1,0,1,0,1,0,0,0,1,85.45,1505.85,1,0,1,0,0,1,0,0,4,2,0,0.0,85.45,79.25526315789473,4.4595662121293,7.317776658171513,0
0,0,0,1,1,0,0,0,0,0,0,0,0,0,20.0,20.0,0,1,0,1,0,0,1,0,1,0,0,0.0,0.0,10.0,3.044522437723423,3.044522437723423,1
0,1,0,61,1,1,0,1,0,1,1,0,2,1,94.1,5638.3,1,1,1,0,0,1,0,0,5,4,1,188.2,94.1,90.94032258064516,4.554928969551344,8.637515223314212,0
0,0,0,10,1,1,0,1,0,0,0,0,0,0,79.85,797.25,0,1,1,0,0,1,0,0,3,1,0,0.0,79.85,72.47727272727273,4.392595586023115,6.682421831594891,0
1,0,0,1,1,0,0,0,0,0,0,0,0,1,71.65,71.65,1,1,1,0,0,1,0,0,1,0,0,0.0,71.65,35.825,4.285653390016292,4.285653390016292,1
1,0,0,18,1,0,0,1,0,0,0,0,0,1,73.55,1359.45,0,0,1,0,0,1,0,0,2,2,0,0.0,73.55,71.55,4.311470041210748,7.215570806353545,0
0,1,0,24,1,1,0,1,1,0,1,1,0,1,104.65,2542.45,1,1,1,0,0,1,0,0,6,2,1,0.0,104.65,101.698,4.660131744062066,7.8412767061179585,0
0,1,1,3,1,0,0,0,0,0,0,0,0,0,19.3,54.7,0,0,0,1,0,0,1,0,1,0,0,0.0,0.0,13.675,3.0106208860477417,4.019980146933238,1
0,0,0,50,1,0,0,0,0,0,0,0,1,0,20.15,989.05,0,1,0,1,1,0,0,1,1,4,0,20.15,0.0,19.39313725490196,3.0516399054922867,6.897755446903804,0
0,1,1,1,1,0,0,0,0,0,0,0,0,0,44.55,44.55,0,1,0,0,0,1,0,0,1,0,0,0.0,0.0,22.275,3.8188106237059674,3.8188106237059674,1
0,0,0,2,1,0,1,0,0,1,0,0,0,1,54.45,87.3,0,1,0,0,0,0,1,0,3,0,0,0.0,0.0,29.099999999999998,4.015481713796376,4.480740107609915,1
0,0,0,17,1,0,0,0,0,0,0,0,1,1,19.65,351.55,0,1,0,1,0,0,0,1,1,2,0,19.65,0.0,19.530555555555555,3.027715319407042,5.865192456165049,0
0,1,1,69,1,1,0,1,1,0,1,1,2,1,105.0,7297.75,0,1,1,0,0,1,0,0,6,4,1,210.0,105.0,104.25357142857143,4.663439094112067,8.895458379597747,0
0,1,0,72,1,1,1,1,1,1,1,1,2,1,88.7,6301.7,0,1,0,0,1,0,0,1,8,4,0,177.4,0.0,86.32465753424657,4.49647076906475,8.74873339199769,0
0,0,0,3,1,1,0,0,0,0,0,0,0,1,74.25,210.3,1,0,1,0,0,1,0,0,2,0,0,0.0,74.25,52.575,4.3208159036289855,5.353278924622011,1
1,1,1,50,1,1,1,1,1,0,0,1,2,1,75.15,3822.45,0,1,0,0,0,0,0,1,6,4,0,150.3,0.0,74.95,4.332705079341171,8.248908435375105,0
0,0,0,53,1,0,0,0,0,0,0,0,2,0,20.25,1048.45,0,0,0,1,0,0,1,0,1,4,0,40.5,0.0,19.41574074074074,3.056356895370426,6.956021496391625,0
0,1,0,58,1,1,1,1,0,1,1,1,2,1,109.1,6393.65,0,0,1,0,1,0,0,1,7,4,1,218.2,109.1,108.36694915254236,4.701389043728634,8.763216982257173,0
0,0,0,46,0,0,1,0,0,0,0,0,1,1,30.75,1489.3,0,1,0,0,0,0,0,1,1,4,0,30.75,0.0,31.68723404255319,3.457892725338701,7.306732720954747,0
1,1,0,72,1,1,1,1,1,1,1,1,0,1,112.9,8061.5,0,1,1,0,1,0,0,1,8,4,1,0.0,112.9,110.43150684931507,4.735320870453137,8.994978961104028,0
1,0,0,1,1,1,0,0,0,0,0,0,0,1,74.2,74.2,1,0,1,0,0,1,0,0,2,0,0,0.0,74.2,37.1,4.320151230955794,4.320151230955794,1
0,1,1,6,1,1,0,1,1,0,1,0,0,1,94.05,518.75,0,0,1,0,0,0,1,0,5,0,1,0.0,94.05,74.10714285714286,4.554403068934438,6.2533479267381225,1
0,1,0,72,1,1,1,1,1,1,0,1,2,0,78.85,5763.15,0,1,0,0,0,0,0,1,7,4,0,157.7,0.0,78.9472602739726,4.380149874661021,8.659412980375532,0
0,0,0,4,1,0,0,0,0,0,0,1,0,1,55.3,238.5,0,1,0,0,0,0,1,0,2,0,0,0.0,0.0,47.7,4.030694535145645,5.4785534168509695,1
0,1,1,52,1,0,0,0,0,0,0,0,2,0,19.35,1031.7,0,0,0,1,0,0,1,0,1,4,0,38.7,0.0,19.466037735849056,3.013080911888604,6.939932010677358,0
0,1,1,0,1,1,0,0,0,0,0,0,2,0,25.35,0.0,0,1,0,1,0,0,1,0,2,0,0,50.7,0.0,0.0,3.2714682749873716,0.0,1
0,0,0,2,1,0,0,0,0,0,0,0,1,0,20.45,34.8,0,0,0,1,0,0,1,0,1,0,0,20.45,0.0,11.6,3.065724645374026,3.5779478934066544,1
0,1,0,65,1,0,0,0,0,0,0,0,2,0,19.35,1319.95,0,0,0,1,0,0,0,1,1,4,0,38.7,0.0,19.999242424242425,3.013080911888604,7.1861064536924415,0
1,1,0,43,1,1,0,1,0,0,1,1,0,1,101.0,4388.4,1,1,1,0,0,1,0,0,5,4,1,0.0,101.0,99.73636363636363,4.624972813284271,8.386947822468757,0
0,1,0,4,1,1,0,1,0,0,1,1,0,1,100.2,420.2,1,1,1,0,0,1,0,0,5,0,1,0.0,100.2,84.03999999999999,4.617098756853365,6.04310778025982,1
1,1,0,25,1,1,1,0,0,0,0,1,1,1,89.05,2177.45,1,1,1,0,0,1,0,0,4,3,0,89.05,89.05,83.74807692307692,4.500365071621965,7.686368893721923,0
0,1,0,51,1,1,0,1,0,1,1,1,1,1,78.65,3950.85,0,0,0,0,1,0,0,1,6,4,0,78.65,0.0,75.97788461538461,4.3776420363560575,8.281939102681845,0
0,0,0,12,1,1,0,0,1,0,1,1,0,0,74.75,827.05,0,1,0,0,0,0,0,1,5,1,0,0.0,0.0,63.61923076923077,4.327438444389479,6.7190735390355,0
0,1,1,57,1,0,1,0,0,0,1,1,1,1,70.1,3913.3,1,0,0,0,0,0,0,1,4,4,0,70.1,0.0,67.47068965517242,4.264087336809195,8.272391792949225,0
0,1,1,24,1,0,0,0,0,0,0,0,1,0,19.9,533.5,0,0,0,1,0,0,1,0,1,2,0,19.9,0.0,21.34,3.039749158970765,6.2813317304651,0
0,1,0,64,1,1,0,0,1,1,0,0,1,0,58.35,3756.45,0,0,0,0,0,0,0,1,4,4,0,58.35,0.0,57.79153846153846,4.083452121055677,8.2314958148187,0
0,0,0,4,1,0,0,1,1,1,1,1,1,1,105.65,443.9,1,0,1,0,0,1,0,0,6,0,1,105.65,105.65,88.78,4.669552444917359,6.097849537811996,1
0,0,0,26,1,1,0,0,1,0,1,1,0,1,100.5,2599.95,0,0,1,0,0,0,0,1,5,3,1,0.0,100.5,96.29444444444444,4.620058798481842,7.8636320418882555,0
0,1,1,15,1,0,0,0,0,0,0,0,0,0,20.05,284.3,0,0,0,1,0,0,1,0,1,2,0,0.0,0.0,17.76875,3.0469005601283903,5.653541258219454,0
1,1,0,64,1,1,0,0,0,0,0,0,2,0,25.65,1740.8,0,1,0,1,1,0,0,1,2,4,0,51.3,0.0,26.78153846153846,3.2827891506118534,7.462674340258639,0
1,1,0,36,1,1,0,1,0,0,1,1,0,1,96.5,3436.1,1,1,1,0,0,1,0,0,5,3,1,0.0,96.5,92.86756756756756,4.579852378003801,8.14238337156769,0
0,1,0,27,1,1,0,0,0,0,1,1,0,0,95.0,2462.55,0,0,1,0,1,0,0,1,4,3,1,0.0,95.0,87.94821428571429,4.564348191467836,7.809358678104415,0
1,1,0,1,1,0,0,0,0,0,0,0,0,0,70.85,70.85,1,1,1,0,0,0,1,0,1,0,0,0.0,70.85,35.425,4.274580612525034,4.274580612525034,1
0,0,0,35,1,1,1,0,1,1,1,1,1,1,85.95,3110.1,1,0,0,0,1,0,0,1,7,3,0,85.95,0.0,86.39166666666667,4.465333240800292,8.042731640386172,0
0,0,0,4,1,0,0,0,1,0,0,0,0,1,73.9,280.85,1,1,1,0,0,1,0,0,2,0,0,0.0,73.9,56.17,4.316153890523174,5.6413750145275845,1
0,1,1,8,1,0,0,0,0,0,0,0,0,1,45.45,411.75,0,0,0,0,0,1,0,0,1,1,0,0.0,0.0,45.75,3.8383764652598478,6.022842082800238,0
0,0,0,10,1,0,0,0,0,0,0,0,0,1,20.0,198.6,0,1,0,1,1,0,0,1,1,1,0,0.0,0.0,18.054545454545455,3.044522437723423,5.296315363877364,0
0,0,0,2,1,0,0,1,0,0,0,0,0,0,49.2,103.7,0,0,0,0,0,0,1,0,2,0,0,0.0,0.0,34.56666666666667,3.9160150266976834,4.651099117876491,1
0,1,0,58,1,1,1,1,1,0,1,1,2,1,109.45,6144.55,1,0,1,0,0,0,0,1,7,4,1,218.9,109.45,104.14491525423729,4.7045629298661265,8.723483521656435,0
0,1,0,51,1,0,1,1,1,1,1,1,2,1,83.25,4089.45,0,1,0,0,1,0,0,1,7,4,0,166.5,0.0,78.64326923076922,4.433788569232471,8.31641026743448,0
0,1,1,46,1,0,0,0,0,0,0,0,2,1,19.25,864.2,0,0,0,1,0,0,1,0,1,4,0,38.5,0.0,18.387234042553192,3.0081547935525483,6.762960694078903,0
0,0,0,1,1,0,0,0,0,0,0,0,0,1,19.65,19.65,0,1,0,1,0,0,0,1,1,0,0,0.0,0.0,9.825,3.027715319407042,3.027715319407042,1
0,0,0,46,1,1,0,0,0,0,0,0,0,0,72.8,3249.4,0,1,1,0,0,0,0,1,2,4,0,0.0,72.8,69.13617021276596,4.301358731606427,8.086533344673517,0
0,1,0,50,1,1,1,1,0,1,1,1,0,1,109.65,5405.8,0,0,1,0,0,0,0,1,7,4,1,0.0,109.65,105.99607843137255,4.7063720664970585,8.595412699609673,0
0,1,1,53,1,0,0,1,0,1,1,0,0,0,65.0,3363.8,0,1,0,0,1,0,0,1,4,4,0,0.0,0.0,62.2925925925926,4.189654742026425,8.121123804948436,0
0,1,0,61,1,1,0,1,1,1,1,1,0,1,114.1,7132.15,0,1,1,0,0,1,0,0,7,4,1,0.0,114.1,115.03467741935484,4.745801315727837,8.87250821107698,0
0,0,0,5,1,0,0,0,0,0,0,0,0,0,20.65,93.55,0,1,0,1,0,0,0,1,1,0,0,0.0,0.0,15.591666666666667,3.075005454448499,4.549128795104466,1
0,0,0,47,1,0,1,1,1,1,1,1,1,1,86.95,4138.9,0,1,0,0,0,0,0,1,7,4,0,86.95,0.0,86.22708333333333,4.476768471183568,8.32842691193826,0
0,0,0,54,1,1,0,1,1,0,1,0,1,1,94.75,5121.75,0,0,1,0,0,0,0,1,5,4,1,94.75,94.75,93.12272727272727,4.561740628060756,8.541446683216941,0
0,0,1,19,0,0,0,0,0,0,0,0,0,1,25.35,566.1,0,1,0,0,1,0,0,1,0,2,0,0.0,0.0,28.305,3.2714682749873716,6.340535655019982,0
0,0,1,26,1,0,0,1,1,1,1,1,2,1,105.45,2715.3,0,0,1,0,0,1,0,0,6,3,1,210.9,105.45,100.56666666666668,4.667675391339489,7.907025939132466,0
0,1,1,70,1,1,0,0,0,0,0,0,2,0,25.4,1782.05,0,1,0,1,0,0,1,0,2,4,0,50.8,0.0,25.099295774647885,3.2733640101522705,7.486080660094743,0
0,1,0,17,1,1,0,1,1,0,1,1,0,1,102.55,1742.5,0,1,1,0,0,1,0,0,6,2,1,0.0,102.55,96.80555555555556,4.640054587841593,7.463649866115706,0
0,0,0,30,1,1,0,1,0,0,1,1,0,1,100.2,2983.8,1,0,1,0,0,1,0,0,5,3,1,0.0,100.2,96.25161290322582,4.617098756853365,8.001288021906948,0
0,0,1,1,1,1,0,0,0,0,0,0,0,0,24.0,24.0,0,0,0,1,0,0,1,0,2,0,0,0.0,0.0,12.0,3.2188758248682006,3.2188758248682006,1
0,1,1,19,1,1,0,0,0,0,0,0,2,0,25.6,485.9,0,0,0,1,0,0,1,0,2,2,0,51.2,0.0,24.294999999999998,3.2809112157876537,6.188058763188655,0
0,1,0,26,1,0,0,1,1,0,1,1,2,1,73.5,1905.7,0,0,0,0,1,0,0,1,5,3,0,147.0,0.0,70.58148148148149,4.310799125385514,7.553129278070399,0
0,1,1,21,1,0,0,1,0,0,0,0,0,1,74.05,1565.7,1,0,1,0,0,0,0,1,2,2,0,0.0,74.05,71.16818181818182,4.318154558079471,7.356726775399442,0
0,1,0,50,1,1,0,1,0,0,1,1,1,1,98.25,4858.7,0,1,1,0,0,1,0,0,5,4,1,98.25,98.25,95.26862745098039,4.5976419195673,8.488731986594201,0
0,1,0,68,0,0,1,0,1,0,1,1,1,1,54.4,3723.65,0,0,0,0,0,1,0,0,4,4,0,54.4,0.0,53.96594202898551,4.014579593753238,8.222728166667624,0
0,0,0,3,1,1,0,0,1,0,1,1,0,1,101.55,298.35,1,1,1,0,0,0,0,1,5,0,1,0.0,101.55,74.5875,4.63035048451839,5.701613457371361,1
0,1,1,9,1,0,0,0,1,1,1,1,0,0,103.1,970.45,0,1,1,0,0,1,0,0,5,1,1,0.0,103.1,97.045,4.645351975620923,6.878789800689122,0
0,1,1,51,0,0,1,0,0,1,0,0,2,0,34.2,1782.0,0,0,0,0,0,0,0,1,2,4,0,68.4,0.0,34.26923076923077,3.5610460826040513,7.48605261786314,0
0,0,0,9,1,0,0,0,0,0,0,0,0,1,43.75,405.7,0,0,0,0,0,1,0,0,1,1,0,0.0,0.0,40.57,3.8010914447208646,6.008075812913178,0
1,1,1,41,1,1,0,1,1,1,1,1,1,1,111.95,4534.9,1,1,1,0,0,1,0,0,7,4,1,111.95,111.95,107.97380952380952,4.726945242914012,8.419778799309196,0
0,0,0,22,1,1,0,1,0,0,1,1,0,1,100.65,2415.95,0,1,1,0,0,1,0,0,5,2,1,0.0,100.65,105.04130434782608,4.621535540074356,7.790261693687688,0
0,1,1,21,0,0,1,0,1,0,1,1,1,1,55.95,1157.05,1,0,0,0,0,1,0,0,4,2,0,55.95,0.0,52.59318181818182,4.0421736898931915,7.054492835093721,0
0,1,1,71,1,1,1,1,1,1,1,1,2,1,116.05,8297.5,0,1,1,0,0,0,0,1,8,4,1,232.1,116.05,115.24305555555556,4.76260119393692,9.023830054560774,0
0,0,0,1,1,0,0,0,0,0,0,0,0,0,45.75,45.75,1,1,0,0,0,1,0,0,1,0,0,0.0,0.0,22.875,3.844814255734696,3.844814255734696,1
0,1,1,26,1,1,0,0,1,1,1,1,1,1,82.0,2083.1,0,1,0,0,1,0,0,1,6,3,0,82.0,0.0,77.15185185185184,4.418840607796598,7.6420923863669445,0
0,1,0,71,1,1,1,1,0,1,0,0,2,0,65.15,4681.75,0,1,0,0,0,0,0,1,5,4,0,130.3,0.0,65.02430555555556,4.191924890560965,8.451640823176001,0
0,0,0,4,1,0,0,0,0,0,0,0,0,1,44.8,176.2,0,1,0,0,1,0,0,1,1,0,0,0.0,0.0,35.239999999999995,3.824284091120139,5.177279038170981,1
0,0,0,12,1,1,1,0,0,0,0,0,0,1,79.8,1001.2,0,0,1,0,0,1,0,0,3,1,0,0.0,79.8,77.01538461538462,4.39197696552705,6.909952862525624,0
0,1,0,18,1,1,0,0,0,1,1,0,0,1,88.85,1594.75,0,0,1,0,0,1,0,0,4,2,0,0.0,88.85,83.9342105263158,4.498141613229568,7.375099124136167,0
0,0,0,3,1,1,0,0,0,0,0,0,0,1,74.95,212.4,0,0,1,0,0,1,0,0,2,0,0,0.0,74.95,53.1,4.330075229041782,5.363168338867653,1
1,1,0,72,1,1,1,1,0,0,1,1,1,1,106.85,7677.4,0,0,1,0,0,0,0,1,6,4,1,106.85,106.85,105.16986301369863,4.680741372835166,8.94616647110398,0
0,0,0,11,1,0,0,1,0,0,0,0,0,0,74.95,815.5,1,1,1,0,0,1,0,0,2,1,0,0.0,74.95,67.95833333333333,4.330075229041782,6.70502691241052,0
0,0,0,1,1,0,0,0,0,0,0,1,0,0,80.15,80.15,1,0,1,0,1,0,0,1,2,0,0,0.0,80.15,40.075,4.396299293960601,4.396299293960601,1
0,0,0,13,1,0,0,0,0,0,0,0,1,0,19.3,259.65,0,1,0,1,1,0,0,1,1,2,0,19.3,0.0,18.54642857142857,3.0106208860477417,5.563178511214115,0
0,1,0,72,1,1,0,1,1,1,1,1,1,1,109.25,8109.8,1,0,1,0,0,1,0,0,7,4,1,109.25,109.25,111.09315068493152,4.702750514326955,9.000951785894308,0
0,1,0,42,1,1,1,0,0,0,0,0,1,0,56.1,2386.85,0,1,0,0,1,0,0,1,3,4,0,56.1,0.0,55.50813953488372,4.044804116661965,7.778148658469255,0
0,0,0,17,1,0,0,0,0,0,0,0,0,0,19.7,340.35,0,0,0,1,1,0,0,1,1,2,0,0.0,0.0,18.908333333333335,3.0301337002713233,5.83290834386429,0
1,0,0,7,1,0,0,1,0,0,0,0,0,1,51.3,419.35,0,0,0,0,0,0,1,0,2,1,0,0.0,0.0,52.41875,3.9569963710708773,6.041087697581306,0
0,1,0,68,1,1,1,1,1,1,1,1,2,0,118.6,7990.05,0,0,1,0,0,0,1,0,8,4,1,237.2,118.6,115.79782608695652,4.784152841516532,8.986077444394057,0
0,1,1,56,1,1,0,0,0,0,0,0,2,0,24.15,1402.25,0,1,0,1,0,0,0,1,2,4,0,48.3,0.0,24.600877192982455,3.224857896545748,7.246546253822308,0
0,1,1,38,1,0,0,0,0,0,0,0,1,0,20.3,749.35,0,0,0,1,0,0,1,0,1,4,0,20.3,0.0,19.214102564102564,3.0587070727153796,6.6205397643419985,0
0,1,1,72,1,1,1,1,1,1,1,1,2,1,115.5,8425.15,0,0,1,0,0,1,0,0,8,4,1,231.0,115.5,115.41301369863014,4.757891273005756,9.039095244421809,0
0,0,0,48,1,1,0,0,0,0,0,0,1,0,25.05,1171.5,0,0,0,1,1,0,0,1,2,4,0,25.05,0.0,23.908163265306122,3.260017768199376,7.066893500320434,0
1,1,0,52,1,1,1,1,1,0,1,1,0,1,109.1,5647.95,0,0,1,0,0,1,0,0,7,4,1,0.0,109.1,106.56509433962263,4.701389043728634,8.639224966161997,0
0,1,1,35,1,0,0,0,0,0,0,0,1,0,19.65,708.8,0,0,0,1,0,0,1,0,1,3,0,19.65,0.0,19.688888888888886,3.027715319407042,6.564983240212396,0
0,1,0,67,1,1,0,1,1,1,1,1,2,1,111.3,7567.2,0,1,1,0,0,0,0,1,7,4,1,222.6,111.3,111.28235294117647,4.721173861744398,8.931710537443836,0
0,0,0,1,0,0,1,0,0,0,0,0,0,0,29.9,29.9,0,0,0,0,0,0,1,0,1,0,0,0.0,0.0,14.95,3.4307561839036995,3.4307561839036995,1
0,0,0,53,1,0,0,1,0,1,0,0,0,1,80.6,4348.1,0,1,1,0,0,0,1,0,3,4,0,0.0,80.6,80.52037037037037,4.401829261970061,8.377724206124961,0
0,1,1,34,1,0,0,0,0,0,0,0,0,0,20.8,635.9,0,1,0,1,0,0,1,0,1,3,0,0.0,0.0,18.16857142857143,3.0819099697950434,6.45661265737732,0
0,0,0,3,0,0,0,0,0,0,1,0,0,0,35.2,108.95,1,0,0,0,1,0,0,1,1,0,0,0.0,0.0,27.2375,3.5890591188317256,4.70002571700077,1
0,1,0,1,1,0,0,0,0,0,1,0,0,0,78.8,78.8,1,0,1,0,0,1,0,0,2,0,0,0.0,78.8,39.4,4.379523504455763,4.379523504455763,1
0,0,0,19,1,0,0,0,1,1,1,0,0,0,89.95,1682.4,0,1,1,0,0,0,1,0,4,2,1,0.0,89.95,84.12,4.5103099049641315,7.428570836777475,0
1,1,0,60,1,1,1,1,1,1,1,1,2,1,116.05,6925.9,0,0,1,0,0,0,0,1,8,4,1,232.1,116.05,113.53934426229507,4.76260119393692,8.843167661654507,0
0,0,0,11,1,0,0,0,0,0,0,0,2,0,19.55,223.15,0,1,0,1,1,0,0,1,1,1,0,39.1,0.0,18.595833333333335,3.022860940942244,5.412315470601449,0
0,0,0,47,1,1,0,1,1,0,1,1,0,1,106.4,5127.95,1,0,1,0,0,1,0,0,6,4,1,0.0,106.4,106.83229166666666,4.676560182074764,8.542656238852768,0
0,0,0,18,1,0,1,0,0,0,0,0,0,0,49.4,874.8,1,1,0,0,0,1,0,0,2,2,0,0.0,0.0,46.04210526315789,3.919991175077323,6.775137754367298,0
0,1,1,60,1,1,1,1,1,1,1,1,2,0,115.25,6758.45,0,0,1,0,1,0,0,1,8,4,1,230.5,115.25,110.79426229508196,4.755743044467466,8.818696804780283,0
0,1,0,72,1,1,0,0,0,0,0,0,2,0,24.8,1874.3,0,1,0,1,1,0,0,1,2,4,0,49.6,0.0,25.675342465753424,3.250374491927572,7.536523925605876,0
0,0,0,39,1,0,0,0,0,0,0,0,1,0,19.9,791.15,0,1,0,1,0,0,1,0,1,4,0,19.9,0.0,19.77875,3.039749158970765,6.674750767821052,0
0,1,0,59,1,0,1,0,1,0,0,0,1,1,81.25,4639.45,0,0,1,0,1,0,0,1,3,4,0,81.25,81.25,77.32416666666667,4.409763389645481,8.442566623276399,0
0,1,1,2,1,0,0,0,0,0,0,0,0,0,69.95,143.9,0,1,1,0,0,0,1,0,1,0,0,0.0,69.95,47.96666666666667,4.261975403606051,4.976043849326636,1
1,0,0,1,1,0,0,0,0,0,0,0,0,0,69.1,69.1,1,1,1,0,0,1,0,0,1,0,0,0.0,69.1,34.55,4.249922794040544,4.249922794040544,1
0,1,1,20,1,0,0,0,0,0,1,1,0,1,90.2,1776.55,1,1,1,0,0,1,0,0,3,2,1,0.0,90.2,84.59761904761905,4.513054897080286,7.48299129067699,0
0,0,0,6,1,1,0,0,0,0,1,1,0,1,93.55,536.4,1,0,1,0,0,0,0,1,4,0,1,0.0,93.55,76.62857142857142,4.549128795104466,6.286742696181391,1
0,0,0,71,1,1,0,0,1,1,0,0,2,1,86.4,6172.0,0,1,1,0,1,0,0,1,4,4,0,172.8,86.4,85.72222222222223,4.470495282661489,8.727940222393896,0
0,1,0,24,1,1,1,1,1,0,0,0,0,0,66.3,1559.45,0,0,0,0,0,0,1,0,5,2,0,0.0,0.0,62.378,4.209160236650682,7.352729520185014,0
1,1,0,67,1,1,0,0,0,0,1,1,0,1,94.65,6079.0,0,1,1,0,1,0,0,1,4,4,1,0.0,94.65,89.3970588235294,4.560695695886262,8.712759974960212,0
0,0,0,1,1,0,0,0,0,0,0,1,0,1,80.85,80.85,1,1,1,0,0,0,1,0,2,0,0,0.0,80.85,40.425,4.404888303817144,4.404888303817144,1
0,1,1,48,1,1,0,0,0,0,0,1,1,1,82.05,4029.95,1,0,1,0,0,0,1,0,3,4,0,82.05,82.05,82.2438775510204,4.419442836059304,8.30175735917023,0
0,1,0,37,1,1,0,1,0,1,0,1,1,0,72.1,2658.4,0,0,0,0,0,0,1,0,5,4,0,72.1,0.0,69.9578947368421,4.291828366755733,7.885855812422606,0
0,0,0,11,0,0,0,1,1,0,0,0,0,0,34.7,383.55,0,1,0,0,0,0,1,0,2,1,0,0.0,0.0,31.962500000000002,3.5751506887855933,5.952073819503063,0
0,1,0,3,1,0,0,0,0,0,0,0,0,1,20.55,51.15,1,1,0,1,1,0,0,1,1,0,0,0.0,0.0,12.7875,3.070375816549757,3.9541241814467813,1
0,1,0,18,1,0,0,0,1,0,1,1,0,1,95.95,1745.5,0,0,1,0,1,0,0,1,4,2,1,0.0,95.95,91.86842105263158,4.574195381688661,7.465369064246887,0
0,1,1,50,1,0,0,0,0,0,0,0,1,1,44.8,2230.85,0,1,0,0,0,0,0,1,1,4,0,44.8,0.0,43.7421568627451,3.824284091120139,7.710586116941816,0
0,1,1,67,1,1,1,0,1,1,1,1,1,1,109.4,7281.6,0,0,1,0,0,1,0,0,7,4,1,109.4,109.4,107.08235294117648,4.704110133842995,8.893243220287545,0
0,1,0,25,1,0,1,1,0,1,0,1,0,1,71.05,1837.7,0,0,0,0,0,0,1,0,5,3,0,0.0,0.0,70.68076923076923,4.277360322445531,7.516814079159796,0
1,0,0,2,1,1,0,0,1,0,0,0,0,1,78.55,149.55,1,0,1,0,0,1,0,0,3,0,0,0.0,78.55,49.85,4.376385754783795,5.014295254927743,1
0,0,0,9,1,0,0,0,0,0,0,0,0,0,19.7,180.7,0,1,0,1,1,0,0,1,1,1,0,0.0,0.0,18.07,3.0301337002713233,5.202356975402125,0
0,0,1,10,0,0,1,1,0,1,0,0,1,0,40.25,411.45,0,0,0,0,0,0,1,0,3,1,0,40.25,0.0,37.404545454545456,3.71965111278069,6.0221149863067405,0
0,1,0,70,1,0,0,0,0,0,0,0,2,0,19.85,1328.35,0,0,0,1,1,0,0,1,1,4,0,39.7,0.0,18.709154929577462,3.0373539482448106,7.192445379947863,0
0,0,0,9,1,0,1,0,1,1,0,1,0,1,68.25,576.95,0,1,0,0,0,0,0,1,5,1,0,0.0,0.0,57.69500000000001,4.237723145067448,6.359487359740276,0
0,0,0,4,1,0,0,0,0,0,0,0,0,1,20.15,68.45,0,0,0,1,1,0,0,1,1,0,0,0.0,0.0,13.690000000000001,3.0516399054922867,4.240607069200353,1
0,0,0,2,1,0,1,0,0,0,0,0,0,0,50.95,123.05,0,0,0,0,0,0,1,0,2,0,0,0.0,0.0,41.016666666666666,3.9502817175452365,4.82068471013781,1
0,0,1,1,1,0,0,0,0,0,0,1,0,0,78.65,78.65,1,0,1,0,0,1,0,0,2,0,0,0.0,78.65,39.325,4.3776420363560575,4.3776420363560575,1
0,0,0,19,0,0,0,0,0,0,0,0,0,1,25.15,468.35,0,1,0,0,0,0,0,1,0,2,0,0.0,0.0,23.4175,3.263849190510932,6.1513487587830005,0
0,1,1,7,1,0,0,0,0,0,0,0,0,1,20.25,174.7,0,1,0,1,0,0,0,1,1,1,0,0.0,0.0,21.8375,3.056356895370426,5.168777995193051,0
0,0,0,1,1,0,0,0,0,0,0,0,0,1,42.9,42.9,1,1,0,0,0,1,0,0,1,0,0,0.0,0.0,21.45,3.7819143200811256,3.7819143200811256,1
1,0,0,1,1,0,0,0,0,0,0,0,0,0,44.0,44.0,0,1,0,0,0,1,0,0,1,0,0,0.0,0.0,22.0,3.8066624897703196,3.8066624897703196,1
0,1,1,9,1,0,0,0,0,0,0,0,1,0,20.25,172.35,0,0,0,1,0,0,1,0,1,1,0,20.25,0.0,17.235,3.056356895370426,5.155312672131032,0
0,0,0,3,0,0,1,0,0,1,0,0,0,0,34.25,139.35,1,0,0,0,0,0,1,0,2,0,0,0.0,0.0,34.8375,3.5624655292582776,4.9441393028078915,1
0,0,0,9,0,0,1,0,1,1,1,1,0,0,58.5,539.85,1,0,0,0,0,0,1,0,5,1,0,0.0,0.0,53.985,4.085976312551584,6.293141976076298,0
0,0,0,5,1,0,1,0,1,0,0,0,0,0,55.8,300.4,0,0,0,0,1,0,0,1,3,0,0,0.0,0.0,50.06666666666666,4.039536325727106,5.708438286192395,1
0,1,1,56,1,0,0,0,0,0,1,1,1,0,88.9,4968.0,0,0,1,0,0,0,0,1,3,4,0,88.9,88.9,87.15789473684211,4.498697941477575,8.51097389160232,0
0,0,1,18,1,1,1,0,0,0,0,0,0,0,57.65,992.7,0,0,0,0,0,0,1,0,3,2,0,0.0,0.0,52.247368421052634,4.0715875750994845,6.901435350237318,0
1,0,0,49,1,1,0,0,0,0,1,1,0,1,96.2,4718.25,1,1,1,0,0,1,0,0,4,4,1,0.0,96.2,94.365,4.576770711466393,8.459405167648843,0
0,1,0,70,1,1,1,1,1,1,1,0,2,0,79.15,5536.5,0,1,0,0,0,0,1,0,7,4,0,158.3,0.0,77.97887323943662,4.383899879055562,8.619298414353391,0
0,0,0,72,1,1,0,1,1,1,1,1,2,1,108.05,7806.6,0,0,1,0,1,0,0,1,7,4,1,216.1,108.05,106.93972602739727,4.691806492647638,8.962852897272455,0
1,0,0,6,1,0,0,0,1,0,0,0,0,0,74.4,434.1,1,0,1,0,0,1,0,0,2,0,0,0.0,74.4,62.01428571428572,4.32280727501391,6.075575889726634,1
1,1,0,17,1,1,0,0,0,0,1,1,0,1,94.8,1563.9,0,1,1,0,0,1,0,0,4,2,1,0.0,94.8,86.88333333333334,4.562262684976814,7.355577203169126,0
0,1,0,29,0,0,0,0,0,0,1,1,0,1,45.9,1332.4,0,1,0,0,0,1,0,0,2,3,0,0.0,0.0,44.413333333333334,3.8480176754522337,7.19548735018396,0
0,1,0,6,1,1,0,1,1,0,1,1,0,1,105.3,545.2,1,0,1,0,0,1,0,0,6,0,1,0.0,105.3,77.88571428571429,4.666265285347902,6.302985209039605,1
0,1,0,63,1,1,0,0,1,0,1,1,2,0,102.6,6296.75,0,1,1,0,0,1,0,0,5,4,1,205.2,102.6,98.38671875,4.640537329825382,8.747947705731782,0
0,1,0,16,1,1,0,0,0,0,0,0,0,1,73.85,1284.2,1,1,1,0,0,0,0,1,2,2,0,0.0,73.85,75.54117647058824,4.3154861108656375,7.158669627241704,0
0,0,0,59,1,0,0,0,1,0,0,1,1,1,61.35,3645.5,0,1,0,0,0,0,0,1,3,4,0,61.35,0.0,60.75833333333333,4.132763672126045,8.201523082424288,0
0,0,0,3,1,0,0,0,1,0,1,0,0,0,57.55,161.45,0,0,0,0,0,1,0,0,3,0,0,0.0,0.0,40.3625,4.069881090043726,5.090370262115109,1
0,0,0,8,0,0,0,1,0,0,0,0,0,1,29.25,226.95,0,0,0,0,0,0,1,0,1,1,0,0.0,0.0,25.216666666666665,3.4094961844768505,5.42912630665945,0
1,1,0,7,1,1,0,0,0,0,0,1,0,1,84.55,646.85,1,0,1,0,0,1,0,0,3,1,0,0.0,84.55,80.85625,4.449101000338202,6.47365918807482,0
0,0,0,68,1,0,0,0,0,0,0,0,2,0,19.6,1441.65,0,0,0,1,1,0,0,1,1,4,0,39.2,0.0,20.893478260869568,3.0252910757955354,7.2742369791112536,0
0,1,1,68,1,1,1,0,1,1,1,1,2,0,111.75,7511.3,0,0,1,0,1,0,0,1,7,4,1,223.5,111.75,108.85942028985508,4.725172978382788,8.92429695619291,0
1,1,0,52,1,1,0,1,1,0,1,1,1,1,106.5,5621.85,0,0,1,0,0,1,0,0,6,4,1,106.5,106.5,106.07264150943396,4.677490847567717,8.634593931784867,0
0,1,1,72,1,1,1,1,0,1,1,1,2,1,107.7,7919.8,0,1,1,0,1,0,0,1,7,4,1,215.4,107.7,108.4904109589041,4.688591794127164,8.977247489808304,0
0,1,0,32,1,0,0,0,0,0,0,0,1,0,19.3,593.2,0,0,0,1,0,0,1,0,1,3,0,19.3,0.0,17.975757575757576,3.0106208860477417,6.387215963028507,0
0,1,0,72,1,0,0,0,0,0,0,0,2,0,20.05,1423.65,0,0,0,1,0,0,0,1,1,4,0,40.1,0.0,19.50205479452055,3.0469005601283903,7.261681448499596,0
0,1,1,1,1,0,0,0,0,0,0,0,0,1,69.95,69.95,0,1,1,0,1,0,0,1,1,0,0,0.0,69.95,34.975,4.261975403606051,4.261975403606051,1
0,1,1,42,1,0,1,0,0,1,0,1,1,0,63.7,2763.35,0,1,0,0,1,0,0,1,4,4,0,63.7,0.0,64.2639534883721,4.169761201506855,7.924560804946156,0
0,0,0,25,1,1,0,0,0,0,0,0,2,0,24.75,692.1,1,0,0,1,1,0,0,1,2,3,0,49.5,0.0,26.61923076923077,3.248434627109745,6.541174288923939,0
0,0,0,45,1,0,1,0,0,0,0,0,0,1,50.9,2298.55,0,1,0,0,0,0,0,1,2,4,0,0.0,0.0,49.96847826086957,3.949318790171843,7.740468730600945,0
0,1,1,43,0,0,1,0,1,1,1,1,1,1,60.4,2640.55,0,0,0,0,1,0,0,1,5,4,0,60.4,0.0,60.0125,4.117409835153096,7.879121145064257,0
0,1,0,37,1,1,1,0,1,0,1,1,1,0,79.25,2911.8,0,1,0,0,0,0,1,0,6,4,0,79.25,0.0,76.6263157894737,4.385146762010125,7.976870096861224,0
1,0,0,20,1,1,0,0,0,0,0,1,0,1,85.8,1727.5,1,0,1,0,1,0,0,1,3,2,0,0.0,85.8,82.26190476190476,4.463606621666305,7.455009259361679,0
0,0,0,4,0,0,0,0,0,0,0,0,0,1,24.45,86.6,1,0,0,0,0,1,0,0,0,0,0,0.0,0.0,17.32,3.2367157429965316,4.472780997942346,1
0,1,0,63,1,0,1,1,1,1,1,1,2,1,110.1,6705.7,0,1,1,0,1,0,0,1,7,4,1,220.2,110.1,104.7765625,4.7104306966455844,8.81086230571214,0
0,0,0,3,1,0,0,0,0,0,1,1,0,0,90.7,237.65,0,1,1,0,0,0,1,0,3,0,1,0.0,90.7,59.4125,4.51852237926242,5.474998043451905,1
0,1,1,66,1,1,0,0,0,0,0,0,2,1,25.3,1672.35,0,1,0,1,1,0,0,1,2,4,0,50.6,0.0,24.96044776119403,3.269568939183719,7.422582884127426,0
0,0,0,28,1,1,0,1,1,0,1,1,0,1,105.7,2979.5,1,1,1,0,0,1,0,0,6,3,1,0.0,105.7,102.74137931034483,4.670021158307708,7.999846350659981,0
1,0,0,8,1,1,0,0,0,0,0,1,0,0,85.2,695.75,0,0,1,0,0,1,0,0,3,1,0,0.0,85.2,77.30555555555556,4.456670177669648,6.546426666362057,0
0,0,1,71,1,1,0,0,0,0,0,0,2,0,24.35,1654.6,0,1,0,1,0,0,1,0,2,4,0,48.7,0.0,22.980555555555554,3.232778730037192,7.4119187598745775,0
0,0,0,1,0,0,0,0,0,0,0,0,0,1,24.25,24.25,1,1,0,0,0,1,0,0,0,0,0,0.0,0.0,12.125,3.228826155721369,3.228826155721369,1
0,1,1,72,1,1,0,0,0,0,0,0,2,0,25.1,1857.85,0,0,0,1,0,0,0,1,2,4,0,50.2,0.0,25.45,3.261935314328648,7.527713295923721,0
1,1,0,16,1,0,1,1,0,0,0,0,0,1,54.55,825.1,0,1,0,0,0,0,0,1,3,2,0,0.0,0.0,48.53529411764706,4.017283516085639,6.716715831568459,0
0,1,0,66,1,1,1,1,1,1,0,0,2,0,96.6,6424.25,0,1,1,0,0,0,1,0,6,4,1,193.2,96.6,95.88432835820896,4.580877493419047,8.767990819512264,0
0,0,0,11,1,1,0,0,0,0,0,0,0,1,76.5,837.95,1,0,1,0,0,1,0,0,2,1,0,0.0,76.5,69.82916666666667,4.350277936359301,6.732151109935707,0
0,0,0,51,1,1,1,1,1,1,1,0,1,1,81.15,4126.2,0,1,0,0,1,0,0,1,7,4,0,81.15,0.0,79.35,4.408546844483277,8.32535448993044,0
0,0,1,8,0,0,1,0,0,0,0,1,0,1,38.5,330.8,0,0,0,0,0,1,0,0,2,1,0,0.0,0.0,36.75555555555556,3.676300671907076,5.8045323777563445,0
0,0,0,14,1,0,0,0,0,0,1,1,0,1,92.9,1337.45,0,1,1,0,0,1,0,0,3,2,1,0.0,92.9,89.16333333333334,4.542230386214217,7.19926750701427,0
0,0,0,4,1,1,0,1,0,1,0,1,0,1,93.5,362.2,1,0,1,0,0,1,0,0,5,0,1,0.0,93.5,72.44,4.548599834499697,5.894953646727139,1
0,0,0,70,1,1,1,1,1,0,1,1,2,0,84.7,5991.05,0,0,0,0,0,0,1,0,7,4,0,169.4,0.0,84.38098591549296,4.450852825603734,8.69818886962152,0
0,0,1,70,1,1,1,1,0,1,0,0,2,0,66.0,4891.5,0,0,0,0,0,1,0,0,5,4,0,132.0,0.0,68.8943661971831,4.204692619390966,8.495458699270232,0
1,1,0,54,1,1,0,1,0,0,1,1,1,1,101.5,5373.1,1,0,1,0,1,0,0,1,5,4,1,101.5,101.5,97.69272727272728,4.629862798578463,8.589346397115445,0
0,0,1,28,1,0,1,0,0,0,0,0,0,1,74.9,2068.55,1,1,1,0,0,0,0,1,2,3,0,0.0,74.9,71.32931034482759,4.3294166844015844,7.635086471322152,0
0,0,0,24,1,0,0,0,0,0,0,0,2,0,20.75,487.05,0,1,0,1,0,0,1,0,1,2,0,41.5,0.0,19.482,3.079613757534693,6.1904178596209745,0
0,1,0,69,1,0,0,1,0,0,0,1,2,1,61.45,4131.2,0,0,0,0,1,0,0,1,3,4,0,122.9,0.0,59.01714285714286,4.134366236571586,8.326565231778707,0
0,1,1,42,1,0,1,1,0,0,0,0,0,0,54.5,2301.15,0,1,0,0,0,0,1,0,3,4,0,0.0,0.0,53.51511627906977,4.0163830207523885,7.7415987478887605,0
1,0,0,2,1,0,0,0,0,0,0,0,0,1,69.6,131.65,1,0,1,0,0,1,0,0,1,0,0,0.0,69.6,43.88333333333333,4.257030144499196,4.8877140805837485,1
1,0,0,39,1,1,0,0,1,0,1,1,0,1,99.75,4036.0,0,0,1,0,0,1,0,0,5,4,1,0.0,99.75,100.9,4.612642200826793,8.30325712085294,0
0,1,1,45,1,1,0,1,1,1,1,1,2,1,109.75,4900.65,0,1,1,0,0,0,0,1,7,4,1,219.5,109.75,106.53586956521738,4.707275408925245,8.497327162110192,0
0,1,1,72,1,1,1,1,1,1,1,0,2,1,80.85,5727.45,0,1,0,0,0,0,0,1,7,4,0,161.7,0.0,78.45821917808219,4.404888303817144,8.653200267007206,0
0,0,0,38,1,0,0,0,0,0,0,0,2,0,20.3,743.05,0,0,0,1,0,0,1,0,1,4,0,40.6,0.0,19.0525641025641,3.0587070727153796,6.612108236876059,0
0,1,0,72,1,1,1,1,1,1,0,0,2,1,67.8,4804.65,0,1,0,0,0,0,0,1,6,4,0,135.6,0.0,65.81712328767122,4.231203744939298,8.477547588009875,0
0,0,0,1,1,1,0,0,0,0,0,0,0,1,24.05,24.05,1,1,0,1,0,0,1,0,2,0,0,0.0,0.0,12.025,3.2208738275308737,3.2208738275308737,1
0,1,1,72,1,0,0,0,0,0,0,0,2,1,19.8,1414.65,0,1,0,1,1,0,0,1,1,4,0,39.6,0.0,19.378767123287673,3.0349529867072724,7.255344068559612,0
0,1,0,55,1,1,0,0,0,0,0,0,2,0,25.7,1443.65,0,1,0,1,0,0,0,1,2,4,0,51.4,0.0,25.779464285714287,3.2846635654062037,7.275622356674983,0
0,1,1,51,0,0,0,0,1,1,1,1,1,1,56.15,2898.95,0,0,0,0,0,1,0,0,4,4,0,56.15,0.0,55.74903846153846,4.04567939024082,7.972448774446621,0
0,0,0,63,1,0,1,1,1,1,1,1,2,1,86.7,5309.5,0,1,0,0,0,0,0,1,7,4,0,173.4,0.0,82.9609375,4.473921899378137,8.577441271761595,0
0,0,0,1,1,0,0,0,0,0,0,0,0,0,20.4,20.4,0,0,0,1,0,0,1,0,1,0,0,0.0,0.0,10.2,3.0633909220278057,3.0633909220278057,1
0,1,1,23,1,0,0,0,0,0,0,0,2,1,19.65,451.55,0,0,0,1,0,0,1,0,1,2,0,39.3,0.0,18.814583333333335,3.027715319407042,6.11489825427318,0
0,0,0,1,1,0,0,1,0,0,0,0,0,0,50.55,50.55,1,0,0,0,0,1,0,0,2,0,0,0.0,0.0,25.275,3.942552210462969,3.942552210462969,1
0,0,0,2,1,1,0,0,0,1,0,0,0,1,54.35,117.05,0,0,0,0,0,0,1,0,3,0,0,0.0,0.0,39.016666666666666,4.013676659154646,4.771108263531522,1
1,0,0,52,1,1,1,1,1,0,1,1,0,0,108.1,5839.3,0,0,1,0,1,0,0,1,7,4,1,0.0,108.1,110.17547169811321,4.692264892839025,8.6725374443659,0
0,0,0,36,1,1,1,0,0,0,0,0,1,0,54.45,1893.5,0,0,0,0,0,0,1,0,3,3,0,54.45,0.0,51.17567567567568,4.015481713796376,7.546710230458656,0
0,0,0,1,1,0,0,0,0,0,0,0,0,0,45.35,45.35,0,0,0,0,0,0,1,0,1,0,0,0.0,0.0,22.675,3.836221292011864,3.836221292011864,1
0,0,0,28,1,1,1,0,1,0,0,0,1,0,59.0,1654.45,0,0,0,0,0,0,1,0,4,3,0,59.0,0.0,57.050000000000004,4.0943445622221,7.411828154175417,0
0,1,1,7,1,0,1,1,1,0,1,0,1,0,69.45,477.05,0,0,0,0,0,1,0,0,5,1,0,69.45,0.0,59.63125,4.254903238344689,6.1697153295314555,0
0,0,0,14,1,1,0,1,0,0,1,1,0,1,100.55,1415.55,1,1,1,0,0,1,0,0,5,2,1,0.0,100.55,94.36999999999999,4.620551288026394,7.255979616917987,0
1,1,0,72,0,0,1,1,1,1,1,1,2,1,64.95,4546.0,0,1,0,0,1,0,0,1,6,4,0,129.9,0.0,62.273972602739725,4.188896879163323,8.42222295382501,0
0,1,1,1,1,0,0,0,0,0,0,0,0,1,20.5,20.5,1,0,0,1,0,0,1,0,1,0,0,0.0,0.0,10.25,3.068052935133617,3.068052935133617,1
0,0,0,10,1,0,0,0,0,0,0,0,0,0,18.85,163.2,0,0,0,1,0,0,1,0,1,1,0,0.0,0.0,14.836363636363636,2.9882040071331994,5.101085197018328,0
0,0,0,42,1,0,0,0,0,0,0,0,1,0,19.8,849.9,0,1,0,1,0,0,0,1,1,4,0,19.8,0.0,19.765116279069765,3.0349529867072724,6.746294612855512,0
0,0,0,7,0,0,0,0,0,0,0,0,0,0,25.05,189.95,0,0,0,0,0,0,0,1,0,1,0,0.0,0.0,23.74375,3.260017768199376,5.252011613671526,0
0,0,0,4,1,0,0,0,1,0,0,0,0,1,74.8,321.9,1,1,1,0,0,0,0,1,2,0,0,0.0,74.8,64.38,4.328098292648326,5.77734267776423,1
0,1,1,72,1,1,1,1,1,1,1,1,2,1,114.3,8058.55,0,1,1,0,1,0,0,1,8,4,1,228.6,114.3,110.39109589041097,4.747537427275013,8.994613002676543,0
0,1,0,20,0,0,0,0,0,0,0,0,0,1,24.45,482.8,1,0,0,0,0,1,0,0,0,2,0,0.0,0.0,22.99047619047619,3.2367157429965316,6.181671598175927,0
0,0,0,63,1,0,1,1,1,1,1,1,2,0,109.2,7049.75,0,1,1,0,1,0,0,1,7,4,1,218.4,109.2,110.15234375,4.702296896718814,8.86088927312677,0
0,0,0,56,0,0,1,1,1,1,0,0,2,0,45.05,2560.1,0,0,0,0,0,0,0,1,4,4,0,90.1,0.0,44.9140350877193,3.829727762701316,7.84819213268437,0
0,0,1,5,1,0,0,0,0,1,0,0,0,1,51.0,286.8,0,0,0,0,0,0,1,0,2,0,0,0.0,0.0,47.800000000000004,3.9512437185814275,5.662265794453267,1
0,1,0,72,1,1,0,1,1,1,1,1,2,1,110.45,7982.5,0,0,1,0,0,0,0,1,7,4,1,220.9,110.45,109.34931506849315,4.713576059831878,8.985132190779757,0
1,1,1,68,1,1,0,1,1,0,0,0,0,1,84.65,5683.6,0,1,1,0,0,1,0,0,4,4,0,0.0,84.65,82.37101449275363,4.450269224770129,8.645516043111149,0
0,1,1,67,1,0,1,1,0,1,0,0,1,0,60.05,3994.05,0,1,0,0,0,0,1,0,4,4,0,60.05,0.0,58.73602941176471,4.111693200556713,8.292811373766611,0
0,1,1,8,1,0,0,0,0,0,0,0,0,0,44.65,369.15,0,1,0,0,0,0,0,1,1,1,0,0.0,0.0,41.016666666666666,3.8210036070409776,5.913908328889107,0
0,1,1,52,1,1,0,1,0,1,0,1,0,1,93.25,4631.7,0,1,1,0,0,0,0,1,5,4,1,0.0,93.25,87.39056603773585,4.54595082632812,8.440895130460174,0
0,1,1,18,1,0,0,0,0,0,0,0,0,1,20.25,401.95,0,0,0,1,0,0,1,0,1,2,0,0.0,0.0,21.155263157894737,3.056356895370426,5.998812484770521,0
0,1,1,59,1,1,0,0,0,0,0,0,2,0,25.45,1534.05,0,0,0,1,0,0,1,0,2,4,0,50.9,0.0,25.5675,3.2752561583043085,7.336318232780702,0
0,0,0,60,1,0,0,0,0,0,0,0,2,0,20.6,1093.0,0,0,0,1,0,0,1,0,1,4,0,41.2,0.0,17.918032786885245,3.0726933146901194,6.9975959829819265,0
0,0,0,7,1,1,0,0,0,0,1,1,0,1,94.1,701.3,0,1,1,0,0,1,0,0,4,1,1,0.0,94.1,87.6625,4.554928969551344,6.5543606631649745,0
0,1,1,59,0,0,1,0,1,0,0,0,1,0,34.8,1980.3,0,1,0,0,0,0,1,0,2,4,0,34.8,0.0,33.005,3.5779478934066544,7.591508473900213,0
0,0,0,46,0,0,1,0,1,1,1,1,2,1,60.75,2893.4,0,1,0,0,0,0,0,1,5,4,0,121.5,0.0,61.56170212765958,4.123093975508087,7.9705331146410305,0
0,0,0,5,1,0,0,1,0,0,0,0,0,1,51.35,262.3,0,1,0,0,0,1,0,0,2,0,0,0.0,0.0,43.71666666666667,3.9579519373165457,5.573294066502264,1
1,1,0,59,0,0,1,0,1,1,1,1,2,1,64.05,3886.85,0,1,0,0,1,0,0,1,5,4,0,128.1,0.0,64.78083333333333,4.1751562049585145,8.265611584589179,0
0,1,0,70,1,1,0,1,1,1,1,1,2,1,84.8,5917.55,0,0,0,0,0,0,0,1,7,4,0,169.6,0.0,83.34577464788732,4.4520190064939165,8.685846765444772,0
0,0,0,14,1,0,0,0,0,0,0,0,0,1,71.0,914.0,1,0,1,0,1,0,0,1,1,2,0,0.0,71.0,60.93333333333333,4.276666119016055,6.818924065275521,0
0,0,0,44,1,1,0,0,0,0,0,0,0,1,50.15,2139.1,0,0,0,0,0,0,1,0,2,4,0,0.0,0.0,47.535555555555554,3.9347624923976356,7.668607835896095,0
0,1,0,64,1,1,1,0,1,0,1,0,2,1,94.6,5948.7,0,0,1,0,1,0,0,1,5,4,1,189.2,94.6,91.51846153846154,4.560172820057356,8.691096077100468,0
0,1,1,58,0,0,1,0,1,1,1,1,2,0,59.75,3624.35,0,0,0,0,0,0,1,0,5,4,0,119.5,0.0,61.429661016949154,4.1067670822206574,8.195706114352095,0
1,1,0,46,1,1,0,0,0,1,1,1,1,0,100.25,4753.85,0,0,1,0,0,1,0,0,5,4,1,100.25,100.25,101.14574468085107,4.617592705986649,8.466920428740588,0
1,1,0,58,1,1,0,1,0,0,1,1,0,1,98.9,5780.7,0,1,1,0,0,1,0,0,5,4,1,0.0,98.9,97.97796610169492,4.604169685654508,8.662453036069365,0
0,1,0,72,1,1,0,1,0,0,1,1,2,1,97.7,6869.7,0,0,1,0,1,0,0,1,5,4,1,195.4,97.7,94.1054794520548,4.592084946439436,8.835021272311026,0
1,0,0,30,0,0,0,0,1,0,1,0,0,1,40.3,1172.95,1,0,0,0,0,1,0,0,2,3,0,0.0,0.0,37.83709677419355,3.720862499966987,7.068129410043267,0
1,0,0,11,1,1,1,1,0,0,0,0,0,0,60.25,662.95,0,1,0,0,0,0,0,1,4,1,0,0.0,0.0,55.24583333333334,4.114963849424837,6.498206845436337,0
1,0,0,34,0,0,0,1,1,0,1,1,0,1,56.25,1765.95,0,0,0,0,0,1,0,0,4,3,0,0.0,0.0,50.455714285714286,4.047427642434349,7.477010175371521,0
0,0,0,54,0,0,1,1,0,0,0,1,2,0,46.2,2431.95,0,1,0,0,0,0,0,1,3,4,0,92.4,0.0,44.21727272727272,3.8543938925915096,7.796859791811975,0
0,0,0,3,0,0,0,1,0,0,1,1,0,1,50.6,155.35,1,0,0,0,0,1,0,0,3,0,0,0.0,0.0,38.8375,3.9435216724875173,5.05209708390385,1
0,1,1,72,1,1,0,0,0,0,0,0,2,0,24.9,1859.2,0,0,0,1,0,0,1,0,2,4,0,49.8,0.0,25.46849315068493,3.254242968705492,7.528439287808367,0
0,1,1,40,1,1,0,0,1,1,0,0,0,1,84.85,3303.05,1,0,1,0,0,1,0,0,4,4,0,0.0,84.85,80.56219512195122,4.4526015873434845,8.102904267698277,0
0,1,1,2,1,0,0,0,0,0,1,1,0,0,65.7,134.35,1,0,0,0,0,0,1,0,3,0,0,0.0,0.0,44.78333333333333,4.200204952921578,4.90786401606031,1
0,1,1,54,1,1,0,0,1,0,0,1,2,0,63.35,3409.1,0,1,0,0,1,0,0,1,4,4,0,126.7,0.0,61.983636363636364,4.164336934042136,8.134496895360774,0
0,0,0,14,1,0,1,0,0,0,0,0,0,0,50.1,709.5,0,0,0,0,0,0,0,1,2,2,0,0.0,0.0,47.3,3.933784497209659,6.565968947537155,0
0,0,0,1,1,0,0,0,0,0,0,0,0,0,70.5,70.5,1,0,1,0,0,1,0,0,1,0,0,0.0,70.5,35.25,4.269697449699962,4.269697449699962,1
0,0,0,10,1,1,0,1,1,0,0,1,0,1,94.85,953.45,1,0,1,0,0,1,0,0,5,1,1,0.0,94.85,86.67727272727274,4.562784469491653,6.861135258346911,0
0,0,0,1,1,0,1,0,0,0,0,0,0,0,50.15,50.15,0,0,0,0,0,1,0,0,2,0,0,0.0,0.0,25.075,3.9347624923976356,3.9347624923976356,1
0,0,0,1,1,0,0,0,0,0,0,0,0,0,19.75,19.75,1,1,0,1,0,0,1,0,1,0,0,0.0,0.0,9.875,3.0325462466767075,3.0325462466767075,1
0,0,0,56,1,1,1,1,0,1,0,0,1,1,64.65,3665.55,0,1,0,0,0,0,0,1,5,4,0,64.65,0.0,64.30789473684212,4.184337600748806,8.20700644442437,0
0,1,0,68,1,0,1,1,0,1,1,1,2,1,79.6,5515.8,0,0,0,0,0,0,0,1,6,4,0,159.2,0.0,79.93913043478261,4.389498649512583,8.61555326102932,0
0,1,1,14,1,0,0,0,0,0,0,0,1,1,19.5,272.0,0,0,0,1,0,0,1,0,1,2,0,19.5,0.0,18.133333333333333,3.0204248861443626,5.60947179518496,0
0,1,1,68,1,0,1,0,0,1,1,1,2,1,99.55,6668.0,0,1,1,0,0,1,0,0,5,4,1,199.1,99.55,96.6376811594203,4.610655116218661,8.805225202632306,0
1,1,0,55,1,1,0,0,0,0,0,0,0,1,74.0,4052.4,0,1,1,0,0,1,0,0,2,4,0,0.0,74.0,72.36428571428571,4.31748811353631,8.307311314085213,0
0,0,0,16,0,0,1,0,0,0,1,0,0,1,38.9,664.4,0,0,0,0,0,1,0,0,2,2,0,0.0,0.0,39.08235294117647,3.686376323895818,6.500388363584376,0
1,0,0,9,1,0,0,0,0,0,0,1,0,1,79.55,718.55,0,1,1,0,0,1,0,0,2,1,0,0.0,79.55,71.85499999999999,4.388878109622984,6.578626016616183,0
0,1,1,14,1,0,1,1,0,0,1,0,0,1,65.45,937.6,1,1,0,0,0,1,0,0,4,2,0,0.0,0.0,62.50666666666667,4.196449785159254,6.844389403360317,0
1,1,0,58,1,1,0,0,1,0,1,1,0,1,98.7,5812.6,1,1,1,0,0,1,0,0,5,4,1,0.0,98.7,98.51864406779661,4.602165676967792,8.667955279302426,0
0,0,0,53,0,0,1,1,0,0,0,1,0,1,46.3,2546.85,0,1,0,0,0,0,0,1,3,4,0,0.0,0.0,47.163888888888884,3.856510295497887,7.843005145257438,0
0,1,0,70,1,1,1,1,1,0,1,0,2,1,99.35,6944.5,0,1,1,0,1,0,0,1,6,4,1,198.7,99.35,97.80985915492958,4.608664075242347,8.845849246837444,0
1,1,1,14,1,1,0,0,0,0,1,1,0,1,95.8,1346.3,0,0,1,0,0,1,0,0,4,2,1,0.0,95.8,89.75333333333333,4.572646994282532,7.205857868761802,0
0,1,1,22,1,0,1,0,1,1,1,0,1,1,67.5,1544.05,1,1,0,0,0,0,0,1,5,2,0,67.5,0.0,67.13260869565217,4.22683374526818,7.342811551267739,0
0,1,0,10,1,1,1,0,0,0,0,0,0,1,78.15,765.15,0,0,1,0,1,0,0,1,3,1,0,0.0,78.15,69.55909090909091,4.371344786327021,6.641377973024185,0
0,1,1,29,1,1,0,0,0,0,0,0,2,0,26.1,692.55,0,0,0,1,0,0,1,0,2,3,0,52.2,0.0,23.084999999999997,3.299533727885655,6.541823335209299,0
0,0,0,1,1,0,0,0,0,0,0,0,0,1,69.6,69.6,1,0,1,0,0,1,0,0,1,0,0,0.0,69.6,34.8,4.257030144499196,4.257030144499196,1
0,1,0,49,1,1,1,0,1,1,1,1,1,0,84.35,4059.35,1,1,0,0,0,1,0,0,7,4,0,84.35,0.0,81.187,4.4467604492404496,8.30902445577673,0
1,1,0,68,1,1,0,1,0,0,1,1,0,1,100.2,6851.65,1,0,1,0,0,1,0,0,5,4,1,0.0,100.2,99.29927536231884,4.617098756853365,8.832390717758596,0
0,0,0,1,1,0,0,0,0,0,1,0,0,0,78.05,78.05,1,0,1,0,0,1,0,0,2,0,0,0.0,78.05,39.025,4.370080563655481,4.370080563655481,1
0,0,0,30,0,0,0,0,0,1,0,1,1,1,40.35,1187.05,0,0,0,0,1,0,0,1,2,3,0,40.35,0.0,38.291935483870965,3.7220724214697003,7.080068586579022,0
0,1,0,72,1,1,1,1,1,1,1,0,2,0,79.2,5401.9,0,0,0,0,1,0,0,1,7,4,0,158.4,0.0,73.99863013698629,4.384523514872469,8.59469112543662,0
0,0,0,10,1,0,0,0,0,0,0,0,0,1,20.9,247.0,0,0,0,1,0,0,1,0,1,1,0,0.0,0.0,22.454545454545453,3.086486636822455,5.5134287461649825,0
0,0,0,7,1,1,0,0,0,0,0,0,0,0,73.6,520.0,1,1,1,0,0,1,0,0,2,1,0,0.0,73.6,65.0,4.312140507209715,6.255750041753367,0
0,0,0,9,1,1,0,0,0,0,0,0,0,1,74.75,706.6,1,0,1,0,0,1,0,0,2,1,0,0.0,74.75,70.66,4.327438444389479,6.56187896228563,0
0,0,1,1,1,0,1,0,0,0,0,0,0,0,49.9,49.9,0,0,0,0,0,0,1,0,2,0,0,0.0,0.0,24.95,3.929862923556477,3.929862923556477,1
0,0,0,20,1,1,0,1,0,1,0,1,0,1,68.9,1370.35,0,0,0,0,1,0,0,1,5,2,0,0.0,0.0,65.2547619047619,4.247065649239764,7.223550935092717,0
0,0,0,1,1,0,0,0,0,0,0,0,0,1,20.25,20.25,0,0,0,1,0,0,1,0,1,0,0,0.0,0.0,10.125,3.056356895370426,3.056356895370426,1
0,0,0,29,1,1,0,0,0,0,0,0,0,1,76.0,2215.25,0,0,1,0,1,0,0,1,2,3,0,0.0,76.0,73.84166666666667,4.343805421853684,7.703571857388417,0
0,0,0,1,1,0,0,0,0,1,0,0,0,0,74.0,74.0,0,1,1,0,0,1,0,0,2,0,0,0.0,74.0,37.0,4.31748811353631,4.31748811353631,1
0,0,0,3,1,0,1,0,0,1,0,0,0,1,82.3,214.4,0,1,1,0,0,0,1,0,3,0,0,0.0,82.3,53.6,4.422448549172797,5.372496764722288,1
0,0,0,20,1,0,1,0,1,0,1,0,0,1,89.4,1871.15,0,0,1,0,0,0,0,1,4,2,0,0.0,89.4,89.10238095238095,4.504244267398131,7.534842782032572,0
0,0,1,64,1,0,0,1,0,1,1,1,0,1,99.15,6171.2,0,1,1,0,1,0,0,1,5,4,1,0.0,99.15,94.94153846153846,4.606669062111827,8.727810617365039,0
0,0,0,1,1,0,0,0,0,0,0,0,0,1,20.2,20.2,1,1,0,1,0,0,1,0,1,0,0,0.0,0.0,10.1,3.054001181677967,3.054001181677967,1
0,0,0,6,0,0,1,0,0,0,0,0,0,0,29.45,161.45,0,0,0,0,0,0,0,1,1,0,0,0.0,0.0,23.064285714285713,3.416085994155906,5.090370262115109,1
0,1,0,50,1,0,0,0,0,0,0,0,2,0,19.8,1013.2,0,1,0,1,0,1,0,0,1,4,0,39.6,0.0,19.866666666666667,3.0349529867072724,6.921855403360919,0
0,0,0,6,1,0,1,0,0,0,0,1,0,1,59.15,336.7,0,1,0,0,0,0,0,1,3,0,0,0.0,0.0,48.1,4.096841442420688,5.822157927391522,1
0,1,1,7,1,0,0,0,0,0,0,0,0,0,44.75,333.65,0,1,0,0,0,1,0,0,1,1,0,0.0,0.0,41.70625,3.82319179172153,5.813085209546651,0
0,1,1,72,1,1,0,0,1,0,0,1,2,1,90.8,6511.8,0,1,1,0,1,0,0,1,4,4,1,181.6,90.8,89.2027397260274,4.519612297626445,8.781524750259768,0
0,1,0,8,1,0,0,1,0,0,0,0,0,1,49.55,393.45,0,1,0,0,0,0,0,1,2,1,0,0.0,0.0,43.71666666666667,3.9229629454664803,5.977492389541099,0
0,1,1,67,1,1,1,0,0,1,1,1,2,0,106.7,7009.5,0,0,1,0,1,0,0,1,6,4,1,213.4,106.7,103.08088235294117,4.679349584162343,8.855164304161185,0
1,1,0,24,1,1,0,0,0,0,1,1,0,1,93.55,2264.05,1,0,1,0,0,1,0,0,4,2,1,0.0,93.55,90.56200000000001,4.549128795104466,7.725352112728672,0
0,1,0,72,1,1,1,1,0,0,0,1,2,1,94.45,6921.7,0,0,1,0,1,0,0,1,5,4,1,188.9,94.45,94.81780821917808,4.558602550171757,8.842561145924268,0
0,1,1,33,1,0,0,0,0,0,0,0,1,1,19.45,600.25,0,1,0,1,0,0,0,1,1,3,0,19.45,0.0,17.654411764705884,3.017982882488811,6.399010821419971,0
0,0,0,2,0,0,0,0,0,0,0,0,0,1,25.05,56.35,1,1,0,0,0,1,0,0,0,0,0,0.0,0.0,18.783333333333335,3.260017768199376,4.04917284357538,1
0,1,0,70,1,0,1,1,0,1,0,1,2,0,67.95,4664.15,0,1,0,0,0,0,1,0,5,4,0,135.9,0.0,65.69225352112676,4.233381604239311,8.44787526710534,0
0,0,0,22,1,0,0,1,1,0,1,0,1,0,65.25,1441.8,0,0,0,0,0,0,0,1,4,2,0,65.25,0.0,62.68695652173913,4.193435464866331,7.2743409490293836,0
0,0,0,59,1,1,1,1,1,0,0,1,0,1,99.45,5623.7,0,0,1,0,0,0,0,1,6,4,1,0.0,99.45,93.72833333333332,4.609660091260944,8.634922892317014,0
0,0,0,36,1,0,0,0,0,0,0,0,1,1,20.35,695.85,0,1,0,1,1,0,0,1,1,3,0,20.35,0.0,18.80675675675676,3.0610517396746335,6.546570179565519,0
0,1,1,51,1,0,0,0,0,0,0,0,2,0,19.95,1028.75,0,0,0,1,0,0,1,0,1,4,0,39.9,0.0,19.783653846153847,3.0421386463681466,6.93707133331619,0
0,1,0,53,1,1,1,0,1,1,1,0,1,0,77.4,4155.95,0,1,0,0,0,0,0,1,6,4,0,77.4,0.0,76.96203703703704,4.361823927356363,8.332536911275563,0
0,1,1,20,1,0,0,0,0,0,0,0,1,0,19.7,395.6,0,0,0,1,0,0,0,1,1,2,0,19.7,0.0,18.83809523809524,3.0301337002713233,5.982928216085695,0
0,1,0,63,1,0,1,0,1,0,1,1,2,0,99.7,6330.4,0,1,1,0,1,0,0,1,5,4,1,199.4,99.7,98.9125,4.612145799724517,8.75327665972029,0
0,0,0,40,1,0,0,1,0,0,0,0,0,0,74.8,2971.7,0,0,1,0,1,0,0,1,2,4,0,0.0,74.8,72.48048780487804,4.328098292648326,7.997225909732963,0
0,0,0,35,1,0,0,0,0,0,0,0,1,1,19.15,638.0,0,1,0,1,0,0,1,0,1,3,0,19.15,0.0,17.72222222222222,3.0032042883926917,6.459904454377535,0
0,1,1,26,1,0,0,0,0,0,0,1,1,0,78.95,2034.25,0,1,1,0,0,0,0,1,2,3,0,78.95,78.95,75.3425925925926,4.381401439279963,7.618373940454087,0
1,1,0,27,1,1,0,1,1,0,0,1,0,1,95.55,2510.2,1,1,1,0,0,1,0,0,5,3,1,0.0,95.55,89.64999999999999,4.570061008874523,7.828516005527744,0
0,0,1,53,1,0,1,1,0,1,0,0,1,0,62.85,3419.5,0,1,0,0,1,0,0,1,4,4,0,62.85,0.0,63.324074074074076,4.156536582478548,8.137542018201053,0
1,1,0,34,1,0,0,0,0,0,0,0,0,0,71.55,2427.35,0,1,1,0,1,0,0,1,1,3,0,0.0,71.55,69.35285714285715,4.2842759793301965,7.794967293355625,0
1,1,0,19,1,1,0,0,0,0,1,1,0,1,94.95,1760.25,0,0,1,0,0,1,0,0,4,2,1,0.0,94.95,88.0125,4.563827222453709,7.4737790632128895,0
0,1,0,43,1,0,1,1,1,0,0,0,0,1,86.1,3551.65,0,1,1,0,1,0,0,1,4,4,0,0.0,86.1,80.71931818181818,4.467056883858457,8.175449082865923,0
0,1,1,6,1,0,0,0,0,0,0,0,0,0,19.55,122.9,0,1,0,1,0,0,1,0,1,0,0,0.0,0.0,17.557142857142857,3.022860940942244,4.819474788635096,1
0,0,1,56,1,1,0,0,0,0,0,0,2,1,24.8,1424.2,0,1,0,1,0,0,1,0,2,4,0,49.6,0.0,24.985964912280703,3.250374491927572,7.262067433731681,0
0,0,0,57,0,0,0,1,0,0,1,0,0,1,39.3,2111.45,1,1,0,0,0,1,0,0,2,4,0,0.0,0.0,36.404310344827586,3.696351468952637,7.6556036903121685,0
0,1,1,34,1,0,0,0,1,0,1,0,0,1,84.05,2909.95,0,1,1,0,0,0,1,0,3,3,0,0.0,84.05,83.14142857142856,4.44323931884187,7.97623476737001,0
0,0,0,10,0,0,0,1,0,1,0,0,0,0,36.25,374.0,0,0,0,0,0,1,0,0,2,1,0,0.0,0.0,34.0,3.6176519448255684,5.926926025970411,0
0,0,0,1,1,0,0,0,0,0,0,0,0,1,20.25,20.25,1,0,0,1,0,0,1,0,1,0,0,0.0,0.0,10.125,3.056356895370426,3.056356895370426,1
0,0,0,13,0,0,0,0,0,0,0,0,0,1,23.9,300.8,1,0,0,0,0,1,0,0,0,2,0,0.0,0.0,21.485714285714288,3.214867803470662,5.709764546333749,0
0,0,0,56,1,1,0,1,0,0,1,1,0,0,98.6,5581.05,0,1,1,0,0,1,0,0,5,4,1,0.0,98.6,97.91315789473684,4.601162164590552,8.627311371419102,0
0,1,0,55,1,1,0,1,1,0,1,1,0,1,103.65,5676.65,0,0,1,0,1,0,0,1,6,4,1,0.0,103.65,101.36874999999999,4.650621448892009,8.64429269370997,0
0,1,1,36,1,1,1,1,1,1,1,1,2,1,92.9,3379.25,0,0,0,0,1,0,0,1,8,3,1,185.8,0.0,91.33108108108108,4.542230386214217,8.125704950238868,0
0,1,0,47,1,0,0,0,0,0,0,0,1,0,19.9,942.95,0,1,0,1,0,0,0,1,1,4,0,19.9,0.0,19.644791666666666,3.039749158970765,6.850073198641052,0
0,1,1,12,1,0,0,0,0,0,0,0,0,1,20.1,232.4,0,0,0,1,1,0,0,1,1,1,0,0.0,0.0,17.876923076923077,3.0492730404820207,5.452753719852455,0
0,0,0,1,1,0,0,0,1,0,1,0,0,1,85.45,85.45,1,0,1,0,0,1,0,0,3,0,0,0.0,85.45,42.725,4.4595662121293,4.4595662121293,1
1,0,0,24,1,1,0,1,0,0,0,0,0,1,80.5,2088.45,0,1,1,0,0,1,0,0,3,2,0,0.0,80.5,83.538,4.400603020246817,7.644656152432005,0
0,0,0,63,1,1,0,1,0,0,1,1,1,0,99.9,6137.0,1,0,1,0,0,0,0,1,5,4,1,99.9,99.9,95.890625,4.6141299273595635,8.722254235179681,0
1,0,0,35,0,0,0,0,1,0,1,0,0,1,39.85,1434.6,0,0,0,0,0,1,0,0,2,3,0,0.0,0.0,39.849999999999994,3.709906821306012,7.2693381592734525,0
0,0,0,67,1,0,1,1,0,1,0,0,1,0,60.5,3870.0,0,0,0,0,1,0,0,1,4,4,0,60.5,0.0,56.911764705882355,4.119037174812473,8.261268150577648,0
0,0,0,25,1,1,0,0,0,0,0,1,0,1,84.8,2043.45,1,1,1,0,0,1,0,0,3,3,0,0.0,84.8,78.59423076923078,4.4520190064939165,7.6228840836484695,0
0,0,0,21,1,1,1,0,1,0,1,1,0,0,103.85,2215.0,0,1,1,0,0,0,1,0,6,2,1,0.0,103.85,100.68181818181819,4.652530757347929,7.703459047867175,0
0,0,0,13,1,0,1,1,0,1,0,1,0,0,67.8,842.25,0,0,0,0,0,0,0,1,5,2,0,0.0,0.0,60.160714285714285,4.231203744939298,6.73726347394176,0
0,1,0,35,1,1,0,0,0,0,0,0,0,1,75.2,2576.2,1,1,1,0,0,1,0,0,2,3,0,0.0,75.2,71.5611111111111,4.333361462692601,7.854458817264487,0
1,1,0,71,1,1,0,0,0,0,0,0,2,0,24.85,1901.0,0,1,0,1,0,0,0,1,2,4,0,49.7,0.0,26.40277777777778,3.2523106009544382,7.550661243105336,0
0,0,0,29,1,0,0,0,0,0,0,0,0,0,19.35,601.6,0,0,0,1,1,0,0,1,1,3,0,0.0,0.0,20.053333333333335,3.013080911888604,6.401253626696201,0
0,1,0,71,0,0,0,1,0,0,1,1,2,0,49.35,3515.25,1,1,0,0,0,1,0,0,3,4,0,98.7,0.0,48.822916666666664,3.9189986191645714,8.165150359804066,0
1,1,0,7,1,0,0,0,0,0,1,1,0,1,89.0,605.45,0,1,1,0,0,1,0,0,3,1,0,0.0,89.0,75.68125,4.499809670330265,6.40762228475489,0
1,0,0,57,0,0,0,1,1,0,1,1,0,1,55.0,3094.05,0,0,0,0,0,1,0,0,4,4,0,0.0,0.0,53.345689655172414,4.02535169073515,8.037559340077058,0
0,1,0,65,1,1,1,0,1,1,0,1,2,0,76.15,4929.55,0,1,0,0,0,0,0,1,6,4,0,152.3,0.0,74.69015151515151,4.34575157880917,8.5032058226803,0
0,0,0,27,1,0,0,0,0,0,0,0,1,0,20.3,595.05,0,1,0,1,0,0,1,0,1,3,0,20.3,0.0,21.251785714285713,3.0587070727153796,6.3903245561640105,0
0,0,0,6,1,1,0,0,0,0,0,0,0,1,74.9,469.8,1,1,1,0,0,1,0,0,2,0,0,0.0,74.9,67.11428571428571,4.3294166844015844,6.154433375386121,1
1,0,0,72,1,1,1,1,1,1,1,1,2,1,117.35,8436.25,0,0,1,0,1,0,0,1,8,4,1,234.7,117.35,115.56506849315069,4.7736463359599925,9.04041170511219,0
0,0,0,1,1,0,0,0,0,0,0,0,0,1,19.75,19.75,0,1,0,1,0,0,1,0,1,0,0,0.0,0.0,9.875,3.0325462466767075,3.0325462466767075,1
0,0,0,11,1,0,0,0,0,0,0,0,0,0,45.2,492.0,0,1,0,0,1,0,0,1,1,1,0,0.0,0.0,41.0,3.832979798087693,6.20050917404269,0
0,1,1,39,1,1,0,0,0,0,0,0,2,0,25.2,987.95,0,1,0,1,0,0,1,0,2,4,0,50.4,0.0,24.69875,3.265759410767051,6.896643774227418,0
1,0,0,59,1,1,1,1,1,0,0,0,0,1,89.75,5496.9,0,0,1,0,0,1,0,0,5,4,0,0.0,89.75,91.615,4.5081084731449605,8.612121480127623,0
0,0,0,26,1,0,1,0,0,1,1,1,1,0,75.0,1908.35,0,1,0,0,0,0,0,1,5,3,0,75.0,0.0,70.67962962962963,4.330733340286331,7.554518148984553,0
1,0,0,2,1,0,0,0,1,0,0,0,0,0,49.95,107.1,0,1,0,0,0,0,1,0,2,0,0,0.0,0.0,35.699999999999996,3.9308447596687337,4.683056724645162,1
0,1,1,72,0,0,1,1,1,1,1,1,2,0,65.7,4575.35,0,0,0,0,0,0,0,1,6,4,0,131.4,0.0,62.67602739726028,4.200204952921578,8.428657016148714,0
0,1,0,65,1,1,1,1,1,0,0,0,1,0,67.05,4309.55,0,1,0,0,1,0,0,1,5,4,0,67.05,0.0,65.29621212121212,4.220242729097475,8.36882078516512,0
0,1,1,72,1,1,0,1,1,1,1,1,2,0,110.9,7922.75,0,1,1,0,1,0,0,1,7,4,1,221.8,110.9,108.53082191780823,4.71760561531788,8.977619857598377,0
0,0,0,6,1,1,0,0,0,1,0,1,0,1,87.95,522.35,0,1,1,0,0,0,0,1,4,0,0,0.0,87.95,74.62142857142858,4.4880744141118445,6.260250456300893,1
1,0,0,32,1,0,0,0,0,0,0,0,1,0,19.8,587.7,0,1,0,1,1,0,0,1,1,3,0,19.8,0.0,17.809090909090912,3.0349529867072724,6.377916716034216,0
0,1,0,50,1,1,0,0,1,0,1,1,1,0,75.7,3876.2,0,0,0,0,0,0,0,1,5,4,0,75.7,0.0,76.00392156862745,4.33990170837321,8.262868522618453,0
0,1,0,61,0,0,1,0,1,1,1,1,2,1,62.15,3778.85,0,1,0,0,0,0,1,0,5,4,0,124.3,0.0,60.94919354838709,4.1455128487965,8.237439605286578,0
0,0,0,15,1,0,0,1,1,0,1,1,0,1,101.25,1457.25,1,0,1,0,0,1,0,0,5,2,1,0.0,101.25,91.078125,4.627420794922911,7.284992365633747,0
0,1,0,72,1,1,1,1,1,1,1,1,2,0,115.15,8349.45,0,1,1,0,0,0,0,1,8,4,1,230.3,115.15,114.37602739726029,4.754882459216418,9.030070708608337,0
0,0,0,9,1,0,0,0,0,0,0,0,0,1,18.95,185.6,1,1,0,1,0,0,1,0,1,1,0,0.0,0.0,18.56,2.9932291433358724,5.228967288413243,0
0,0,0,1,1,0,0,0,0,0,0,0,0,0,19.5,19.5,0,0,0,1,0,0,1,0,1,0,0,0.0,0.0,9.75,3.0204248861443626,3.0204248861443626,1
0,0,0,12,1,1,0,0,0,0,0,1,0,1,86.55,1066.9,0,0,1,0,0,1,0,0,3,1,0,0.0,86.55,82.06923076923077,4.472210058731861,6.9734493821775,0
0,0,0,37,0,0,0,0,0,1,0,0,0,0,28.6,973.55,1,0,0,0,1,0,0,1,1,4,0,0.0,0.0,25.61973684210526,3.3877743613300146,6.881975825994649,0
0,1,1,61,1,0,0,0,0,0,0,0,1,0,20.4,1226.45,0,1,0,1,0,0,1,0,1,4,0,20.4,0.0,19.781451612903226,3.0633909220278057,7.1126941256415,0
0,1,1,18,1,0,0,0,0,0,0,0,1,0,19.8,342.3,0,1,0,1,0,0,0,1,1,2,0,19.8,0.0,18.01578947368421,3.0349529867072724,5.838604700463646,0
0,0,1,21,1,0,0,0,0,0,0,0,0,0,45.65,985.05,0,1,0,0,0,0,1,0,1,2,0,0.0,0.0,44.775,3.8426729272933526,6.893707063256078,0
0,1,1,68,0,0,1,1,1,1,0,1,2,1,56.4,3948.45,0,1,0,0,0,0,1,0,5,4,0,112.8,0.0,57.223913043478255,4.050044303325521,8.281331607693978,0
1,0,0,12,1,1,0,0,0,0,0,0,0,1,73.3,828.05,0,1,1,0,1,0,0,1,2,1,0,0.0,73.3,63.69615384615384,4.308110951723713,6.720280466947382,0
1,0,0,2,0,0,0,0,0,0,0,0,0,0,24.35,41.85,1,0,0,0,0,1,0,0,0,0,0,0.0,0.0,13.950000000000001,3.232778730037192,3.7577056450437887,1
0,1,0,62,1,1,0,0,1,0,1,1,0,1,101.35,6164.7,0,0,1,0,0,1,0,0,5,4,1,0.0,101.35,97.85238095238095,4.628398312107299,8.726756953353926,0
1,0,0,29,1,1,0,0,0,1,1,1,0,0,98.65,2862.75,1,0,1,0,0,1,0,0,5,3,1,0.0,98.65,95.425,4.6016640466588035,7.959887233767705,0
0,0,1,1,0,0,0,1,0,1,0,0,0,0,33.6,33.6,0,1,0,0,0,0,1,0,2,0,0,0.0,0.0,16.8,3.543853682063679,3.543853682063679,1
1,1,0,5,1,1,0,0,1,0,0,0,0,1,79.9,343.95,1,1,1,0,0,0,0,1,3,0,0,0.0,79.9,57.324999999999996,4.393213824064446,5.843399478992118,1
0,0,0,1,1,0,0,0,0,0,0,0,0,0,20.7,20.7,0,0,0,1,0,1,0,0,1,0,0,0.0,0.0,10.35,3.077312260546414,3.077312260546414,1
0,0,1,62,1,1,0,0,1,1,1,1,2,1,104.05,6590.5,0,1,1,0,0,1,0,0,6,4,1,208.1,104.05,104.61111111111111,4.654436427291009,8.793536219198025,0
0,1,1,36,1,0,0,0,0,0,0,0,2,0,20.25,717.95,0,0,0,1,0,0,0,1,1,3,0,40.5,0.0,19.404054054054054,3.056356895370426,6.57779181427375,0
1,0,0,28,1,1,0,0,1,1,1,1,0,1,103.3,2890.65,1,0,1,0,0,1,0,0,6,3,1,0.0,103.3,99.67758620689655,4.647271362006727,7.9695825524415795,0
0,1,1,69,1,1,1,1,0,1,1,0,1,0,73.7,4885.85,0,0,0,0,1,0,0,1,6,4,0,73.7,0.0,69.79785714285715,4.3134800921387715,8.494303203121992,0
0,1,0,11,1,1,1,0,0,1,1,0,0,1,96.2,1222.05,1,0,1,0,1,0,0,1,5,1,1,0.0,96.2,101.83749999999999,4.576770711466393,7.109103017925889,0
0,1,0,63,1,1,0,1,1,1,1,1,0,1,108.75,6871.7,0,0,1,0,0,1,0,0,7,4,1,0.0,108.75,107.3703125,4.698205051955281,8.835312321107413,0
0,0,0,23,1,0,0,0,0,0,0,0,1,0,20.15,405.6,0,1,0,1,0,0,0,1,1,2,0,20.15,0.0,16.900000000000002,3.0516399054922867,6.007829901194246,0
0,0,0,10,1,0,0,0,0,0,0,0,0,0,19.75,208.25,0,1,0,1,1,0,0,1,1,1,0,0.0,0.0,18.931818181818183,3.0325462466767075,5.343529709369585,0
0,1,0,71,1,1,0,0,0,0,0,0,2,1,25.95,1801.9,0,0,0,1,1,0,0,1,2,4,0,51.9,0.0,25.02638888888889,3.2939832973550063,7.497151758548155,0
1,0,0,45,1,1,1,0,0,1,0,1,0,1,70.05,3062.45,0,0,0,0,0,1,0,0,5,4,0,0.0,0.0,66.575,4.263383854543109,8.027297010831276,0
0,1,1,70,1,1,0,0,0,0,0,0,2,0,24.05,1764.75,0,0,0,1,0,0,1,0,2,4,0,48.1,0.0,24.8556338028169,3.2208738275308737,7.476330808289032,0
0,0,1,22,1,1,0,0,0,0,0,1,0,1,84.75,1816.75,0,0,1,0,0,1,0,0,3,2,0,0.0,84.75,78.98913043478261,4.45143608604605,7.505354751530167,0
0,1,1,52,1,1,0,0,0,0,0,0,2,0,23.05,1255.1,0,0,0,1,0,0,1,0,2,4,0,46.1,0.0,23.681132075471698,3.1801349965517702,7.135766961693207,0
0,1,0,55,1,1,0,0,1,1,1,1,1,1,104.15,5743.05,1,1,1,0,0,1,0,0,6,4,1,104.15,104.15,102.55446428571429,4.655387902148709,8.65591981542555,0
0,0,0,65,0,0,1,0,1,1,1,1,2,0,59.95,3921.1,0,0,0,0,1,0,0,1,5,4,0,119.9,0.0,59.41060606060606,4.110053855927281,8.274382503626551,0
0,1,1,72,1,0,0,0,0,0,0,0,2,0,19.55,1463.45,0,0,0,1,0,0,0,1,1,4,0,39.1,0.0,20.047260273972604,3.022860940942244,7.28923502433979,0
0,1,0,10,1,0,0,0,0,0,0,0,1,0,19.6,189.45,0,1,0,1,0,0,0,1,1,1,0,19.6,0.0,17.222727272727273,3.0252910757955354,5.249389692924613,0
0,0,1,7,1,0,0,0,0,0,0,0,1,0,20.05,96.8,0,0,0,1,0,0,1,0,1,1,0,20.05,0.0,12.1,3.0469005601283903,4.582924577040772,0
1,0,0,5,1,0,0,1,0,0,0,1,0,1,85.55,408.5,0,1,1,0,0,1,0,0,3,0,0,0.0,85.55,68.08333333333333,4.4607222816222185,6.014936903293124,1
0,1,1,24,1,1,1,0,1,0,1,1,2,0,78.6,1846.65,0,0,0,0,1,0,0,1,6,2,0,157.2,0.0,73.866,4.377014092850337,7.521669840324939,0
0,1,1,72,1,1,1,1,1,1,1,1,2,1,116.8,8456.75,0,0,1,0,1,0,0,1,8,4,1,233.6,116.8,115.8458904109589,4.768988271217486,9.042838459780507,0
0,0,0,21,0,0,1,0,0,1,1,0,0,1,43.55,1011.5,0,1,0,0,0,0,1,0,3,2,0,0.0,0.0,45.97727272727273,3.796612153916818,6.920177798980694,0
0,1,0,69,0,0,0,1,1,1,1,1,1,1,60.8,4263.4,0,1,0,0,1,0,0,1,5,4,0,60.8,0.0,60.90571428571428,4.123903364463645,8.35805677007632,0
0,1,1,44,1,0,0,1,0,1,0,0,0,1,54.9,2549.1,0,1,0,0,0,0,0,1,3,4,0,0.0,0.0,56.64666666666666,4.023564380161053,7.843887853069831,0
1,1,1,61,1,1,0,0,1,0,1,0,1,1,65.2,3965.05,0,0,0,0,0,1,0,0,4,4,0,65.2,0.0,63.95241935483871,4.192680462942962,8.28552591616114,0
1,0,0,24,1,1,0,1,1,0,1,1,0,1,102.95,2496.7,1,1,1,0,1,0,0,1,6,2,1,0.0,102.95,99.868,4.643910014304022,7.82312558739655,0
0,0,0,1,1,0,0,0,0,0,1,1,0,0,90.6,90.6,1,0,1,0,0,1,0,0,3,0,1,0.0,90.6,45.3,4.517431271680085,4.517431271680085,1
0,0,0,6,1,0,0,0,0,1,0,0,0,1,50.8,288.05,1,0,0,0,0,0,0,1,2,0,0,0.0,0.0,41.15,3.9473901492654373,5.666599683528485,1
0,0,0,4,1,1,0,1,0,0,0,1,0,1,90.05,368.1,1,1,1,0,0,1,0,0,4,0,1,0.0,90.05,73.62,4.511408806173617,5.911067610035953,1
0,1,0,72,1,1,0,1,1,1,1,1,2,1,108.2,7840.6,0,1,1,0,0,1,0,0,7,4,1,216.4,108.2,107.4054794520548,4.693181063310805,8.967198174155284,0
0,0,0,72,1,1,1,1,1,1,1,1,2,0,92.0,6632.75,0,1,0,0,0,0,0,1,8,4,1,184.0,0.0,90.85958904109589,4.532599493153256,8.799925534142105,0
1,1,0,14,1,1,0,0,0,0,0,0,0,1,75.1,1013.35,0,1,1,0,0,1,0,0,2,2,0,0.0,75.1,67.55666666666667,4.33204826486764,6.9220032922473385,0
0,0,0,7,1,1,0,0,0,0,0,0,0,1,25.05,152.95,0,1,0,1,0,0,0,1,2,1,0,0.0,0.0,19.11875,3.260017768199376,5.0366278743705095,0
0,0,0,48,1,0,0,1,0,0,0,0,1,0,75.15,3772.65,0,0,1,0,0,1,0,0,2,4,0,75.15,75.15,76.99285714285715,4.332705079341171,8.235797981829272,0
0,1,1,55,1,0,0,0,0,0,0,0,1,0,19.5,1026.35,0,1,0,1,0,0,1,0,1,4,0,19.5,0.0,18.32767857142857,3.0204248861443626,6.934737950312024,0
0,0,0,1,1,0,0,0,0,0,0,0,0,0,19.3,19.3,0,1,0,1,1,0,0,1,1,0,0,0.0,0.0,9.65,3.0106208860477417,3.0106208860477417,1
0,0,0,45,1,0,1,1,1,1,1,1,1,0,112.2,5031.85,0,1,1,0,1,0,0,1,7,4,1,112.2,112.2,109.38804347826088,4.729156165769083,8.523741703034002,0
0,0,0,3,1,0,0,0,0,0,0,0,0,1,70.3,220.4,0,1,1,0,0,0,1,0,1,0,0,0.0,70.3,55.1,4.26689632742025,5.399971020274537,1
0,1,0,71,1,0,0,0,0,0,0,0,2,0,19.6,1416.5,0,0,0,1,0,0,1,0,1,4,0,39.2,0.0,19.67361111111111,3.0252910757955354,7.256650035601907,0
0,1,0,8,1,0,0,0,0,0,0,0,0,0,20.25,158.35,0,1,0,1,0,0,1,0,1,1,0,0.0,0.0,17.594444444444445,3.056356895370426,5.0711030408633455,0
0,1,0,3,1,1,0,0,0,0,0,0,0,1,75.85,256.6,1,0,1,0,0,1,0,0,2,0,0,0.0,75.85,64.15,4.341855469984605,5.551407994230199,1
0,1,1,69,1,0,1,1,0,1,1,1,2,0,80.65,5542.55,0,1,0,0,0,0,0,1,6,4,0,161.3,0.0,79.17928571428571,4.402441819416474,8.620390368744202,0
0,1,1,1,1,0,0,0,0,0,0,0,0,1,68.5,68.5,1,1,1,0,0,1,0,0,1,0,0,0.0,68.5,34.25,4.241326752570746,4.241326752570746,1
1,1,0,72,1,1,1,1,1,1,1,1,2,1,115.75,8443.7,0,0,1,0,1,0,0,1,8,4,1,231.5,115.75,115.66712328767125,4.760034896549007,9.041294304632224,0
0,0,0,11,1,0,1,0,0,0,0,0,0,1,73.5,791.75,1,1,1,0,0,1,0,0,2,1,0,0.0,73.5,65.97916666666667,4.310799125385514,6.675507913418457,0
0,0,0,71,1,1,1,1,1,1,0,1,2,0,80.6,5708.2,0,1,0,0,0,0,0,1,7,4,0,161.2,0.0,79.28055555555555,4.401829261970061,8.649834187755614,0
0,0,0,1,1,0,0,0,0,0,0,0,0,1,69.95,69.95,1,0,1,0,0,0,1,0,1,0,0,0.0,69.95,34.975,4.261975403606051,4.261975403606051,1
0,1,0,33,0,0,1,0,1,1,1,1,2,0,59.55,2016.3,0,0,0,0,0,0,0,1,5,3,0,119.1,0.0,59.30294117647059,4.1034694699991014,7.609515262640305,0
0,0,0,16,1,0,0,0,0,0,0,0,1,0,19.05,326.65,0,0,0,1,0,0,1,0,1,2,0,19.05,0.0,19.21470588235294,2.998229153752578,5.791945965485506,0
1,1,0,56,1,1,1,1,1,1,0,0,1,0,95.65,5471.75,0,0,1,0,0,1,0,0,6,4,1,95.65,95.65,95.99561403508773,4.57109620565434,8.607536511313839,0
0,0,0,1,1,0,0,0,0,0,0,0,0,0,19.95,19.95,0,0,0,1,1,0,0,1,1,0,0,0.0,0.0,9.975,3.0421386463681466,3.0421386463681466,1
0,0,0,5,1,0,0,0,1,0,1,1,0,1,70.05,346.4,1,1,0,0,0,1,0,0,4,0,0,0.0,0.0,57.73333333333333,4.263383854543109,5.850476853807004,1
0,1,1,57,1,0,0,0,0,0,0,0,1,0,19.4,1061.6,0,1,0,1,0,0,1,0,1,4,0,19.4,0.0,18.303448275862067,3.0155349008501706,6.968474014016842,0
0,1,1,56,0,0,0,1,1,0,0,0,1,1,36.1,1971.5,0,1,0,0,1,0,0,1,2,4,0,36.1,0.0,34.58771929824562,3.6136169696133895,7.587057052720029,0
0,0,0,8,1,1,0,1,1,0,1,0,0,1,94.0,773.65,1,1,1,0,0,1,0,0,5,1,1,0.0,94.0,85.96111111111111,4.553876891600541,6.6524113144423005,0
0,1,1,22,1,0,1,1,1,0,0,0,0,0,61.15,1422.05,1,0,0,0,0,0,1,0,4,2,0,0.0,0.0,61.82826086956521,4.12955081795672,7.260557734506995,0
0,0,0,1,1,0,0,0,0,0,0,0,0,0,19.75,19.75,0,0,0,1,0,0,1,0,1,0,0,0.0,0.0,9.875,3.0325462466767075,3.0325462466767075,1
0,0,1,40,1,0,1,0,0,1,1,0,0,1,64.1,2460.35,0,0,0,0,1,0,0,1,4,4,0,0.0,0.0,60.00853658536585,4.175924549214524,7.808465258889269,0
0,1,1,46,1,0,0,0,0,0,0,0,2,0,19.75,856.5,0,1,0,1,1,0,0,1,1,4,0,39.5,0.0,18.22340425531915,3.0325462466767075,6.754021179040095,0
0,1,1,63,1,0,0,0,0,0,0,0,2,0,19.7,1275.85,0,1,0,1,0,0,1,0,1,4,0,39.4,0.0,19.93515625,3.0301337002713233,7.152151386329798,0
0,1,1,68,1,1,1,1,1,0,1,1,2,1,110.2,7467.5,0,1,1,0,0,1,0,0,7,4,1,220.4,110.2,108.22463768115942,4.711330381816482,8.918449454750347,0
0,1,1,69,1,0,1,1,0,1,1,1,2,1,106.35,7261.75,0,1,1,0,1,0,0,1,6,4,1,212.7,106.35,103.73928571428571,4.67609452432479,8.890513823975612,0
0,1,0,56,1,1,0,1,1,1,0,0,0,0,90.55,5116.6,0,0,1,0,0,1,0,0,5,4,1,0.0,90.55,89.76491228070176,4.51688527112052,8.540440858135929,0
0,1,1,10,1,0,0,1,1,0,0,1,1,1,65.9,660.05,0,0,0,0,0,0,1,0,4,1,0,65.9,0.0,60.00454545454545,4.203198967134183,6.493829479956106,0
0,0,0,63,1,1,1,1,1,1,1,0,1,0,104.5,6590.8,0,1,1,0,1,0,0,1,7,4,1,104.5,104.5,102.98125,4.658710952916121,8.793581731323222,0
0,1,1,24,0,0,1,1,1,1,0,1,2,1,52.5,1208.15,0,0,0,0,0,0,1,0,5,2,0,105.0,0.0,48.326,3.979681653901961,7.097672912397719,0
0,0,0,19,1,1,0,0,1,0,0,0,0,1,56.1,1033.9,0,0,0,0,0,0,1,0,3,2,0,0.0,0.0,51.69500000000001,4.044804116661965,6.942060082674128,0
0,1,1,22,1,1,0,0,1,0,1,0,0,1,88.75,1885.15,0,1,1,0,0,1,0,0,4,2,0,0.0,88.75,81.96304347826087,4.497028027368389,7.542292993434819,0
0,1,0,29,1,1,1,1,0,0,0,0,0,1,84.45,2467.1,1,1,1,0,0,1,0,0,4,3,0,0.0,84.45,82.23666666666666,4.4479314095616,7.811203902842994,0
0,1,0,13,1,1,0,0,1,0,1,1,1,1,75.3,989.45,1,1,0,0,0,0,1,0,5,2,0,75.3,0.0,70.675,4.334672938290411,6.89815938530869,0
0,1,0,70,1,1,0,0,0,0,0,0,2,1,26.0,2006.95,0,0,0,1,0,0,0,1,2,4,0,52.0,0.0,28.266901408450703,3.295836866004329,7.604869580103194,0
0,1,0,49,1,0,0,1,1,0,1,1,0,0,99.4,5025.0,0,0,1,0,0,1,0,0,5,4,1,0.0,99.4,100.5,4.609162207257629,8.522379718103538,0
1,1,0,43,1,1,1,0,1,1,1,1,1,1,109.55,4830.25,1,0,1,0,0,0,1,0,7,4,1,109.55,109.55,109.7784090909091,4.705467907303455,8.482860512335732,0
0,0,0,3,1,0,0,0,0,0,0,0,0,1,19.6,59.75,1,0,0,1,0,0,1,0,1,0,0,0.0,0.0,14.9375,3.0252910757955354,4.1067670822206574,1
0,1,1,42,1,0,0,0,1,1,1,1,1,0,73.15,3088.25,0,1,0,0,0,1,0,0,5,4,0,73.15,0.0,71.81976744186046,4.306090068583941,8.0356836219843,0
0,0,0,57,1,0,0,1,0,1,0,0,1,1,54.65,3134.7,0,1,0,0,0,0,1,0,3,4,0,54.65,0.0,54.04655172413793,4.019082077721554,8.05060771362897,0
1,0,0,2,1,0,1,0,1,0,1,0,0,0,66.4,94.55,1,1,0,0,0,0,0,1,4,0,0,0.0,0.0,31.516666666666666,4.210645017918261,4.559649670686282,1
0,1,0,72,1,1,1,1,1,1,1,1,2,1,115.55,8312.4,0,0,1,0,1,0,0,1,8,4,1,231.1,115.55,113.86849315068493,4.758320365481766,9.025623949779954,0
1,0,0,46,1,1,0,1,1,0,1,1,0,1,104.45,4863.85,0,0,1,0,0,1,0,0,6,4,1,0.0,104.45,103.48617021276597,4.658236906924784,8.489791161667899,0
1,1,0,66,1,1,0,0,0,1,1,1,0,1,100.05,6871.9,1,1,1,0,1,0,0,1,5,4,1,0.0,100.05,102.56567164179104,4.61561544384963,8.835341421328575,0
0,0,0,62,1,1,1,1,0,1,0,1,1,0,102.0,6529.25,1,1,1,0,0,1,0,0,6,4,1,102.0,102.0,103.63888888888889,4.634728988229636,8.784200506376834,0
0,1,0,72,1,1,1,1,1,1,1,1,2,1,91.15,6637.9,0,0,0,0,0,0,0,1,8,4,1,182.3,0.0,90.93013698630136,4.523417684115833,8.800701566096304,0
0,1,1,35,1,0,0,1,0,1,1,0,1,1,89.7,3165.6,0,1,1,0,0,1,0,0,4,3,0,89.7,89.7,87.93333333333334,4.507557357121091,8.060413736067334,0
0,1,0,17,1,1,1,1,1,0,0,0,0,0,90.2,1454.15,1,1,1,0,1,0,0,1,5,2,1,0.0,90.2,80.78611111111111,4.513054897080286,7.282864267075403,0
0,1,0,72,1,1,1,1,1,1,1,1,2,1,92.4,6786.1,0,0,0,0,0,1,0,0,8,4,1,184.8,0.0,92.96027397260275,4.536891345234797,8.822779030645604,0
0,1,1,28,1,0,0,0,0,0,0,0,1,0,19.9,543.0,0,0,0,1,0,0,1,0,1,3,0,19.9,0.0,18.724137931034484,3.039749158970765,6.298949246855942,0
0,1,0,56,1,1,0,0,0,0,0,0,2,1,25.15,1327.15,1,1,0,1,1,0,0,1,2,4,0,50.3,0.0,23.283333333333335,3.263849190510932,7.191542275465033,0
0,0,0,31,1,1,0,0,0,1,0,0,0,1,79.85,2404.15,1,0,1,0,1,0,0,1,3,3,0,0.0,79.85,75.1296875,4.392595586023115,7.7853675506573,0
0,0,0,45,1,0,0,0,0,0,0,0,1,0,18.85,867.3,0,1,0,1,0,0,0,1,1,4,0,18.85,0.0,18.854347826086954,2.9882040071331994,6.7665372770665995,0
0,0,0,1,1,1,0,0,0,0,0,0,0,1,25.75,25.75,0,0,0,1,0,0,1,0,2,0,0,0.0,0.0,12.875,3.2865344733420154,3.2865344733420154,1
0,0,0,2,1,0,0,1,0,0,0,0,0,1,49.6,114.7,1,0,0,0,0,0,1,0,2,0,0,0.0,0.0,38.233333333333334,3.92395157629342,4.751000634199631,1
0,0,0,6,1,0,0,0,0,0,0,0,0,1,20.95,109.5,0,0,0,1,0,0,1,0,1,0,0,0.0,0.0,15.642857142857142,3.08876713952118,4.705015520957808,1
0,1,0,48,1,0,0,1,1,0,1,1,1,1,97.05,4692.95,0,0,1,0,0,1,0,0,5,4,1,97.05,97.05,95.77448979591837,4.585477552642355,8.454029724458199,0
0,1,1,25,1,1,0,0,0,0,0,0,0,1,25.4,546.85,0,1,0,1,0,0,0,1,2,3,0,0.0,0.0,21.032692307692308,3.2733640101522705,6.306001526851403,0
0,1,1,64,1,0,0,0,0,0,0,0,2,1,19.7,1274.05,0,1,0,1,0,0,0,1,1,4,0,39.4,0.0,19.60076923076923,3.0301337002713233,7.150740672509886,0
0,0,0,50,0,0,1,1,0,0,0,0,0,1,35.0,1782.4,0,1,0,0,0,0,1,0,2,4,0,0.0,0.0,34.94901960784314,3.58351893845611,7.486276933700779,0
0,1,1,52,1,1,0,0,1,0,1,1,1,0,101.25,5301.1,0,0,1,0,0,0,0,1,5,4,1,101.25,101.25,100.02075471698114,4.627420794922911,8.575858247478351,0
1,1,0,4,1,0,0,0,0,0,0,0,0,1,70.2,280.35,0,1,1,0,0,1,0,0,1,0,0,0.0,70.2,56.07000000000001,4.26549281841793,5.639599445879288,1
1,0,0,32,1,0,0,0,0,0,1,1,0,0,90.95,2897.95,0,0,1,0,0,1,0,0,3,3,1,0.0,90.95,87.81666666666666,4.52124495105033,7.972103881446254,0
0,1,1,45,1,1,1,1,0,1,1,0,2,0,73.85,3371.0,0,1,0,0,1,0,0,1,6,4,0,147.7,0.0,73.28260869565217,4.3154861108656375,8.123261319121745,0
0,1,0,9,1,1,1,0,0,0,0,1,0,1,88.05,801.3,0,1,1,0,0,1,0,0,4,1,0,0.0,88.05,80.13,4.489198009735671,6.68748260275961,0
1,1,0,66,1,1,0,0,1,1,1,1,1,1,105.95,6975.25,1,0,1,0,1,0,0,1,6,4,1,105.95,105.95,104.10820895522389,4.672361435528415,8.850266802102643,0
0,0,1,3,1,1,0,0,1,0,0,1,0,0,91.85,257.05,1,1,1,0,0,1,0,0,4,0,1,0.0,91.85,64.2625,4.530985287798715,5.553153364594737,1
0,0,0,54,1,0,0,0,0,0,0,0,2,0,20.1,1079.45,0,0,0,1,0,0,1,0,1,4,0,40.2,0.0,19.62636363636364,3.0492730404820207,6.985132900003482,0
0,1,1,1,0,0,0,0,0,1,1,0,0,0,40.1,40.1,1,0,0,0,0,1,0,0,2,0,0,0.0,0.0,20.05,3.716008121502189,3.716008121502189,1
0,1,1,64,1,1,1,1,0,1,1,1,2,0,110.3,6997.3,0,0,1,0,0,0,0,1,7,4,1,220.6,110.3,107.65076923076923,4.712229258281499,8.853422541400022,0
1,0,0,31,1,1,0,0,0,0,0,0,0,1,73.9,2217.15,1,0,1,0,0,1,0,0,2,3,0,0.0,73.9,69.2859375,4.316153890523174,7.704428794117748,0
0,0,0,14,1,0,0,0,0,0,1,1,0,1,89.8,1129.1,1,0,1,0,0,0,1,0,3,2,0,0.0,89.8,75.27333333333333,4.508659285607248,7.030061403366105,0
0,0,0,12,1,0,1,0,0,0,1,0,1,1,85.15,979.05,0,0,1,0,1,0,0,1,3,1,0,85.15,85.15,75.31153846153846,4.456089962973938,6.887603590771284,0
1,1,0,67,1,0,1,1,0,1,0,0,1,1,60.95,4119.4,0,1,0,0,0,0,0,1,4,4,0,60.95,0.0,60.579411764705874,4.126327608075152,8.323705525009538,0
0,1,1,35,1,1,1,0,1,1,1,0,0,0,72.25,2568.55,1,0,0,0,0,1,0,0,6,3,0,0.0,0.0,71.34861111111111,4.293878247897177,7.851486065281684,0
0,0,0,45,1,1,1,0,0,1,0,1,2,0,73.55,3349.1,0,0,0,0,0,0,1,0,5,4,0,147.1,0.0,72.80652173913043,4.311470041210748,8.116745475119856,0
0,0,0,10,1,0,0,0,0,0,0,0,0,0,46.0,492.1,0,1,0,0,0,0,1,0,1,1,0,0.0,0.0,44.73636363636364,3.8501476017100584,6.2007119932300805,0
1,0,0,29,1,1,1,1,0,0,0,0,0,1,58.55,1718.95,0,0,0,0,0,0,0,1,4,3,0,0.0,0.0,57.29833333333333,4.0868162958013095,7.450050499617523,0
0,0,0,24,1,1,0,0,0,0,0,0,1,0,24.6,605.25,0,0,0,1,0,0,0,1,2,2,0,24.6,0.0,24.21,3.242592351485517,6.407292442251693,0
0,1,1,66,1,0,0,0,0,0,0,0,2,1,19.75,1344.5,0,1,0,1,0,0,1,0,1,4,0,39.5,0.0,20.067164179104477,3.0325462466767075,7.204520970166961,0
0,0,0,51,1,0,1,0,0,0,1,0,1,0,86.35,4267.15,0,1,1,0,0,0,1,0,3,4,0,86.35,86.35,82.06057692307692,4.469923036580066,8.358935757071167,0
0,1,0,45,1,1,0,0,0,0,0,0,2,0,25.5,1121.05,0,0,0,1,0,0,1,0,2,4,0,51.0,0.0,24.370652173913044,3.2771447329921766,7.022912648369585,0
0,1,0,49,1,0,0,0,0,0,0,0,1,0,19.0,918.7,0,0,0,1,1,0,0,1,1,4,0,19.0,0.0,18.374000000000002,2.995732273553991,6.824047529908652,0
0,1,0,29,1,0,0,0,0,0,0,0,2,1,19.55,521.8,0,0,0,1,0,0,1,0,1,3,0,39.1,0.0,17.39333333333333,3.022860940942244,6.259198981750067,0
0,1,1,40,1,1,1,1,0,1,1,1,0,1,110.1,4469.1,0,1,1,0,1,0,0,1,7,4,1,0.0,110.1,109.00243902439026,4.7104306966455844,8.405166058722033,0
1,0,0,37,1,1,0,0,0,0,1,1,0,1,96.55,3580.3,1,0,1,0,0,1,0,0,4,4,1,0.0,96.55,94.21842105263158,4.5803650670691205,8.183481141971171,0
0,0,0,25,1,0,0,0,0,0,0,0,0,0,69.75,1729.35,0,1,1,0,0,1,0,0,1,3,0,0.0,69.75,66.51346153846154,4.259152536523347,7.456078979168212,0
0,0,0,22,0,0,0,0,1,0,1,1,0,1,50.6,1073.3,0,0,0,0,0,1,0,0,3,2,0,0.0,0.0,46.665217391304346,3.9435216724875173,6.979424565672496,0
0,0,0,72,0,0,1,1,1,1,1,1,2,1,65.6,4566.5,0,1,0,0,0,0,0,1,6,4,0,131.2,0.0,62.554794520547944,4.198704577546343,8.426721288252162,0
0,0,0,7,0,0,0,1,0,0,0,1,0,1,40.1,293.3,1,0,0,0,1,0,0,1,2,1,0,0.0,0.0,36.6625,3.716008121502189,5.684599655239428,0
0,1,1,33,1,0,0,1,1,1,1,1,2,0,82.1,2603.1,0,1,0,0,1,0,0,1,6,3,0,164.2,0.0,76.56176470588235,4.420044701861403,7.8648424050488615,0
0,0,0,23,1,0,0,1,0,1,0,0,0,1,79.1,1783.75,0,0,1,0,0,0,1,0,3,2,0,0.0,79.1,74.32291666666667,4.383275854074314,7.48703362838257,0
1,0,0,24,1,1,0,1,0,0,1,1,0,1,101.25,2440.15,1,1,1,0,0,1,0,0,5,2,1,0.0,101.25,97.60600000000001,4.627420794922911,7.80022451873029,0
0,0,0,1,1,0,0,0,0,0,1,0,0,0,79.55,79.55,1,0,1,0,0,1,0,0,2,0,0,0.0,79.55,39.775,4.388878109622984,4.388878109622984,1
0,0,0,69,1,1,1,1,1,1,1,1,2,0,90.65,6322.1,0,1,0,0,0,0,1,0,8,4,1,181.3,0.0,90.3157142857143,4.517976974285714,8.751964873211111,0
0,0,1,3,1,0,0,0,0,0,0,0,1,1,20.55,57.4,0,0,0,1,1,0,0,1,1,0,0,20.55,0.0,14.35,3.070375816549757,4.067315889834181,1
0,0,0,56,1,0,0,1,0,1,1,1,1,1,75.75,4284.65,0,1,0,0,0,0,0,1,5,4,0,75.75,0.0,75.16929824561403,4.340553386467307,8.363027511476478,0
0,0,0,65,1,1,1,0,1,1,1,1,1,1,110.0,7138.65,0,1,1,0,1,0,0,1,7,4,1,110.0,110.0,108.16136363636363,4.709530201312334,8.873419034524286,0
0,1,0,71,1,0,0,0,0,0,0,0,1,0,20.85,1539.75,0,1,0,1,0,1,0,0,1,4,0,20.85,0.0,21.385416666666668,3.084200921541599,7.340024589842352,0
1,0,0,14,1,1,0,0,1,0,0,0,0,1,80.35,1058.1,0,0,1,0,0,0,0,1,3,2,0,0.0,80.35,70.53999999999999,4.3987608336650466,6.965174769849623,0
0,0,0,2,1,0,0,0,0,0,0,0,0,1,70.15,123.8,0,0,1,0,0,1,0,0,1,0,0,0.0,70.15,41.266666666666666,4.264790324535862,4.826712455935327,1
0,0,0,32,1,1,0,0,0,0,1,0,1,0,84.05,2781.85,1,0,1,0,0,1,0,0,3,3,0,84.05,84.05,84.29848484848485,4.44323931884187,7.931230861402805,0
0,0,0,40,1,0,1,0,1,0,0,1,0,0,67.45,2731.0,0,1,0,0,0,1,0,0,4,4,0,0.0,0.0,66.60975609756098,4.226103551734458,7.912789220690681,0
0,0,0,1,1,0,0,0,0,0,0,0,0,0,20.75,20.75,0,1,0,1,1,0,0,1,1,0,0,0.0,0.0,10.375,3.079613757534693,3.079613757534693,1
0,0,0,1,1,0,0,0,0,0,1,1,0,1,89.1,89.1,1,1,1,0,0,1,0,0,3,0,0,0.0,89.1,44.55,4.500920164614292,4.500920164614292,1
0,0,0,7,1,0,0,0,0,0,0,0,0,1,69.9,497.3,0,0,1,0,0,0,1,0,1,1,0,0.0,69.9,62.1625,4.2612704335380815,6.211202305287359,0
0,1,0,15,1,1,0,0,0,0,0,0,0,1,51.1,711.15,0,0,0,0,0,1,0,0,2,2,0,0.0,0.0,44.446875,3.9531649487593215,6.568288563380595,0
0,1,1,17,1,1,1,0,1,0,1,0,0,0,94.4,1607.2,1,0,1,0,0,1,0,0,5,2,1,0.0,94.4,89.28888888888889,4.558078578454241,7.382870820114048,0
0,0,0,19,1,0,0,1,1,0,0,0,0,1,78.25,1490.95,1,1,1,0,0,1,0,0,3,2,0,0.0,78.25,74.5475,4.37260741275739,7.307839268137821,0
0,0,0,71,1,1,0,0,0,0,0,0,2,0,25.55,1898.1,0,1,0,1,0,0,0,1,2,4,0,51.1,0.0,26.362499999999997,3.279029747687948,7.549135368720199,0
0,1,1,54,1,1,1,0,0,1,0,0,2,0,60.0,3273.95,0,0,0,0,0,0,0,1,4,4,0,120.0,0.0,59.526363636363634,4.110873864173311,8.094057880777235,0
0,1,0,31,1,1,1,1,0,1,0,0,0,1,90.55,2929.75,0,1,1,0,1,0,0,1,5,3,1,0.0,90.55,91.5546875,4.51688527112052,7.9830136419519375,0
0,0,0,11,1,0,1,0,0,0,0,0,0,0,76.4,838.7,0,0,1,0,0,1,0,0,2,1,0,0.0,76.4,69.89166666666667,4.3489867805956814,6.733044685189517,0
1,0,0,18,1,0,0,0,1,0,0,1,0,1,84.95,1443.65,0,0,1,0,0,1,0,0,3,2,0,0.0,84.95,75.98157894736842,4.453765731828859,7.275622356674983,0
1,0,0,72,1,1,1,1,0,1,1,1,2,1,110.1,7746.7,0,0,1,0,0,0,0,1,7,4,1,220.2,110.1,106.11917808219178,4.7104306966455844,8.955151304107668,0
1,0,0,71,1,1,0,1,0,0,1,1,0,1,99.65,6951.15,0,0,1,0,1,0,0,1,5,4,1,0.0,99.65,96.54374999999999,4.611649152085801,8.846806243237198,0
1,0,0,5,0,0,0,0,1,1,1,0,0,0,45.4,214.75,0,1,0,0,1,0,0,1,3,0,0,0.0,0.0,35.791666666666664,3.8372994592322094,5.374120329963537,1
0,1,0,38,1,1,0,0,1,1,0,1,1,0,69.0,2669.45,0,1,0,0,1,0,0,1,5,4,0,69.0,0.0,68.4474358974359,4.248495242049359,7.890002276518981,0
0,0,1,5,1,0,0,0,0,1,0,0,0,1,48.65,235.2,0,1,0,0,0,0,0,1,2,0,0,0.0,0.0,39.199999999999996,3.9049983904911816,5.464678903763262,1
1,0,0,2,1,0,0,0,0,0,0,0,0,1,44.15,92.65,1,1,0,0,0,1,0,0,1,0,0,0.0,0.0,30.883333333333336,3.8099902798629945,4.539564428890097,1
1,0,0,52,1,1,1,0,1,0,0,0,2,0,59.85,3103.25,0,0,0,0,0,0,0,1,4,4,0,119.7,0.0,58.551886792452834,4.108411819433536,8.040527419296952,0
1,0,0,8,1,1,0,0,0,0,0,0,0,1,75.75,606.25,1,0,1,0,0,1,0,0,2,1,0,0.0,75.75,67.36111111111111,4.340553386467307,6.408940567882282,0
0,0,0,68,1,1,0,1,1,0,1,1,2,1,80.65,5330.2,0,0,0,0,0,1,0,0,6,4,0,161.3,0.0,77.24927536231884,4.402441819416474,8.58133163253247,0
0,1,1,69,1,0,0,0,0,0,0,0,1,1,20.55,1403.1,0,1,0,1,1,0,0,1,1,4,0,20.55,0.0,20.044285714285714,3.070375816549757,7.247151807120597,0
0,1,0,42,1,1,1,1,0,1,0,0,0,1,66.4,2727.8,0,0,0,0,1,0,0,1,5,4,0,0.0,0.0,63.437209302325584,4.210645017918261,7.911617231104436,0
0,0,0,50,1,0,0,1,0,1,1,1,2,1,100.2,5038.45,0,0,1,0,0,0,1,0,5,4,1,200.4,100.2,98.79313725490196,4.617098756853365,8.525052228126505,0
0,0,0,1,1,0,0,0,0,0,0,0,0,1,19.1,19.1,1,0,0,1,0,0,1,0,1,0,0,0.0,0.0,9.55,3.0007198150650303,3.0007198150650303,1
1,1,0,1,1,1,1,0,0,0,0,0,0,1,80.3,80.3,1,1,1,0,0,1,0,0,3,0,0,0.0,80.3,40.15,4.398146016553765,4.398146016553765,1
0,1,0,33,1,0,0,0,0,0,0,0,0,1,44.55,1462.6,0,1,0,0,1,0,0,1,1,3,0,0.0,0.0,43.01764705882353,3.8188106237059674,7.288654433145052,0
0,0,0,7,1,0,0,0,0,0,0,0,0,0,20.35,150.6,0,0,0,1,0,0,1,0,1,1,0,0.0,0.0,18.825,3.0610517396746335,5.021245473208271,0
0,1,1,64,1,1,1,1,1,0,0,0,0,1,91.8,5960.5,0,1,1,0,0,1,0,0,5,4,1,0.0,91.8,91.7,4.530446639792155,8.693077406246188,0
0,0,0,1,1,0,0,0,1,0,0,0,0,1,74.9,74.9,1,0,1,0,0,1,0,0,2,0,0,0.0,74.9,37.45,4.3294166844015844,4.3294166844015844,1
0,0,0,59,1,0,0,0,0,0,0,0,2,1,20.2,1192.3,0,1,0,1,0,0,0,1,1,4,0,40.4,0.0,19.871666666666666,3.054001181677967,7.08447785737561,0
0,1,0,6,1,1,0,0,0,0,0,0,0,0,50.35,314.55,0,0,0,0,0,1,0,0,2,0,0,0.0,0.0,44.93571428571429,3.9386649363745674,5.754317148030249,1
0,0,0,3,1,0,0,0,0,0,0,0,0,0,18.8,56.0,0,0,0,1,0,0,1,0,1,0,0,0.0,0.0,14.0,2.9856819377004897,4.04305126783455,1
0,1,0,15,1,0,0,0,0,0,0,0,0,0,20.45,330.8,0,0,0,1,1,0,0,1,1,2,0,0.0,0.0,20.675,3.065724645374026,5.8045323777563445,0
0,1,1,13,1,0,0,0,0,0,1,1,1,1,64.75,877.35,0,1,0,0,0,1,0,0,3,2,0,64.75,0.0,62.667857142857144,4.185859671057874,6.778045147459392,0
0,0,0,23,1,1,0,1,0,0,1,1,0,1,98.7,2249.1,0,0,1,0,1,0,0,1,5,2,1,0.0,98.7,93.71249999999999,4.602165676967792,7.718729938655285,0
1,1,0,31,1,1,1,0,0,0,1,0,0,0,89.45,2807.65,0,1,1,0,0,1,0,0,4,3,0,0.0,89.45,87.7390625,4.504797211841304,7.940459219839479,0
0,0,0,29,1,0,1,1,0,1,0,0,1,1,58.75,1696.2,0,1,0,0,0,1,0,0,4,3,0,58.75,0.0,56.54,4.09016919081162,7.43673511332817,0
0,1,0,49,1,0,0,0,0,0,0,0,1,0,20.7,1032.05,0,0,0,1,1,0,0,1,1,4,0,20.7,0.0,20.641,3.077312260546414,6.940270870658817,0
0,1,0,56,1,1,0,0,0,0,1,0,0,1,85.6,4902.8,0,0,1,0,0,0,0,1,3,4,0,0.0,85.6,86.01403508771931,4.461299815568389,8.49776569375014,0
0,0,0,63,1,1,1,1,1,1,0,1,2,1,80.3,4995.35,0,0,0,0,1,0,0,1,7,4,0,160.6,0.0,78.05234375,4.398146016553765,8.516462924836494,0
0,1,0,63,1,1,0,0,1,1,1,1,2,0,79.8,5034.05,0,1,0,0,1,0,0,1,6,4,0,159.6,0.0,78.65703125,4.39197696552705,8.524178735589949,0
1,1,1,24,1,1,1,0,0,0,0,0,0,1,79.85,1857.75,0,1,1,0,0,1,0,0,3,2,0,0.0,79.85,74.31,4.392595586023115,7.527659497774365,0
1,1,0,36,1,0,0,0,1,1,0,0,1,0,54.1,1992.85,0,1,0,0,1,0,0,1,3,3,0,54.1,0.0,53.86081081081081,4.009149716158869,7.5978227220151595,0
1,0,0,9,1,0,0,0,0,0,1,0,0,1,80.85,751.65,1,0,1,0,0,1,0,0,2,1,0,0.0,80.85,75.16499999999999,4.404888303817144,6.623600312306513,0
0,0,0,3,0,0,0,0,0,0,0,0,0,0,24.75,66.95,1,1,0,0,0,1,0,0,0,0,0,0.0,0.0,16.7375,3.248434627109745,4.218772140597153,1
0,1,0,21,1,0,1,0,1,1,1,1,1,0,80.9,1714.95,0,0,0,0,0,0,1,0,6,2,0,80.9,0.0,77.95227272727273,4.405498990859024,7.447722142094264,0
0,1,1,13,1,1,0,0,0,0,0,0,1,0,24.5,343.6,0,1,0,1,0,0,0,1,2,2,0,24.5,0.0,24.542857142857144,3.2386784521643803,5.842384324093829,0
0,1,1,1,1,0,0,0,0,0,0,0,0,1,20.15,20.15,0,1,0,1,0,0,0,1,1,0,0,0.0,0.0,10.075,3.0516399054922867,3.0516399054922867,1
0,1,1,25,1,0,0,0,0,0,0,0,1,0,20.05,520.1,0,0,0,1,0,0,1,0,1,3,0,20.05,0.0,20.003846153846155,3.0469005601283903,6.255941961915169,0
0,1,1,71,1,0,0,0,0,0,0,0,2,1,19.6,1387.45,0,1,0,1,0,0,0,1,1,4,0,39.2,0.0,19.27013888888889,3.0252910757955354,7.235943296015653,0
0,0,0,66,1,1,1,1,1,1,1,1,1,1,114.3,7383.7,0,1,1,0,0,0,0,1,8,4,1,114.3,114.3,110.20447761194029,4.747537427275013,8.907165571256124,0
0,0,0,45,1,0,1,1,0,0,1,1,1,1,100.3,4483.95,0,0,1,0,0,1,0,0,5,4,1,100.3,100.3,97.47717391304347,4.618086411254637,8.408482626158737,0
0,1,0,22,1,0,0,0,0,0,1,0,0,1,80.0,1706.45,0,0,1,0,1,0,0,1,2,2,0,0.0,80.0,74.19347826086957,4.394449154672439,7.4427563084393356,0
0,1,0,67,1,0,0,0,0,0,0,0,1,1,20.85,1327.4,0,0,0,1,0,0,0,1,1,4,0,20.85,0.0,19.52058823529412,3.084200921541599,7.191730489502592,0
0,1,0,68,1,1,0,0,1,0,1,0,2,1,89.95,5974.3,0,0,1,0,0,0,0,1,4,4,1,179.9,89.95,86.5840579710145,4.5103099049641315,8.695389584744293,0
0,1,1,0,1,0,0,0,0,0,0,0,2,0,20.0,0.0,0,0,0,1,0,0,1,0,1,0,0,40.0,0.0,0.0,3.044522437723423,0.0,1
1,0,0,49,1,1,0,0,1,0,0,1,0,1,90.85,4515.85,1,0,1,0,1,0,0,1,4,4,1,0.0,90.85,90.31700000000001,4.520156811661135,8.415570127221873,0
1,0,0,4,1,1,0,0,0,0,0,0,0,0,48.75,179.85,0,0,0,0,0,0,1,0,2,0,0,0.0,0.0,35.97,3.907010463604602,5.197667958398107,1
0,1,0,63,1,1,1,1,1,1,0,1,1,0,80.0,5040.2,0,1,0,0,1,0,0,1,7,4,0,80.0,0.0,78.753125,4.394449154672439,8.525399427963336,0
0,1,0,2,1,0,0,1,1,0,0,0,0,0,79.7,165.0,1,0,1,0,0,0,0,1,3,0,0,0.0,79.7,55.0,4.390738575275903,5.111987788356544,1
0,0,0,21,1,0,0,0,0,0,0,0,1,1,20.35,422.7,0,1,0,1,0,0,1,0,1,2,0,20.35,0.0,19.213636363636365,3.0610517396746335,6.049025657632513,0
0,1,1,55,1,0,1,1,0,1,0,0,2,0,57.55,3046.4,1,1,0,0,0,0,0,1,4,4,0,115.1,0.0,54.4,4.069881090043726,8.022044047035255,0
0,0,1,1,1,0,0,0,0,0,0,0,0,1,20.25,20.25,0,1,0,1,0,0,1,0,1,0,0,0.0,0.0,10.125,3.056356895370426,3.056356895370426,1
0,0,0,17,1,0,0,0,0,0,0,0,2,0,19.4,358.05,0,0,0,1,0,0,1,0,1,2,0,38.8,0.0,19.891666666666666,3.0155349008501706,5.883461654556327,0
0,0,0,30,1,1,1,0,0,0,1,1,0,1,100.4,2936.25,0,1,1,0,0,0,0,1,5,3,1,0.0,100.4,94.71774193548387,4.619073091157083,7.985229048447682,0
0,1,1,22,1,0,1,1,0,1,0,0,0,1,57.95,1271.8,0,1,0,0,0,0,1,0,4,2,0,0.0,0.0,55.29565217391304,4.07668962698338,7.148974477023577,0
0,0,0,9,1,0,0,0,0,1,1,0,0,1,59.5,530.05,0,0,0,0,0,0,0,1,3,1,0,0.0,0.0,53.004999999999995,4.102643365036796,6.274856178767549,0
0,1,1,1,1,0,0,0,0,0,0,0,0,0,19.2,19.2,0,1,0,1,0,0,1,0,1,0,0,0.0,0.0,9.6,3.005682604407159,3.005682604407159,1
0,1,0,21,1,1,0,0,0,0,0,1,0,1,86.5,1808.7,1,0,1,0,0,1,0,0,3,2,0,0.0,86.5,82.21363636363637,4.471638793363569,7.500916364666155,0
0,0,0,19,1,1,0,0,1,1,0,0,0,0,59.55,1144.6,0,1,0,0,0,1,0,0,4,2,0,0.0,0.0,57.23,4.1034694699991014,7.043683796206381,0
0,1,1,69,1,1,0,1,1,0,1,1,0,1,103.95,7446.9,1,0,1,0,0,1,0,0,6,4,1,0.0,103.95,106.38428571428571,4.653484046266642,8.915687392443568,0
1,0,0,1,0,0,0,0,0,0,0,0,0,1,25.1,25.1,1,1,0,0,0,1,0,0,0,0,0,0.0,0.0,12.55,3.261935314328648,3.261935314328648,1
0,1,0,72,1,1,1,1,1,1,1,0,2,1,103.95,7556.9,0,0,1,0,0,0,0,1,7,4,1,207.9,103.95,103.51917808219177,4.653484046266642,8.930348652808409,0
0,1,1,70,1,1,1,0,1,0,1,0,2,0,68.95,4858.7,0,1,0,0,1,0,0,1,5,4,0,137.9,0.0,68.43239436619719,4.24778070111149,8.488731986594201,0
0,0,0,66,1,1,1,1,1,1,0,1,0,1,103.1,6595.0,0,0,1,0,0,0,0,1,7,4,1,0.0,103.1,98.43283582089552,4.645351975620923,8.794218683679489,0
0,1,1,7,0,0,0,0,0,0,0,0,0,1,24.7,149.05,0,0,0,0,0,1,0,0,0,1,0,0.0,0.0,18.63125,3.246490991901174,5.010968571886377,0
1,1,1,46,1,1,1,1,0,1,1,1,0,1,110.2,4972.1,0,0,1,0,0,1,0,0,7,4,1,0.0,110.2,105.78936170212766,4.711330381816482,8.51179866709893,0
0,0,0,39,0,0,1,1,0,1,1,0,0,1,48.95,1880.85,1,1,0,0,1,0,0,1,4,4,0,0.0,0.0,47.021249999999995,3.9110225050945626,7.540010614524708,0
0,1,1,32,1,1,0,1,1,0,0,0,0,0,62.45,2045.55,0,0,0,0,0,0,0,1,4,3,0,0.0,0.0,61.986363636363635,4.150252194160397,7.623910727591002,0
0,0,0,24,1,0,0,1,1,0,0,1,0,1,89.55,2187.15,0,1,1,0,0,1,0,0,4,2,0,0.0,89.55,87.486,4.505902184329423,7.690811716950717,0
0,1,1,6,1,0,0,1,0,0,0,1,0,1,83.55,477.55,1,1,1,0,1,0,0,1,3,0,0,0.0,83.55,68.22142857142858,4.4373430753445895,6.1707606986419155,1
0,0,0,37,1,1,1,1,1,1,1,0,0,1,78.9,2976.95,0,0,0,0,1,0,0,1,7,4,0,0.0,0.0,78.34078947368421,4.380775852772229,7.998990423311198,0
0,0,1,8,1,0,0,0,0,0,0,0,0,0,20.35,178.7,0,1,0,1,0,0,1,0,1,1,0,0.0,0.0,19.855555555555554,3.0610517396746335,5.191288793789513,0
0,1,1,72,1,1,1,0,1,0,1,0,2,1,71.45,5025.85,0,0,0,0,0,0,0,1,5,4,0,142.9,0.0,68.84726027397261,4.282896668766692,8.522548824377285,0
1,1,0,71,0,0,1,1,1,1,0,0,2,0,46.35,3353.4,0,1,0,0,1,0,0,1,4,4,0,92.7,0.0,46.575,3.8575668196320874,8.118028195856553,0
0,1,0,16,1,0,0,1,0,0,1,1,0,1,94.65,1461.15,0,0,1,0,0,0,0,1,4,2,1,0.0,94.65,85.95,4.560695695886262,7.287663234225994,0
0,1,0,57,0,0,1,0,1,1,0,1,0,1,49.9,2782.4,0,0,0,0,0,0,0,1,4,4,0,0.0,0.0,47.97241379310345,3.929862923556477,7.931428480985753,0
0,0,0,66,1,1,0,0,0,0,0,0,1,0,25.45,1699.15,0,1,0,1,0,0,0,1,2,4,0,25.45,0.0,25.36044776119403,3.2752561583043085,7.43847176144592,0
1,0,0,17,1,0,0,1,1,0,1,0,0,1,89.15,1496.9,1,0,1,0,0,1,0,0,4,2,0,0.0,89.15,83.16111111111111,4.501474949649326,7.311819406174673,0
0,0,1,21,1,0,0,0,0,0,0,0,0,0,20.75,452.2,0,0,0,1,0,0,1,0,1,2,0,0.0,0.0,20.554545454545455,3.079613757534693,6.116333529153851,0
0,1,0,66,1,1,1,1,1,0,0,0,2,1,66.1,4428.45,0,1,0,0,1,0,0,1,5,4,0,132.2,0.0,66.09626865671642,4.206184043977636,8.396030701832627,0
0,1,0,17,1,1,0,1,0,0,1,1,0,1,75.4,1322.55,0,0,0,0,0,0,0,1,5,2,0,0.0,0.0,73.475,4.335982696172475,7.188072799570865,0
0,0,1,1,1,0,0,0,0,0,0,0,0,1,70.45,70.45,1,1,1,0,0,0,1,0,1,0,0,0.0,70.45,35.225,4.268997904375876,4.268997904375876,1
0,1,0,58,1,0,1,1,1,0,0,0,1,0,60.3,3563.8,1,1,0,0,1,0,0,1,4,4,0,60.3,0.0,60.40338983050848,4.115779842942166,8.17886323029291,0
0,1,1,8,1,0,0,0,0,0,0,0,0,0,21.05,139.75,0,0,0,1,1,0,0,1,1,1,0,0.0,0.0,15.527777777777779,3.093312601892855,4.9469852670198,0
0,0,0,27,1,0,1,0,1,1,1,0,1,0,69.35,1927.3,0,1,0,0,1,0,0,1,5,3,0,69.35,0.0,68.83214285714286,4.253482783560398,7.564394064725559,0
0,1,0,34,1,1,0,1,0,0,0,1,0,0,88.85,3000.25,0,1,1,0,0,0,1,0,4,3,0,0.0,88.85,85.72142857142858,4.498141613229568,8.006784147535463,0
0,0,0,30,1,0,0,1,0,0,1,1,1,1,97.0,3021.3,0,1,1,0,0,0,0,1,4,3,1,97.0,97.0,97.46129032258065,4.584967478670572,8.01377340991084,0
0,0,0,33,1,0,0,1,1,0,1,0,0,1,66.4,2245.4,0,1,0,0,1,0,0,1,4,3,0,0.0,0.0,66.04117647058824,4.210645017918261,7.717084213831492,0
0,0,1,1,0,0,0,0,0,0,0,0,0,0,24.75,24.75,1,1,0,0,0,1,0,0,0,0,0,0.0,0.0,12.375,3.248434627109745,3.248434627109745,1
0,1,1,14,1,1,1,1,0,0,0,1,0,0,69.2,944.65,0,1,0,0,0,0,1,0,5,2,0,0.0,0.0,62.97666666666667,4.251348311031766,6.851872521734463,0
0,0,1,16,1,1,0,0,0,1,0,0,1,1,79.5,1264.2,0,0,1,0,1,0,0,1,3,2,0,79.5,79.5,74.36470588235295,4.388257184424518,7.142985491431494,0
0,0,0,49,1,0,0,0,1,1,1,1,2,0,100.65,4917.75,0,0,1,0,1,0,0,1,5,4,1,201.3,100.65,98.355,4.621535540074356,8.500809712165713,0
0,1,1,19,1,1,0,0,1,1,1,1,0,0,103.3,2012.7,1,1,1,0,0,1,0,0,6,2,1,0.0,103.3,100.635,4.647271362006727,7.60772910488436,0
0,1,1,70,1,1,1,1,1,1,1,0,2,0,79.7,5743.3,0,0,0,0,0,0,0,1,7,4,0,159.4,0.0,80.89154929577465,4.390738575275903,8.65596333777646,0
0,1,1,32,1,0,1,1,0,1,0,0,0,0,61.4,1864.65,0,0,0,0,0,0,0,1,4,3,0,0.0,0.0,56.50454545454546,4.133565275375382,7.531364796826192,0
0,0,0,18,1,0,0,0,0,0,0,0,0,1,69.8,1221.65,0,0,1,0,0,1,0,0,1,2,0,0.0,69.8,64.29736842105264,4.259859000699674,7.108775913208576,0
0,0,0,37,0,0,1,1,0,1,0,0,2,1,40.55,1390.85,0,1,0,0,0,0,1,0,3,4,0,81.1,0.0,36.60131578947368,3.7268975213014572,7.238389076467298,0
0,0,0,4,1,1,0,0,0,0,0,0,0,1,75.65,302.35,0,0,1,0,0,1,0,0,2,0,0,0.0,75.65,60.470000000000006,4.339249605317823,5.714887254388307,1
0,1,0,16,1,1,1,1,1,0,0,0,0,0,90.7,1374.9,0,0,1,0,0,1,0,0,5,2,1,0.0,90.7,80.87647058823529,4.51852237926242,7.226863341433771,0
0,1,0,17,1,1,0,1,0,0,0,0,0,1,80.5,1336.9,0,1,1,0,0,0,0,1,3,2,0,0.0,80.5,74.27222222222223,4.400603020246817,7.198856499479573,0
0,0,1,19,1,0,1,1,1,0,0,0,0,1,60.6,1297.8,0,0,0,0,0,1,0,0,4,2,0,0.0,0.0,64.89,4.120661870539474,7.169196040228691,0
0,1,0,60,1,1,0,0,1,0,1,1,2,0,101.15,6067.4,0,1,1,0,1,0,0,1,5,4,1,202.3,101.15,99.4655737704918,4.626442321263631,8.710850257873938,0
0,1,1,51,1,1,0,0,0,0,0,0,2,1,24.95,1222.25,0,1,0,1,0,0,1,0,2,4,0,49.9,0.0,23.504807692307693,3.2561716096118976,7.109266530169233,0
0,1,1,28,1,0,0,0,0,0,0,0,2,1,20.3,487.95,0,1,0,1,1,0,0,1,1,3,0,40.6,0.0,16.825862068965517,3.0587070727153796,6.192260234758284,0
0,0,0,43,1,0,0,1,0,0,0,1,2,1,60.0,2548.55,0,1,0,0,0,1,0,0,3,4,0,120.0,0.0,57.92159090909092,4.110873864173311,7.84367215199147,0
0,1,0,42,1,0,0,0,0,0,0,0,2,0,20.25,835.5,0,1,0,1,0,1,0,0,1,4,0,40.5,0.0,19.430232558139537,3.056356895370426,6.729226520426879,0
0,0,0,3,1,0,0,0,0,0,1,0,0,1,78.5,242.05,1,1,1,0,0,1,0,0,2,0,0,0.0,78.5,60.5125,4.375757021660286,5.493267183491464,1
0,0,0,1,1,0,0,0,0,0,0,0,0,0,44.75,44.75,0,0,0,0,0,0,1,0,1,0,0,0.0,0.0,22.375,3.82319179172153,3.82319179172153,1
0,0,0,3,1,0,0,0,0,0,0,0,0,0,19.85,63.75,1,0,0,1,0,0,1,0,1,0,0,0.0,0.0,15.9375,3.0373539482448106,4.1705337005796475,1
0,0,0,63,1,1,1,1,1,0,1,0,2,0,98.0,6218.45,0,0,1,0,1,0,0,1,6,4,1,196.0,98.0,97.16328125,4.59511985013459,8.735436757386255,0
1,0,0,3,1,0,0,0,0,0,1,0,0,1,79.9,260.9,1,1,1,0,0,1,0,0,2,0,0,0.0,79.9,65.225,4.393213824064446,5.567962751513666,1
0,1,0,68,1,1,1,1,0,1,1,1,0,1,107.7,7320.9,0,1,1,0,0,1,0,0,7,4,1,0.0,107.7,106.1,4.688591794127164,8.898625136116282,0
1,0,0,30,1,1,0,1,0,0,1,1,0,1,99.7,2967.35,1,0,1,0,0,1,0,0,5,3,1,0.0,99.7,95.72096774193548,4.612145799724517,7.995761521863022,0
0,0,0,60,1,1,0,1,1,0,1,1,2,0,104.7,6333.8,0,0,1,0,0,1,0,0,6,4,1,209.4,104.7,103.83278688524591,4.660604892876192,8.753813521617571,0
0,0,0,15,1,1,0,1,0,1,0,0,0,1,58.6,939.7,1,1,0,0,1,0,0,1,4,2,0,0.0,0.0,58.73125,4.087655574071304,6.846624278977906,0
1,0,0,45,1,1,0,0,0,0,1,1,0,1,93.9,4200.25,0,1,1,0,0,0,0,1,4,4,1,0.0,93.9,91.30978260869566,4.552823705615882,8.343137379039316,0
0,1,0,70,1,0,1,1,1,1,1,1,2,0,86.45,5950.2,0,0,0,0,1,0,0,1,7,4,0,172.9,0.0,83.8056338028169,4.471067201464611,8.691348158877132,0
0,1,0,10,1,1,0,0,1,0,1,1,0,1,98.5,1037.75,1,1,1,0,0,1,0,0,5,1,1,0.0,98.5,94.3409090909091,4.600157644164547,6.945773346169658,0
0,0,0,4,1,0,0,0,0,0,0,0,0,0,19.4,93.4,0,1,0,1,0,0,1,0,1,0,0,0.0,0.0,18.68,3.0155349008501706,4.547541073151455,1
0,0,0,1,1,0,0,0,1,0,0,0,0,1,50.45,50.45,1,0,0,0,0,0,1,0,2,0,0,0.0,0.0,25.225,3.9406104622800586,3.9406104622800586,1
0,1,0,68,1,1,0,0,0,0,0,0,2,1,24.95,1614.9,0,0,0,1,1,0,0,1,2,4,0,49.9,0.0,23.40434782608696,3.2561716096118976,7.387647355978202,0
0,1,1,22,1,0,1,0,0,0,0,0,0,0,75.0,1573.95,0,1,1,0,0,0,0,1,2,2,0,0.0,75.0,68.43260869565218,4.330733340286331,7.361978804724071,0
0,1,1,38,1,1,0,1,1,0,1,0,0,1,94.65,3624.3,1,1,1,0,0,1,0,0,5,4,1,0.0,94.65,92.93076923076923,4.560695695886262,8.19569232248516,0
0,0,0,1,1,1,0,1,0,0,1,1,0,1,100.25,100.25,1,0,1,0,1,0,0,1,5,0,1,0.0,100.25,50.125,4.617592705986649,4.617592705986649,1
0,1,0,18,1,0,0,0,1,1,0,0,0,0,78.2,1468.75,0,1,1,0,0,1,0,0,3,2,0,0.0,78.2,77.30263157894737,4.37197629882038,7.292847597282364,0
0,0,0,29,1,0,0,0,0,1,1,1,0,1,94.2,2607.6,0,1,1,0,0,1,0,0,4,3,1,0.0,94.2,86.92,4.55597994179732,7.866568957936183,0
0,0,0,16,1,1,0,0,1,0,0,1,0,1,88.45,1422.1,1,0,1,0,0,1,0,0,4,2,0,0.0,88.45,83.65294117647058,4.493679809954728,7.2605928696896145,0
0,0,0,1,1,0,0,0,0,0,0,0,0,1,69.85,69.85,1,1,1,0,0,1,0,0,1,0,0,0.0,69.85,34.925,4.260564966136689,4.260564966136689,1
0,0,0,12,1,0,1,0,1,0,0,0,0,0,81.7,858.6,1,1,1,0,0,0,0,1,3,1,0,0.0,81.7,66.04615384615384,4.415219602029645,6.756467164768355,0
0,0,0,31,0,0,0,0,1,0,1,1,1,1,50.05,1523.4,0,1,0,0,0,1,0,0,3,3,0,50.05,0.0,47.60625,3.9328055446106744,7.3293561689997055,0
0,0,0,4,1,0,0,0,0,0,0,1,0,1,79.9,324.3,1,1,1,0,0,1,0,0,2,0,0,0.0,79.9,64.86,4.393213824064446,5.784747833479305,1
0,1,0,48,1,1,0,0,1,1,0,1,1,1,69.55,3435.6,0,0,0,0,0,0,1,0,5,4,0,69.55,0.0,70.11428571428571,4.256321678298823,8.142237889512645,0
0,0,0,15,1,1,0,0,0,0,0,0,0,1,25.4,399.6,1,0,0,1,1,0,0,1,2,2,0,0.0,0.0,24.975,3.2733640101522705,5.992963423231718,0
0,0,0,50,1,0,1,1,1,1,0,0,1,1,90.1,4549.45,0,1,1,0,1,0,0,1,5,4,1,90.1,90.1,89.20490196078431,4.511957804265912,8.422981408153506,0
0,0,0,7,1,0,0,0,0,0,0,0,0,1,44.65,322.5,0,1,0,0,0,0,0,1,1,1,0,0.0,0.0,40.3125,3.8210036070409776,5.7791991139409555,0
1,1,0,41,1,1,1,0,1,0,0,0,0,1,83.75,3273.55,1,1,1,0,0,0,0,1,4,4,0,0.0,83.75,77.94166666666668,4.43970574626056,8.093935734048326,0
0,1,1,68,1,0,1,0,1,0,0,0,2,0,80.35,5375.15,0,1,1,0,1,0,0,1,3,4,0,160.7,80.35,77.90072463768115,4.3987608336650466,8.589727783599452,0
1,1,0,26,1,1,0,0,1,0,1,1,0,1,98.1,2510.7,0,0,1,0,0,0,0,1,5,3,1,0.0,98.1,92.98888888888888,4.596129441335942,7.828715093704554,0
0,0,0,57,0,0,0,0,1,1,1,1,2,0,53.35,3090.05,0,1,0,0,1,0,0,1,4,4,0,106.7,0.0,53.27672413793104,3.9954446135672184,8.03626611799611,0
0,0,0,3,1,0,0,0,0,0,0,0,0,0,19.55,61.05,0,0,0,1,0,1,0,0,1,0,0,0.0,0.0,15.2625,3.022860940942244,4.127940511650616,1
0,0,0,1,1,0,0,0,0,0,0,0,0,0,20.9,20.9,1,0,0,1,0,0,1,0,1,0,0,0.0,0.0,10.45,3.086486636822455,3.086486636822455,1
0,1,1,19,1,0,1,0,0,0,0,0,1,1,48.95,955.6,0,1,0,0,0,0,0,1,2,2,0,48.95,0.0,47.78,3.9110225050945626,6.863385331246197,0
0,0,0,3,1,0,0,0,0,0,1,0,0,1,54.2,140.4,0,0,0,0,0,1,0,0,2,0,0,0.0,0.0,35.1,4.01096295328305,4.951592753462473,1
0,0,0,59,1,1,0,0,0,0,0,0,2,0,24.45,1493.1,0,0,0,1,0,1,0,0,2,4,0,48.9,0.0,24.884999999999998,3.2367157429965316,7.309279297857039,0
0,1,0,1,1,0,0,0,0,0,0,0,0,1,69.4,69.4,1,0,1,0,0,0,1,0,1,0,0,0.0,69.4,34.7,4.254193263163997,4.254193263163997,1
0,1,0,42,0,0,1,0,0,0,1,0,0,1,40.15,1626.05,0,1,0,0,0,0,0,1,2,4,0,0.0,0.0,37.81511627906977,3.717223927123079,7.394523838154337,0
0,0,0,7,1,1,0,0,0,0,0,0,0,1,74.9,541.15,1,0,1,0,0,1,0,0,2,1,0,0.0,74.9,67.64375,4.3294166844015844,6.295542715918191,0
0,1,0,67,1,1,0,0,0,0,0,0,2,0,25.6,1784.9,0,1,0,1,1,0,0,1,2,4,0,51.2,0.0,26.248529411764707,3.2809112157876537,7.487677768827454,0
0,0,0,1,1,0,0,0,0,0,0,0,0,1,70.35,70.35,0,1,1,0,0,1,0,0,1,0,0,0.0,70.35,35.175,4.267597343922845,4.267597343922845,1
0,1,0,66,1,1,1,1,1,1,1,1,2,0,91.7,6075.9,0,1,0,0,0,0,0,1,8,4,1,183.4,0.0,90.68507462686567,4.529368472571809,8.712249976512057,0
0,0,0,61,1,1,0,0,1,0,0,1,0,0,89.2,5500.6,0,0,1,0,0,0,1,0,4,4,0,0.0,89.2,88.71935483870968,4.502029427068578,8.612794238005627,0
0,1,1,4,1,1,0,0,0,0,0,0,1,0,24.1,73.1,0,1,0,1,1,0,0,1,2,0,0,24.1,0.0,14.62,3.2228678461377385,4.3054155323020415,1
1,1,0,42,1,0,1,0,0,0,0,0,0,1,74.15,3229.4,1,0,1,0,1,0,0,1,2,4,0,0.0,74.15,75.10232558139535,4.319486116198983,8.080361247558573,0
0,1,1,64,1,1,0,1,0,0,0,0,1,1,53.85,3399.85,0,0,0,0,0,0,0,1,3,4,0,53.85,0.0,52.30538461538461,4.00460218672124,8.13178067935946,0
1,1,0,54,1,1,1,1,1,1,1,1,1,1,115.6,6431.05,0,0,1,0,0,0,0,1,8,4,1,115.6,115.6,116.92818181818183,4.758749273916392,8.769048584460428,0
0,0,0,1,1,0,0,0,0,0,0,0,0,1,19.75,19.75,0,1,0,1,1,0,0,1,1,0,0,0.0,0.0,9.875,3.0325462466767075,3.0325462466767075,1
0,1,1,54,1,1,0,0,0,0,0,0,2,1,24.05,1230.9,0,1,0,1,0,0,0,1,2,4,0,48.1,0.0,22.380000000000003,3.2208738275308737,7.116312971967928,0
0,0,1,18,1,1,0,0,0,0,0,0,2,0,25.3,454.65,0,0,0,1,1,0,0,1,2,2,0,50.6,0.0,23.928947368421053,3.269568939183719,6.121724970942136,0
0,0,0,3,1,0,0,1,0,0,0,1,0,0,84.3,235.05,0,1,1,0,0,1,0,0,3,0,0,0.0,84.3,58.7625,4.446174454497633,5.4640436469922955,1
0,0,0,1,1,0,0,0,0,0,0,0,0,1,70.1,70.1,1,0,1,0,0,1,0,0,1,0,0,0.0,70.1,35.05,4.264087336809195,4.264087336809195,1
0,1,1,72,1,1,1,1,1,1,1,1,2,0,89.75,6595.9,0,0,0,0,1,0,0,1,8,4,0,179.5,0.0,90.35479452054794,4.5081084731449605,8.794355120702646,0
1,1,0,60,1,0,0,1,1,0,1,1,1,1,97.95,5867.0,0,1,1,0,0,1,0,0,5,4,1,97.95,97.95,96.18032786885246,4.594614672048575,8.677269139262872,0
0,1,1,11,1,0,0,0,0,0,0,0,1,1,20.0,196.35,0,0,0,1,0,0,1,0,1,1,0,20.0,0.0,16.3625,3.044522437723423,5.284978802108856,0
0,0,1,12,1,1,1,0,0,0,0,0,0,1,78.3,909.25,1,0,1,0,0,1,0,0,3,1,0,0.0,78.3,69.9423076923077,4.373238128640803,6.813719287055543,0
0,1,1,61,1,0,0,1,1,1,1,1,1,0,103.9,6449.15,0,1,1,0,1,0,0,1,6,4,1,103.9,103.9,104.01854838709677,4.653007515402251,8.77185866533336,0
0,0,0,39,1,0,0,0,0,0,0,0,2,0,20.7,762.45,0,0,0,1,1,0,0,1,1,4,0,41.4,0.0,19.06125,3.077312260546414,6.63784763462952,0
0,0,0,55,1,1,0,0,0,0,1,1,0,1,96.8,5283.95,1,1,1,0,0,1,0,0,4,4,1,0.0,96.8,94.35625,4.582924577040772,8.572618437521648,0
0,0,0,17,1,1,1,1,0,0,1,0,0,1,94.4,1617.5,1,0,1,0,0,1,0,0,5,2,1,0.0,94.4,89.86111111111111,4.558078578454241,7.389255073366299,0
0,0,0,37,1,0,0,0,0,0,0,0,1,0,20.15,785.75,0,1,0,1,1,0,0,1,1,4,0,20.15,0.0,20.67763157894737,3.0516399054922867,6.667910535944516,0
0,1,0,72,1,1,0,0,0,0,0,0,2,1,26.0,1776.0,0,0,0,1,0,0,1,0,2,4,0,52.0,0.0,24.328767123287673,3.295836866004329,7.482681828154651,0
1,1,0,72,1,1,0,1,1,1,1,0,2,0,77.35,5396.25,0,1,0,0,1,0,0,1,6,4,0,154.7,0.0,73.92123287671232,4.36118596880203,8.593644843576568,0
0,0,0,8,1,0,1,0,0,1,0,1,0,0,66.05,574.5,0,0,0,0,0,0,0,1,4,1,0,0.0,0.0,63.833333333333336,4.205438609727688,6.355239228161937,0
0,1,1,22,1,0,0,0,0,0,0,0,0,0,19.9,400.3,0,0,0,1,0,0,1,0,1,2,0,0.0,0.0,17.40434782608696,3.039749158970765,5.994709277272871,0
0,0,0,1,1,0,0,1,0,0,1,0,0,0,84.3,84.3,1,0,1,0,0,1,0,0,3,0,0,0.0,84.3,42.15,4.446174454497633,4.446174454497633,1
0,0,0,38,1,1,0,1,0,1,0,1,0,0,68.15,2656.3,0,0,0,0,1,0,0,1,5,4,0,0.0,0.0,68.11025641025641,4.236278058110767,7.885065848682237,0
0,0,1,17,1,0,0,1,1,1,1,1,1,0,80.85,1445.95,0,1,0,0,0,1,0,0,6,2,0,80.85,0.0,80.33055555555556,4.404888303817144,7.277213171784299,0
1,0,0,70,1,1,0,1,1,1,1,0,2,1,75.5,5212.65,0,0,0,0,0,0,0,1,6,4,0,151.0,0.0,73.41760563380281,4.33729074083249,8.55903546527447,0
1,1,1,72,1,1,1,1,1,1,1,1,2,0,92.45,6440.25,1,0,0,0,1,0,0,1,8,4,1,184.9,0.0,88.22260273972603,4.537426533901572,8.770477899642435,0
0,0,0,28,1,0,0,0,0,0,0,1,0,1,80.6,2244.95,0,0,1,0,0,1,0,0,2,3,0,0.0,80.6,77.41206896551724,4.401829261970061,7.716883873251837,0
0,0,0,15,1,0,0,1,0,0,1,0,0,1,83.2,1130.0,0,0,1,0,0,0,0,1,3,2,0,0.0,83.2,70.625,4.4331949212482815,7.030857476116121,0
0,1,1,72,1,1,1,1,1,1,1,1,2,1,87.55,6463.15,0,1,0,0,0,0,0,1,8,4,0,175.1,0.0,88.53630136986301,4.4835673642288425,8.774026805377234,0
1,1,0,11,1,1,0,0,1,0,1,1,0,1,99.55,1131.2,1,0,1,0,0,1,0,0,5,1,1,0.0,99.55,94.26666666666667,4.610655116218661,7.03191792160256,0
1,0,0,8,1,1,0,0,1,0,0,0,0,1,81.25,585.95,1,1,1,0,0,1,0,0,3,1,0,0.0,81.25,65.10555555555555,4.409763389645481,6.374939637324531,0
0,1,0,57,1,1,0,1,1,1,1,1,1,1,109.4,6252.7,0,0,1,0,0,0,0,1,7,4,1,109.4,109.4,107.8051724137931,4.704110133842995,8.740928567567575,0
0,1,1,1,1,0,0,0,0,0,0,0,0,0,19.95,19.95,1,1,0,1,0,0,0,1,1,0,0,0.0,0.0,9.975,3.0421386463681466,3.0421386463681466,1
0,1,0,46,0,0,1,1,0,0,1,0,0,0,45.55,2062.15,0,0,0,0,0,1,0,0,3,4,0,0.0,0.0,43.87553191489362,3.840527003723076,7.63198922007418,0
0,1,0,30,1,0,0,0,0,0,0,0,1,0,20.7,587.1,0,1,0,1,1,0,0,1,1,3,0,20.7,0.0,18.938709677419357,3.077312260546414,6.3768970014659105,0
1,1,0,10,1,0,1,0,0,0,0,0,0,0,75.3,720.45,0,1,1,0,0,1,0,0,2,1,0,0.0,75.3,65.49545454545455,4.334672938290411,6.581263075743265,0
0,1,0,23,1,1,1,1,1,0,1,0,0,1,99.25,2186.4,1,1,1,0,0,1,0,0,6,2,1,0.0,99.25,91.10000000000001,4.6076670661866785,7.6904689029011255,0
0,0,0,32,1,0,1,1,1,0,0,1,0,1,93.4,2979.3,0,1,1,0,1,0,0,1,5,3,1,0.0,93.4,90.28181818181818,4.547541073151455,7.99977924557339,0
0,0,0,13,1,0,1,0,0,0,0,0,0,1,73.75,956.65,0,1,1,0,1,0,0,1,2,2,0,0.0,73.75,68.33214285714286,4.314149212270796,6.86448236674867,0
0,0,0,39,1,0,0,0,1,1,0,0,2,1,80.45,3201.55,1,0,1,0,0,1,0,0,3,4,0,160.9,80.45,80.03875000000001,4.399989335048054,8.07170264645151,0
0,0,0,44,1,0,0,1,1,0,1,0,0,1,88.15,3973.2,0,0,1,0,1,0,0,1,4,4,0,0.0,88.15,88.29333333333332,4.49032034430915,8.287578748971717,0
1,0,0,9,1,0,0,0,0,1,0,0,0,0,49.2,447.9,0,1,0,0,0,0,1,0,2,1,0,0.0,0.0,44.79,3.9160150266976834,6.106800145787886,0
0,1,0,67,1,0,0,0,0,0,0,0,2,0,19.65,1335.2,0,0,0,1,0,0,1,0,1,4,0,39.3,0.0,19.63529411764706,3.027715319407042,7.197585043491377,0
0,1,1,9,1,1,0,0,1,0,0,0,0,1,79.35,661.25,1,1,1,0,0,0,0,1,3,1,0,0.0,79.35,66.125,4.386392092183521,6.495643128152179,0
0,0,0,15,1,1,0,1,0,0,0,0,0,1,79.75,1111.85,1,0,1,0,0,1,0,0,3,2,0,0.0,79.75,69.490625,4.391357962102766,7.0146795713036445,0
0,1,0,71,1,1,0,1,1,0,1,1,2,1,105.15,7555.0,0,0,1,0,0,0,0,1,6,4,1,210.3,105.15,104.93055555555556,4.664853188149265,8.9300972286214,0
0,0,0,1,1,0,0,0,0,1,0,0,0,0,49.0,49.0,0,1,0,0,1,0,0,1,2,0,0,0.0,0.0,24.5,3.912023005428146,3.912023005428146,1
0,1,1,30,1,1,0,0,1,0,1,1,0,1,100.05,3046.15,1,0,1,0,0,1,0,0,5,3,1,0.0,100.05,98.26290322580645,4.61561544384963,8.021962006523603,0
0,0,0,1,1,0,0,0,0,0,0,0,0,1,69.35,69.35,1,1,1,0,0,1,0,0,1,0,0,0.0,69.35,34.675,4.253482783560398,4.253482783560398,1
0,1,0,17,0,0,0,1,0,0,1,1,0,1,49.8,836.35,0,1,0,0,0,0,1,0,3,2,0,0.0,0.0,46.46388888888889,3.927896354584436,6.7302421431804875,0
0,0,0,3,1,0,0,0,0,1,0,1,0,0,85.8,272.2,1,0,1,0,0,1,0,0,3,0,0,0.0,85.8,68.05,4.463606621666305,5.610204127696635,1
0,1,1,67,1,1,1,0,1,0,1,1,2,1,79.7,5293.4,1,1,0,0,0,1,0,0,6,4,0,159.4,0.0,77.84411764705882,4.390738575275903,8.574404937167348,0
0,0,0,1,1,0,0,0,0,0,0,0,0,0,20.95,20.95,0,1,0,1,0,0,0,1,1,0,0,0.0,0.0,10.475,3.08876713952118,3.08876713952118,1
1,0,0,1,1,1,0,0,0,0,0,0,0,0,50.55,50.55,1,0,0,0,0,0,1,0,2,0,0,0.0,0.0,25.275,3.942552210462969,3.942552210462969,1
1,1,0,32,1,1,0,0,1,0,0,0,0,0,79.3,2570.0,0,0,1,0,0,0,1,0,3,3,0,0.0,79.3,77.87878787878788,4.385769620952716,7.852050207265889,0
0,1,1,41,1,0,0,0,0,0,0,0,1,0,19.5,798.2,0,1,0,1,0,0,0,1,1,4,0,19.5,0.0,19.004761904761907,3.0204248861443626,6.683611227334344,0
0,1,0,1,1,0,0,0,0,0,1,0,0,1,80.55,80.55,1,1,1,0,0,1,0,0,2,0,0,0.0,80.55,40.275,4.401216329067023,4.401216329067023,1
0,0,0,1,1,0,0,0,0,0,0,0,0,0,44.15,44.15,0,0,0,0,0,0,0,1,1,0,0,0.0,0.0,22.075,3.8099902798629945,3.8099902798629945,1
0,1,1,12,1,1,0,1,1,0,0,0,0,1,84.5,916.9,1,0,1,0,0,1,0,0,4,1,0,0.0,84.5,70.53076923076922,4.448516375942715,6.822088452225045,0
0,1,1,62,1,1,1,1,0,0,1,1,0,1,105.5,6487.2,0,1,1,0,0,1,0,0,6,4,1,0.0,105.5,102.97142857142858,4.66814498514948,8.7777404214607,0
0,0,0,22,1,0,0,1,0,0,0,1,0,1,84.3,1855.65,1,0,1,0,0,0,1,0,3,2,0,0.0,84.3,80.6804347826087,4.446174454497633,7.526529067552247,0
0,0,1,17,1,1,0,1,1,1,0,0,0,1,92.7,1556.85,0,0,1,0,1,0,0,1,5,2,1,0.0,92.7,86.49166666666666,4.540098189244376,7.351061944517177,0
0,1,1,72,1,1,0,0,0,0,0,0,2,1,26.25,1988.05,0,0,0,1,0,0,0,1,2,4,0,52.5,0.0,27.233561643835614,3.305053521109253,7.595412416798443,0
0,1,1,56,1,1,0,1,0,1,1,0,0,1,96.95,5432.2,0,1,1,0,1,0,0,1,5,4,1,0.0,96.95,95.30175438596491,4.58445714439055,8.600283557948336,0
0,0,0,9,1,0,0,0,0,0,0,0,0,1,20.45,147.55,0,0,0,1,1,0,0,1,1,1,0,0.0,0.0,14.755,3.065724645374026,5.000921601908617,0
0,1,0,72,1,1,1,1,1,1,1,1,2,1,115.8,8424.9,0,1,1,0,0,0,0,1,8,4,1,231.6,115.8,115.40958904109588,4.760463070394127,9.039065574441002,0
0,0,0,20,1,0,1,1,1,1,1,1,0,1,108.2,2203.7,0,1,1,0,0,0,0,1,7,2,1,0.0,108.2,104.93809523809523,4.693181063310805,7.698346724202935,0
0,1,1,19,1,0,0,0,0,0,0,0,2,0,20.2,387.4,0,1,0,1,0,0,1,0,1,2,0,40.4,0.0,19.369999999999997,3.054001181677967,5.96203573641717,0
0,0,0,2,1,0,0,0,0,0,0,0,0,1,67.75,116.65,1,1,1,0,0,1,0,0,1,0,0,0.0,67.75,38.88333333333333,4.230476736546681,4.767714115173372,1
0,0,0,53,0,0,0,0,1,1,1,1,1,0,54.9,3045.75,0,1,0,0,1,0,0,1,4,4,0,54.9,0.0,56.40277777777778,4.023564380161053,8.021830727703612,0
1,0,0,27,1,1,0,0,0,0,0,1,0,1,85.25,2287.25,1,0,1,0,0,1,0,0,3,3,0,0.0,85.25,81.6875,4.457250055911469,7.735542612264889,0
0,0,0,6,1,0,0,0,0,0,0,0,0,0,20.15,130.5,0,1,0,1,0,0,0,1,1,0,0,0.0,0.0,18.642857142857142,3.0516399054922867,4.879006851617819,1
0,1,1,9,1,1,0,0,1,0,1,0,1,1,90.35,767.9,0,1,1,0,0,1,0,0,4,1,1,90.35,90.35,76.78999999999999,4.514698282824016,6.644960922038135,0
0,1,1,8,1,1,0,1,0,0,0,0,0,0,55.75,446.8,0,0,0,0,0,1,0,0,3,1,0,0.0,0.0,49.644444444444446,4.038655656361512,6.104346704164654,0
0,1,1,71,1,1,1,1,1,1,1,1,2,0,114.6,8100.25,0,0,1,0,0,0,0,1,8,4,1,229.2,114.6,112.50347222222223,4.750135956238277,8.999773649741925,0
0,0,0,10,1,1,0,1,0,0,0,0,0,1,80.05,830.7,1,0,1,0,0,0,0,1,3,1,0,0.0,80.05,75.51818181818182,4.395066248181685,6.723471798874642,0
0,0,0,1,1,0,0,0,0,0,0,0,0,0,20.0,20.0,1,1,0,1,0,0,1,0,1,0,0,0.0,0.0,10.0,3.044522437723423,3.044522437723423,1
0,1,0,71,0,0,1,1,1,1,1,1,1,0,66.8,4689.15,0,0,0,0,0,0,0,1,6,4,0,66.8,0.0,65.12708333333333,4.216562194946349,8.453219843871313,0
0,1,0,68,1,0,0,1,0,1,1,1,1,1,100.3,6754.35,0,1,1,0,0,1,0,0,5,4,1,100.3,100.3,97.88913043478261,4.618086411254637,8.818090062523531,0
0,0,0,34,1,1,0,1,0,1,1,1,0,1,105.35,3540.65,0,1,1,0,0,1,0,0,6,3,1,0.0,105.35,101.16142857142857,4.666735541646246,8.172347999231082,0
0,0,0,26,1,0,0,1,1,1,0,0,1,1,85.2,2184.6,0,1,1,0,0,1,0,0,4,3,0,85.2,85.2,80.91111111111111,4.456670177669648,7.689645669376471,0
0,0,0,22,1,0,1,0,0,0,0,0,0,1,48.8,1054.6,1,0,0,0,1,0,0,1,2,2,0,0.0,0.0,45.85217391304347,3.9080149840306073,6.961864604629169,0
0,0,0,7,1,0,0,0,0,0,0,0,0,1,18.95,130.55,0,1,0,1,0,0,1,0,1,1,0,0.0,0.0,16.31875,2.9932291433358724,4.879387007486302,0
0,1,0,20,1,0,0,0,0,0,0,0,0,1,69.8,1540.35,0,0,1,0,0,0,0,1,1,2,0,0.0,69.8,73.35,4.259859000699674,7.340413934774431,0
0,1,0,60,1,1,0,1,1,0,1,1,0,1,106.15,6411.25,0,0,1,0,0,1,0,0,6,4,1,0.0,106.15,105.10245901639344,4.674229721919586,8.765965502364262,0
0,1,1,72,1,0,0,0,0,0,0,0,2,0,20.55,1432.55,0,1,0,1,0,1,0,0,1,4,0,41.1,0.0,19.623972602739727,3.070375816549757,7.267909164380298,0
1,1,0,72,1,1,0,1,1,0,1,1,1,1,105.75,7629.85,0,0,1,0,1,0,0,1,6,4,1,105.75,105.75,104.51849315068493,4.670489652108734,8.93995452043283,0
0,0,0,4,1,1,0,0,0,0,0,0,0,0,25.25,101.9,0,1,0,1,0,0,1,0,2,0,0,0.0,0.0,20.380000000000003,3.2676659890376327,4.633757642840004,1
0,1,1,16,1,0,0,0,0,0,0,0,0,0,19.75,313.4,0,1,0,1,0,1,0,0,1,2,0,0.0,0.0,18.435294117647057,3.0325462466767075,5.7506660605550515,0
1,1,0,62,1,1,1,0,1,0,1,1,1,1,104.85,6312.9,0,0,1,0,0,1,0,0,6,4,1,104.85,104.85,100.2047619047619,4.662022997580874,8.750508831171802,0
0,0,0,10,1,0,0,0,0,1,0,1,0,1,60.95,629.55,0,0,0,0,0,0,1,0,3,1,0,0.0,0.0,57.23181818181818,4.126327608075152,6.446592454401883,0
0,0,0,31,1,1,0,1,0,0,0,0,0,1,81.15,2640.55,0,1,1,0,0,1,0,0,3,3,0,0.0,81.15,82.5171875,4.408546844483277,7.879121145064257,0
0,1,0,71,1,0,0,0,0,0,0,0,2,0,19.1,1372.45,0,0,0,1,1,0,0,1,1,4,0,38.2,0.0,19.061805555555555,3.0007198150650303,7.225081101523602,0
0,0,0,58,1,0,0,0,0,0,0,0,2,0,20.8,1212.25,0,1,0,1,0,0,1,0,1,4,0,41.6,0.0,20.546610169491526,3.0819099697950434,7.1010579882853255,0
0,1,1,70,1,1,1,1,1,1,1,1,2,1,90.15,6237.05,0,1,0,0,1,0,0,1,8,4,1,180.3,0.0,87.84577464788732,4.512506501124672,8.738422912525174,0
0,1,0,71,1,1,1,1,1,1,1,1,2,0,90.1,6310.9,0,0,0,0,0,1,0,0,8,4,1,180.2,0.0,87.65138888888889,4.511957804265912,8.750192019561174,0
1,0,0,69,1,1,1,0,1,1,0,1,2,0,74.1,5031.0,0,1,0,0,1,0,0,1,6,4,0,148.2,0.0,71.87142857142857,4.318820558770089,8.523572798380277,0
1,0,0,1,1,1,0,0,0,0,0,1,0,1,85.05,85.05,1,0,1,0,0,1,0,0,3,0,0,0.0,85.05,42.525,4.454928522657548,4.454928522657548,1
0,1,1,72,1,1,1,1,1,1,1,1,2,1,118.75,8672.45,0,0,1,0,0,0,0,1,8,4,1,237.5,118.75,118.80068493150686,4.785406236291025,9.068021914499312,0
0,1,0,26,1,0,0,0,0,1,0,1,0,0,85.9,2196.45,0,0,1,0,1,0,0,1,3,3,0,0.0,85.9,81.35,4.464758032271346,7.69505287617192,0
0,1,0,33,1,1,0,0,1,1,0,1,0,1,95.0,3008.15,0,0,1,0,1,0,0,1,5,3,1,0.0,95.0,88.47500000000001,4.564348191467836,8.009412925836207,0
0,1,1,10,1,0,0,0,0,0,0,0,2,0,20.15,220.8,0,0,0,1,0,0,1,0,1,1,0,40.3,0.0,20.072727272727274,3.0516399054922867,5.401776074916267,0
1,0,0,57,1,1,1,0,1,1,0,1,2,0,101.3,5779.6,0,0,1,0,1,0,0,1,6,4,1,202.6,101.3,99.64827586206897,4.627909672957581,8.662262762507304,0
0,0,0,10,1,0,0,0,0,0,0,0,0,1,21.2,222.65,0,0,0,1,0,1,0,0,1,1,0,0.0,0.0,20.240909090909092,3.100092288878234,5.410082329878857,0
0,1,1,39,1,1,0,0,0,0,0,0,1,1,24.2,914.6,0,0,0,1,0,0,1,0,2,4,0,24.2,0.0,22.865000000000002,3.2268439945173775,6.819579588078412,0
0,0,0,11,1,0,0,0,0,0,0,0,0,0,20.3,246.3,0,0,0,1,0,0,0,1,1,1,0,0.0,0.0,20.525000000000002,3.0587070727153796,5.510602174527371,0
0,1,1,21,1,0,0,1,1,1,1,1,0,1,102.8,2110.15,1,0,1,0,0,1,0,0,6,2,1,0.0,102.8,95.9159090909091,4.642465970731788,7.6549881016953245,0
0,1,1,68,1,1,0,1,1,1,1,1,2,0,85.3,5560.0,0,0,0,0,0,0,0,1,7,4,0,170.6,0.0,80.57971014492753,4.457829598089382,8.623533227187563,0
0,0,0,18,1,1,0,0,1,0,1,0,1,1,89.6,1633.0,0,1,1,0,1,0,0,1,4,2,0,89.6,89.6,85.94736842105263,4.506454213048934,7.3987862754199485,0
0,0,0,6,1,0,0,0,1,1,1,1,0,1,99.95,547.65,1,0,1,0,0,0,1,0,5,0,1,0.0,99.95,78.23571428571428,4.614625344758847,6.307460715436808,1
0,0,0,18,1,1,1,0,0,0,0,0,0,0,56.25,969.85,0,1,0,0,0,0,1,0,3,2,0,0.0,0.0,51.044736842105266,4.047427642434349,6.878171976440463,0
0,1,1,52,1,0,0,0,1,0,0,0,1,1,50.95,2610.65,0,0,0,0,0,0,0,1,2,4,0,50.95,0.0,49.257547169811325,3.9502817175452365,7.867737484480717,0
0,1,1,56,1,1,1,1,1,1,1,1,2,0,115.85,6567.9,0,1,1,0,0,0,1,0,8,4,1,231.7,115.85,115.22631578947367,4.760891060984867,8.7901016697594,0
0,0,0,45,1,1,0,0,1,1,1,1,0,1,103.65,4747.85,0,1,1,0,0,0,0,1,6,4,1,0.0,103.65,103.21413043478262,4.650621448892009,8.465657762453318,0
0,0,0,67,1,1,0,0,0,0,0,0,2,1,26.1,1759.55,0,0,0,1,0,0,1,0,2,4,0,52.2,0.0,25.875735294117646,3.299533727885655,7.473381539214243,0
0,1,0,3,0,0,1,0,0,1,0,0,0,0,35.1,101.1,0,1,0,0,0,0,1,0,2,0,0,0.0,0.0,25.275,3.586292865338835,4.625952725170619,1
1,0,0,65,1,0,0,1,1,0,1,1,0,1,99.1,6496.15,0,1,1,0,0,0,0,1,5,4,1,0.0,99.1,98.42651515151515,4.6061696863211745,8.7791188981929,0
0,1,0,63,1,1,0,1,0,1,0,1,2,0,67.25,4234.15,0,1,0,0,0,0,1,0,5,4,0,134.5,0.0,66.15859375,4.223177434065069,8.351174025585241,0
0,1,1,11,1,1,0,0,0,0,0,0,2,0,25.0,300.7,0,0,0,1,0,0,1,0,2,1,0,50.0,0.0,25.058333333333334,3.258096538021482,5.709433146165015,0
0,0,1,1,1,0,0,0,0,1,0,1,0,1,59.55,59.55,0,1,0,0,0,0,1,0,3,0,0,0.0,0.0,29.775,4.1034694699991014,4.1034694699991014,1
0,0,0,55,1,1,0,0,1,0,1,1,2,1,77.8,4323.35,0,1,0,0,0,0,0,1,5,4,0,155.6,0.0,77.20267857142858,4.366912996863833,8.372017119054112,0
0,1,1,25,1,1,0,0,0,1,0,0,1,1,55.1,1466.1,0,1,0,0,0,0,1,0,3,3,0,55.1,0.0,56.388461538461534,4.027135812528651,7.291042942145598,0
0,1,0,72,1,1,1,1,1,1,1,1,1,1,117.8,8684.8,1,1,1,0,0,0,0,1,8,4,1,117.8,117.8,118.96986301369861,4.777441406928545,9.069444787271305,0
0,1,0,72,1,1,0,0,0,0,0,0,2,1,24.15,1776.45,0,0,0,1,1,0,0,1,2,4,0,48.3,0.0,24.334931506849315,3.224857896545748,7.482935031886539,0
0,0,1,65,0,0,0,1,0,1,1,0,2,0,45.25,2933.95,0,0,0,0,0,0,1,0,3,4,0,90.5,0.0,44.45378787878788,3.834061463958434,7.984445696341958,0
1,0,0,54,1,1,0,1,0,0,0,0,0,1,79.5,4370.25,1,0,1,0,0,1,0,0,3,4,0,0.0,79.5,79.4590909090909,4.388257184424518,8.382804288377585,0
0,1,1,7,1,0,0,0,0,0,0,0,0,0,20.25,144.35,0,1,0,1,0,0,1,0,1,1,0,0.0,0.0,18.04375,3.056356895370426,4.979144627004885,0
0,1,0,72,1,1,1,1,0,1,0,0,2,0,64.75,4804.75,0,0,0,0,0,0,0,1,5,4,0,129.5,0.0,65.81849315068493,4.185859671057874,8.47756839663297,0
0,1,0,21,1,0,0,0,0,0,1,0,0,0,54.6,1125.2,0,1,0,0,0,0,0,1,2,2,0,0.0,0.0,51.14545454545455,4.018183201256536,7.026604412820518,0
0,0,0,2,1,0,0,0,0,0,0,0,0,1,20.7,39.85,0,0,0,1,0,0,0,1,1,0,0,0.0,0.0,13.283333333333333,3.077312260546414,3.709906821306012,1
1,0,0,4,1,0,0,0,1,0,1,1,0,1,94.75,422.4,0,1,1,0,0,1,0,0,4,0,1,0.0,94.75,84.47999999999999,4.561740628060756,6.048317358700765,1
0,1,0,3,1,1,0,0,0,1,0,0,0,1,79.65,251.75,1,1,1,0,0,0,0,1,3,0,0,0.0,79.65,62.9375,4.390118804571218,5.532400857900581,1
0,1,0,72,1,1,1,1,1,1,1,1,2,0,115.8,8332.15,0,1,1,0,1,0,0,1,8,4,1,231.6,115.8,114.1390410958904,4.760463070394127,9.027996814940224,0
0,0,0,6,1,0,1,0,0,0,0,0,0,1,49.45,314.6,0,0,0,0,0,1,0,0,2,0,0,0.0,0.0,44.94285714285714,3.920982746799618,5.75447558897172,1
0,0,0,52,1,0,0,0,1,0,0,1,0,1,83.8,4331.4,0,1,1,0,1,0,0,1,3,4,0,0.0,83.8,81.72452830188679,4.440295542797857,8.373876939961582,0
1,1,0,69,1,1,0,1,1,0,0,1,0,1,95.35,6382.0,0,1,1,0,0,0,0,1,5,4,1,0.0,95.35,91.17142857142858,4.567987394860375,8.761393485256058,0
0,0,0,8,1,0,0,0,1,0,1,1,0,1,94.7,740.3,1,1,1,0,0,1,0,0,4,1,1,0.0,94.7,82.25555555555555,4.5612182984589085,6.608405401662674,0
1,0,0,8,1,0,0,0,1,0,0,0,0,1,74.05,600.15,0,0,1,0,0,0,0,1,2,1,0,0.0,74.05,66.68333333333334,4.318154558079471,6.398844487420918,0
1,0,0,63,1,1,0,0,1,0,0,1,0,1,89.6,5538.8,0,0,1,0,0,0,0,1,4,4,0,0.0,89.6,86.54375,4.506454213048934,8.619713678006637,0
0,0,0,60,1,1,1,1,1,1,1,1,1,1,116.6,7049.5,0,1,1,0,1,0,0,1,8,4,1,116.6,116.6,115.56557377049181,4.767289035464526,8.860853815277284,0
0,1,0,12,1,0,1,0,0,1,0,0,0,0,54.2,690.5,0,0,0,0,0,0,0,1,3,1,0,0.0,0.0,53.11538461538461,4.01096295328305,6.538863151104813,0
0,0,0,13,1,0,0,0,0,0,0,0,0,1,19.3,279.3,0,0,0,1,0,0,1,0,1,2,0,0.0,0.0,19.95,3.0106208860477417,5.635860458170742,0
0,0,0,22,1,1,1,1,1,0,0,0,0,0,65.05,1427.55,0,1,0,0,0,0,1,0,5,2,0,0.0,0.0,62.06739130434782,4.190412030968334,7.264415222808369,0
0,0,0,5,1,1,0,0,1,0,1,0,0,1,92.5,452.7,1,1,1,0,0,1,0,0,4,0,1,0.0,92.5,75.45,4.537961436294641,6.117436186669918,1
0,1,1,1,1,0,0,0,0,0,0,0,0,0,19.45,19.45,1,0,0,1,0,0,1,0,1,0,0,0.0,0.0,9.725,3.017982882488811,3.017982882488811,1
0,1,1,72,1,1,0,0,0,0,0,0,2,1,24.05,1709.15,0,0,0,1,0,0,0,1,2,4,0,48.1,0.0,23.413013698630138,3.2208738275308737,7.444336364947839,0
0,0,0,2,1,0,0,0,0,0,0,0,0,0,18.75,53.15,0,0,0,1,0,0,0,1,1,0,0,0.0,0.0,17.716666666666665,2.9831534913471307,3.9917579734469997,1
0,1,1,40,1,0,0,0,0,0,0,0,2,0,20.15,777.35,0,0,0,1,0,0,0,1,1,4,0,40.3,0.0,18.959756097560977,3.0516399054922867,6.657176294481858,0
0,1,1,44,1,0,0,0,0,0,0,0,1,0,20.0,860.85,0,1,0,1,0,0,0,1,1,4,0,20.0,0.0,19.13,3.044522437723423,6.7590812416004,0
1,1,0,71,1,0,1,1,0,1,1,0,1,1,71.0,5012.1,0,1,0,0,0,0,0,1,5,4,0,71.0,0.0,69.61250000000001,4.276666119016055,8.519809765199392,0
0,0,0,2,1,1,0,0,0,0,0,0,0,1,75.55,166.3,1,0,1,0,0,1,0,0,2,0,0,0.0,75.55,55.43333333333334,4.337944122103693,5.119788607992779,1
1,0,0,26,1,1,0,0,0,0,1,1,0,1,93.6,2404.1,0,1,1,0,0,1,0,0,4,3,1,0.0,93.6,89.04074074074073,4.549657476057832,7.785346761717015,0
0,1,1,1,1,0,0,0,0,0,0,0,0,1,70.0,70.0,1,1,1,0,0,1,0,0,1,0,0,0.0,70.0,35.0,4.2626798770413155,4.2626798770413155,1
0,0,0,1,0,0,0,0,0,0,0,0,0,0,24.4,24.4,0,0,0,0,0,0,1,0,0,0,0,0.0,0.0,12.2,3.2347491740244907,3.2347491740244907,1
0,1,1,65,1,0,1,0,0,1,1,1,2,1,74.8,4820.15,1,1,0,0,0,0,0,1,5,4,0,149.6,0.0,73.03257575757576,4.328098292648326,8.480767767798385,0
0,0,0,3,1,1,0,0,0,1,1,0,0,1,65.25,209.9,0,1,0,0,0,0,1,0,4,0,0,0.0,0.0,52.475,4.193435464866331,5.351384087484729,1
0,0,0,13,1,0,0,0,0,1,0,0,0,1,50.55,610.75,0,1,0,0,0,0,1,0,2,2,0,0.0,0.0,43.625,3.942552210462969,6.4163237023227815,0
0,1,0,33,1,1,0,1,1,0,1,1,0,1,104.4,3409.6,1,0,1,0,0,1,0,0,6,3,1,0.0,104.4,100.28235294117647,4.657762636107262,8.134643507878813,0
0,0,0,1,1,0,0,0,0,0,0,0,0,1,70.7,70.7,0,0,1,0,0,0,1,0,1,0,0,0.0,70.7,35.35,4.272490747605575,4.272490747605575,1
0,1,1,4,1,0,0,0,0,0,0,0,0,0,45.25,155.35,0,1,0,0,0,0,1,0,1,0,0,0.0,0.0,31.07,3.834061463958434,5.05209708390385,1
0,0,0,2,1,0,0,0,0,0,0,0,0,1,70.3,144.0,0,1,1,0,0,1,0,0,1,0,0,0.0,70.3,48.0,4.26689632742025,4.976733742420574,1
0,1,0,72,1,1,1,1,0,1,1,1,2,1,108.95,7875.0,0,1,1,0,1,0,0,1,7,4,1,217.9,108.95,107.87671232876713,4.70002571700077,8.971575439759016,0
0,1,1,37,1,1,0,0,0,0,0,0,0,0,26.45,911.6,0,0,0,1,0,0,1,0,2,4,0,0.0,0.0,23.989473684210527,3.3123661679555396,6.816297668493302,0
0,0,0,15,1,0,1,0,0,0,1,0,0,0,86.2,1270.2,1,0,1,0,0,1,0,0,3,2,0,0.0,86.2,79.3875,4.468204330914934,7.147716615222507,0
0,0,0,23,1,0,0,0,0,0,0,0,1,1,19.65,478.1,0,0,0,1,1,0,0,1,1,2,0,19.65,0.0,19.920833333333334,3.027715319407042,6.171909343889077,0
0,1,1,30,0,0,0,0,0,1,1,1,0,0,51.2,1561.5,1,0,0,0,1,0,0,1,3,3,0,0.0,0.0,50.37096774193548,3.955082494888593,7.354042381610556,0
0,1,1,42,1,0,0,0,0,0,0,0,1,1,19.05,761.85,0,0,0,1,0,1,0,0,1,4,0,19.05,0.0,17.717441860465115,2.998229153752578,6.6370614195592115,0
0,0,0,32,1,1,1,0,0,0,1,1,1,0,74.75,2282.95,0,0,0,0,0,0,1,0,5,3,0,74.75,0.0,69.18030303030302,4.327438444389479,7.733661679117716,0
0,1,1,22,1,1,0,0,0,0,0,0,0,1,75.8,1615.1,0,0,1,0,0,0,0,1,2,2,0,0.0,75.8,70.22173913043478,4.341204640153626,7.387771118354598,0
0,1,0,42,0,0,0,0,0,0,0,0,0,1,25.1,1097.15,0,1,0,0,1,0,0,1,0,4,0,0.0,0.0,25.51511627906977,3.261935314328648,7.0013822247607616,0
0,0,0,8,1,0,0,0,0,0,0,0,0,0,44.45,369.3,0,0,0,0,0,0,1,0,1,1,0,0.0,0.0,41.03333333333333,3.816612820623488,5.914313487919567,0
0,1,1,65,1,1,1,0,1,0,1,1,2,1,104.3,6725.3,0,0,1,0,1,0,0,1,6,4,1,208.6,104.3,101.89848484848486,4.6568134191399295,8.813780494338536,0
0,0,0,2,1,0,0,0,0,0,0,0,0,0,19.5,31.55,1,0,0,1,0,0,1,0,1,0,0,0.0,0.0,10.516666666666667,3.0204248861443626,3.482777368654578,1
0,1,1,70,1,1,1,1,1,1,1,1,2,1,89.0,6293.2,0,0,0,0,0,0,0,1,8,4,0,178.0,0.0,88.63661971830986,4.499809670330265,8.74738385341438,0
0,0,1,22,1,0,0,0,0,0,0,0,0,0,20.15,432.5,0,1,0,1,1,0,0,1,1,2,0,0.0,0.0,18.804347826086957,3.0516399054922867,6.071891796220597,0
1,0,0,4,1,1,0,0,0,0,0,0,0,1,74.9,321.75,1,0,1,0,0,1,0,0,2,0,0,0.0,74.9,64.35,4.3294166844015844,5.776878029726752,1
0,0,0,2,1,1,0,0,0,0,0,0,0,0,74.9,147.15,1,0,1,0,1,0,0,1,2,0,0,0.0,74.9,49.050000000000004,4.3294166844015844,4.998225274019575,1
0,1,1,67,0,0,1,1,0,0,0,0,2,0,36.15,2434.45,0,0,0,0,0,0,0,1,2,4,0,72.3,0.0,35.80073529411764,3.6149637711637683,7.7978868233704945,0
0,0,0,25,1,0,0,0,0,0,0,0,0,1,19.2,532.1,0,0,0,1,1,0,0,1,1,3,0,0.0,0.0,20.465384615384615,3.005682604407159,6.278709023828715,0
0,1,0,20,1,0,0,0,0,0,0,0,0,0,19.25,375.25,0,0,0,1,0,0,0,1,1,2,0,0.0,0.0,17.86904761904762,3.0081547935525483,5.930253816063085,0
0,0,1,2,1,0,1,0,0,0,0,1,0,1,61.2,125.95,0,0,0,0,1,0,0,1,3,0,0,0.0,0.0,41.983333333333334,4.130354999745133,4.843793308150688,1
0,0,0,51,1,0,0,0,0,0,0,0,2,0,20.45,1042.65,0,1,0,1,0,0,1,0,1,4,0,40.9,0.0,20.05096153846154,3.065724645374026,6.950479463191916,0
0,1,1,46,0,0,1,1,0,0,0,0,0,0,35.05,1620.25,0,0,0,0,0,0,0,1,2,4,0,0.0,0.0,34.473404255319146,3.584906863730958,7.390952735630654,0
0,0,0,25,1,1,0,1,0,0,1,1,0,1,100.25,2387.75,1,0,1,0,0,1,0,0,5,3,1,0.0,100.25,91.83653846153847,4.617592705986649,7.778525495554483,0
0,0,1,13,1,0,0,0,0,0,0,0,0,0,44.0,659.35,0,1,0,0,0,0,1,0,1,2,0,0.0,0.0,47.096428571428575,3.8066624897703196,6.492769997489813,0
1,0,0,25,1,1,1,1,0,0,1,1,0,1,102.8,2660.2,1,0,1,0,0,0,1,0,6,3,1,0.0,102.8,102.3153846153846,4.642465970731788,7.886532427867732,0
0,1,1,26,1,0,0,0,1,0,0,0,1,0,50.35,1285.8,0,1,0,0,0,0,1,0,2,3,0,50.35,0.0,47.62222222222222,3.9386649363745674,7.159913795364871,0
0,0,0,43,1,1,0,0,0,1,1,1,1,1,100.0,4211.55,1,1,1,0,0,1,0,0,5,4,1,100.0,100.0,95.71704545454546,4.61512051684126,8.345823444026378,0
0,0,1,19,1,0,0,0,0,0,0,0,0,1,20.0,377.55,0,1,0,1,0,1,0,0,1,2,0,0.0,0.0,18.8775,3.044522437723423,5.936348164549315,0
0,1,0,10,1,0,0,1,0,1,1,1,0,1,99.85,990.9,1,1,1,0,0,1,0,0,5,1,1,0.0,99.85,90.08181818181818,4.613634264400221,6.899622295751948,0
0,0,1,2,1,1,0,0,0,0,1,1,0,1,94.2,193.8,1,0,1,0,0,0,0,1,4,0,1,0.0,94.2,64.60000000000001,4.55597994179732,5.271973391208435,1
0,1,0,72,1,1,1,1,0,1,1,1,2,1,86.4,6058.95,0,0,0,0,0,0,0,1,7,4,0,172.8,0.0,82.99931506849315,4.470495282661489,8.709456828204239,0
1,0,0,18,1,1,1,1,0,0,0,0,0,1,58.4,964.9,0,1,0,0,1,0,0,1,4,2,0,0.0,0.0,50.78421052631579,4.084294226368599,6.8730603091852505,0
1,0,0,9,1,1,0,0,0,0,0,1,0,1,83.85,790.15,1,1,1,0,0,1,0,0,3,1,0,0.0,83.85,79.015,4.440884991680235,6.6734875831649925,0
1,0,0,27,1,1,0,0,1,0,0,1,0,0,88.3,2467.75,1,0,1,0,1,0,0,1,4,3,0,0.0,88.3,88.13392857142857,4.492001487882454,7.811467228649432,0
0,0,0,24,1,1,0,0,0,0,1,1,0,1,94.1,2322.85,0,1,1,0,0,1,0,0,4,2,1,0.0,94.1,92.914,4.554928969551344,7.750980571998911,0
0,0,0,69,1,0,0,1,1,1,1,1,1,1,104.05,7262.0,1,1,1,0,0,0,0,1,6,4,1,104.05,104.05,103.74285714285715,4.654436427291009,8.890548245606167,0
0,1,0,46,1,1,0,1,1,1,1,1,2,1,108.9,4854.3,0,0,1,0,1,0,0,1,7,4,1,217.8,108.9,103.28297872340426,4.699570861409576,8.487826170783425,0
1,0,0,72,1,1,1,1,1,1,0,1,2,1,107.4,7748.75,0,0,1,0,0,0,0,1,7,4,1,214.8,107.4,106.1472602739726,4.685828089005546,8.955415863762575,0
0,1,0,22,1,0,0,0,1,0,1,1,0,1,94.7,1914.9,1,1,1,0,1,0,0,1,4,2,1,0.0,94.7,83.25652173913043,4.5612182984589085,7.557942765101947,0
1,1,0,70,1,1,1,0,0,0,0,1,0,1,90.85,6470.1,0,0,1,0,0,1,0,0,4,4,1,0.0,90.85,91.1281690140845,4.520156811661135,8.775101388499907,0
0,0,0,2,1,0,0,0,0,0,0,0,0,0,19.9,57.4,0,0,0,1,0,1,0,0,1,0,0,0.0,0.0,19.133333333333333,3.039749158970765,4.067315889834181,1
0,1,0,31,1,0,0,0,1,1,0,1,0,1,66.4,2019.8,0,1,0,0,1,0,0,1,4,3,0,0.0,0.0,63.11875,4.210645017918261,7.611248751596227,0
1,1,0,56,1,1,0,0,1,0,1,1,0,1,100.65,5688.05,1,0,1,0,0,0,0,1,5,4,1,0.0,100.65,99.79035087719299,4.621535540074356,8.646298553602866,0
0,1,1,16,1,0,1,0,1,0,1,1,0,0,100.7,1522.7,0,0,1,0,0,0,0,1,5,2,1,0.0,100.7,89.57058823529412,4.622027303054514,7.328896866475309,0
0,0,1,52,1,1,0,0,0,0,0,0,2,0,25.6,1334.5,0,1,0,1,1,0,0,1,2,4,0,51.2,0.0,25.17924528301887,3.2809112157876537,7.197061032550016,0
0,1,1,13,1,0,0,0,0,0,0,0,0,1,19.85,252.0,0,1,0,1,0,0,1,0,1,2,0,0.0,0.0,18.0,3.0373539482448106,5.53338948872752,0
0,0,0,35,1,0,0,0,0,0,0,0,1,0,20.75,700.45,0,0,0,1,0,0,1,0,1,3,0,20.75,0.0,19.456944444444446,3.079613757534693,6.553149621164781,0
0,0,0,59,1,0,0,0,1,0,1,1,2,0,95.8,5655.45,0,0,1,0,0,1,0,0,4,4,1,191.6,95.8,94.2575,4.572646994282532,8.64055176593914,0
0,1,0,72,1,0,0,0,1,0,1,1,0,1,94.65,6747.35,0,1,1,0,0,1,0,0,4,4,1,0.0,94.65,92.42945205479452,4.560695695886262,8.817053309540718,0
1,1,0,66,1,1,0,1,1,0,1,1,2,1,80.55,5265.1,1,0,0,0,0,0,0,1,6,4,0,161.1,0.0,78.58358208955224,4.401216329067023,8.56904532962149,0
0,1,0,49,1,1,1,1,1,1,0,1,2,0,106.65,5174.35,0,0,1,0,1,0,0,1,7,4,1,213.3,106.65,103.48700000000001,4.678885223810372,8.551662248696813,0
0,0,0,2,1,0,0,0,0,0,0,0,0,1,45.85,105.6,0,0,0,0,0,0,1,0,1,0,0,0.0,0.0,35.199999999999996,3.846951008684431,4.669083511731744,1
1,0,0,21,1,1,0,1,1,0,1,1,0,1,104.35,2271.85,0,1,1,0,0,1,0,0,6,2,1,0.0,104.35,103.26590909090909,4.6572881402501976,7.72878982959402,0
1,0,0,54,0,0,0,1,1,0,1,1,1,1,55.45,2966.95,0,1,0,0,0,1,0,0,4,4,0,55.45,0.0,53.94454545454545,4.033355290595671,7.9956267577841835,0
1,1,0,24,1,1,1,0,0,0,0,0,0,1,78.85,1772.25,1,1,1,0,0,1,0,0,3,2,0,0.0,78.85,70.89,4.380149874661021,7.4805693000821964,0
0,0,0,1,1,1,1,1,0,0,0,0,0,0,61.15,61.15,0,1,0,0,0,1,0,0,4,0,0,0.0,0.0,30.575,4.12955081795672,4.12955081795672,1
0,0,0,6,1,0,1,1,0,0,0,0,0,1,78.95,494.95,0,1,1,0,0,1,0,0,3,0,0,0.0,78.95,70.70714285714286,4.381401439279963,6.206475115192003,1
0,0,0,1,1,0,0,0,0,0,0,0,0,1,44.45,44.45,1,0,0,0,0,0,1,0,1,0,0,0.0,0.0,22.225,3.816612820623488,3.816612820623488,1
0,0,1,49,1,1,1,1,1,0,1,1,1,1,109.2,5290.45,0,1,1,0,1,0,0,1,7,4,1,109.2,109.2,105.809,4.702296896718814,8.573847589372628,0
0,1,1,56,1,0,1,1,1,0,0,0,2,1,61.3,3346.8,0,0,0,0,1,0,0,1,4,4,0,122.6,0.0,58.71578947368421,4.131961425793407,8.11605869266852,0
1,0,0,56,1,1,1,1,0,0,0,1,0,1,96.85,5219.65,0,0,1,0,0,1,0,0,5,4,1,0.0,96.85,91.57280701754385,4.583435693842085,8.560377194197375,0
0,1,1,6,0,0,0,1,1,1,0,0,2,0,40.55,217.5,0,0,0,0,0,0,1,0,3,0,0,81.1,0.0,31.071428571428573,3.7268975213014572,5.3867860145356445,1
0,0,0,32,1,0,0,0,0,0,0,0,1,0,19.8,607.7,0,1,0,1,0,0,1,0,1,3,0,19.8,0.0,18.415151515151518,3.0349529867072724,6.411325535499879,0
0,1,1,50,1,1,1,1,1,0,1,1,1,1,108.25,5431.4,0,1,1,0,0,1,0,0,7,4,1,108.25,108.25,106.49803921568626,4.693638833975699,8.600136304229913,0
0,1,1,58,1,1,0,0,1,1,1,1,1,1,105.05,6004.85,0,1,1,0,0,0,0,1,6,4,1,105.05,105.05,101.7771186440678,4.663910681010692,8.70048927320642,0
0,1,1,65,1,1,1,1,1,1,1,1,2,1,90.45,5957.9,0,0,0,0,0,0,1,0,8,4,1,180.9,0.0,90.27121212121212,4.515792374836875,8.692641179267019,0
0,0,0,64,1,1,1,1,1,1,1,1,2,1,86.4,5442.05,0,0,0,0,1,0,0,1,8,4,0,172.8,0.0,83.72384615384615,4.470495282661489,8.60209484450261,0
0,1,0,66,1,1,1,1,1,0,0,0,2,0,66.9,4370.25,0,0,0,0,0,0,0,1,5,4,0,133.8,0.0,65.2276119402985,4.21803603456465,8.382804288377585,0
0,1,0,38,1,1,1,0,1,1,1,1,1,1,110.7,4428.6,0,1,1,0,0,1,0,0,7,4,1,110.7,110.7,113.55384615384617,4.715816706075155,8.396064565508757,0
0,1,0,20,1,0,0,0,0,0,0,0,1,1,20.0,416.45,0,0,0,1,0,0,1,0,1,2,0,20.0,0.0,19.83095238095238,3.044522437723423,6.03416477664001,0
0,0,0,36,1,1,0,0,0,0,0,1,0,1,84.9,3067.2,1,1,1,0,0,1,0,0,3,3,0,0.0,84.9,82.89729729729729,4.45318382899021,8.028846349410673,0
1,0,0,64,1,1,0,0,1,1,1,1,1,0,102.1,6688.1,0,1,1,0,0,1,0,0,6,4,1,102.1,102.1,102.89384615384616,4.635699391022914,8.808234614924435,0
0,0,0,1,1,0,0,0,0,0,0,0,0,0,20.25,20.25,1,1,0,1,0,0,1,0,1,0,0,0.0,0.0,10.125,3.056356895370426,3.056356895370426,1
0,0,0,60,1,0,0,1,1,1,1,0,1,1,70.15,4224.7,0,0,0,0,1,0,0,1,5,4,0,70.15,0.0,69.25737704918032,4.264790324535862,8.348940206541153,0
0,0,0,1,1,0,0,1,0,0,0,0,0,1,74.35,74.35,1,1,1,0,0,1,0,0,2,0,0,0.0,74.35,37.175,4.3221439250725044,4.3221439250725044,1
0,1,1,50,1,1,1,1,1,1,0,1,1,1,80.05,4042.2,0,0,0,0,0,0,0,1,7,4,0,80.05,0.0,79.25882352941176,4.395066248181685,8.30479173663393,0
0,0,0,1,1,1,0,0,1,1,0,0,0,0,62.05,62.05,1,1,0,0,0,0,1,0,4,0,0,0.0,0.0,31.025,4.143928062410929,4.143928062410929,1
0,1,0,72,0,0,1,1,1,0,0,1,2,1,49.2,3580.95,0,0,0,0,0,1,0,0,4,4,0,98.4,0.0,49.05410958904109,3.9160150266976834,8.183662623840933,0
0,1,0,60,1,0,0,0,0,0,0,0,2,1,20.5,1198.8,0,1,0,1,0,0,0,1,1,4,0,41.0,0.0,19.652459016393443,3.068052935133617,7.089910155218993,0
0,0,0,46,0,0,1,0,1,1,0,0,2,0,38.25,1755.35,0,1,0,0,0,0,1,0,3,4,0,76.5,0.0,37.34787234042553,3.6699514442284173,7.470993070962844,0
0,1,1,69,0,0,0,1,1,0,1,1,2,1,54.95,3772.5,0,0,0,0,1,0,0,1,4,4,0,109.9,0.0,53.892857142857146,4.024458434757935,8.235758231724922,0
1,0,0,31,1,1,0,0,1,1,1,0,0,1,96.6,2877.95,0,1,1,0,0,0,0,1,5,3,1,0.0,96.6,89.9359375,4.580877493419047,7.965180923319997,0
0,1,1,19,1,0,0,0,0,0,0,0,1,0,19.9,357.7,0,1,0,1,0,0,1,0,1,2,0,19.9,0.0,17.884999999999998,3.039749158970765,5.882486384538237,0
0,1,1,71,1,0,0,0,0,0,0,0,2,0,19.9,1397.3,0,0,0,1,1,0,0,1,1,4,0,39.8,0.0,19.406944444444445,3.039749158970765,7.243012492046805,0
0,1,0,12,1,0,1,1,1,0,0,0,0,1,84.6,959.9,0,1,1,0,0,1,0,0,4,1,0,0.0,84.6,73.83846153846153,4.449685283147696,6.867870345283222,0
0,1,1,39,1,0,1,0,1,1,1,1,1,0,80.0,3182.95,1,1,0,0,1,0,0,1,6,4,0,80.0,0.0,79.57374999999999,4.394449154672439,8.065877843323385,0
0,0,0,44,1,1,0,1,1,1,1,1,1,1,85.25,3704.15,0,1,0,0,0,0,0,1,7,4,0,85.25,0.0,82.31444444444445,4.457250055911469,8.217479022740617,0
0,1,1,56,1,1,1,1,1,1,1,0,2,0,81.25,4620.4,0,0,0,0,1,0,0,1,7,4,0,162.5,0.0,81.05964912280702,4.409763389645481,8.438452968474406,0
0,1,0,72,1,1,1,1,1,1,1,1,2,1,115.5,8312.75,0,0,1,0,0,0,0,1,8,4,1,231.0,115.5,113.87328767123287,4.757891273005756,9.02566604959863,0
0,0,0,5,1,1,0,1,1,0,1,1,0,0,104.1,541.9,1,1,1,0,0,0,1,0,6,0,1,0.0,104.1,90.31666666666666,4.6549122778829055,6.296925140911405,1
0,0,0,11,1,1,1,0,0,0,0,0,0,1,79.0,929.3,0,0,1,0,0,0,0,1,3,1,0,0.0,79.0,77.44166666666666,4.382026634673881,6.835507114774513,0
1,1,0,24,0,0,1,0,0,0,0,1,0,0,39.1,971.3,1,1,0,0,0,0,0,1,2,2,0,0.0,0.0,38.852,3.6913763343125234,6.879664398815612,0
1,1,0,15,1,0,0,1,0,0,1,1,0,1,94.65,1285.05,0,0,1,0,0,1,0,0,4,2,1,0.0,94.65,80.315625,4.560695695886262,7.159330784290581,0
0,0,0,72,1,0,0,0,0,0,0,0,2,1,20.8,1521.2,0,1,0,1,0,0,1,0,1,4,0,41.6,0.0,20.838356164383562,3.0819099697950434,7.327911935833291,0
0,1,0,56,1,1,0,1,1,0,0,0,2,0,59.5,3389.25,0,1,0,0,1,0,0,1,4,4,0,119.0,0.0,59.46052631578947,4.102643365036796,8.128658943968055,0
1,0,0,64,1,0,0,0,0,0,0,0,2,1,20.05,1198.05,0,1,0,1,0,0,0,1,1,4,0,40.1,0.0,18.431538461538462,3.0469005601283903,7.089284855575882,0
0,1,0,34,1,1,0,0,1,0,1,1,0,1,100.45,3414.65,0,0,1,0,0,1,0,0,5,3,1,0.0,100.45,97.56142857142858,4.619566066271823,8.136123090642783,0
0,0,0,2,1,1,0,0,0,0,0,0,0,1,76.5,162.45,1,1,1,0,0,1,0,0,2,0,0,0.0,76.5,54.15,4.350277936359301,5.09650713317022,1
0,0,0,35,1,0,0,0,0,0,0,0,1,0,20.6,754.0,0,1,0,1,0,0,0,1,1,3,0,20.6,0.0,20.944444444444443,3.0726933146901194,6.626717749249025,0
0,0,0,22,1,0,0,0,0,0,0,0,1,0,20.3,467.15,0,1,0,1,1,0,0,1,1,2,0,20.3,0.0,20.31086956521739,3.0587070727153796,6.1487887573848985,0
0,0,0,5,1,0,0,0,0,1,0,0,0,1,49.2,216.9,1,1,0,0,0,1,0,0,2,0,0,0.0,0.0,36.15,3.9160150266976834,5.384036241950574,1
0,0,0,9,0,0,1,1,1,0,0,0,1,0,39.55,373.0,0,1,0,0,0,0,1,0,3,1,0,39.55,0.0,37.3,3.702535780561422,5.924255797414532,0
0,0,0,11,1,1,0,0,0,0,0,0,0,0,23.15,245.2,1,1,0,1,1,0,0,1,2,1,0,0.0,0.0,20.433333333333334,3.184284380098582,5.506144213750353,0
0,0,0,23,1,0,0,0,0,0,0,0,1,0,20.45,481.1,0,1,0,1,0,0,1,0,1,2,0,20.45,0.0,20.045833333333334,3.065724645374026,6.1781515614115765,0
0,1,1,4,1,0,0,0,0,0,0,1,0,0,80.85,302.75,1,0,1,0,0,1,0,0,2,0,0,0.0,80.85,60.55,4.404888303817144,5.716204994654758,1
0,1,0,68,1,1,0,0,0,0,0,0,2,0,25.25,1728.2,0,1,0,1,0,0,0,1,2,4,0,50.5,0.0,25.046376811594204,3.2676659890376327,7.455414152793477,0
0,1,0,33,1,0,0,0,0,0,1,1,0,0,91.25,2964.05,0,1,1,0,0,1,0,0,3,3,1,0.0,91.25,87.1779411764706,4.524502282920636,7.994649174696049,0
0,0,0,31,1,0,1,1,1,1,1,0,0,1,72.45,2156.25,0,1,0,0,0,0,0,1,6,3,0,0.0,0.0,67.3828125,4.296604902619887,7.676589541388417,0
0,0,0,1,1,1,0,1,0,1,0,0,0,0,60.1,60.1,1,1,0,0,0,0,1,0,4,0,0,0.0,0.0,30.05,4.11251186617755,4.11251186617755,1
0,0,0,56,1,0,0,0,0,0,0,0,2,0,19.7,1051.9,0,0,0,1,0,0,0,1,1,4,0,39.4,0.0,18.454385964912284,3.0301337002713233,6.959303540862714,0
0,0,0,1,1,0,0,0,0,0,1,0,0,1,78.95,78.95,1,1,1,0,0,1,0,0,2,0,0,0.0,78.95,39.475,4.381401439279963,4.381401439279963,1
0,1,1,66,1,0,1,1,1,1,1,0,1,1,75.1,5013.0,0,1,0,0,0,1,0,0,6,4,0,75.1,0.0,74.82089552238806,4.33204826486764,8.519989278718239,0
0,1,1,72,1,1,0,0,0,0,0,0,2,0,25.0,1738.9,0,1,0,1,0,0,0,1,2,4,0,50.0,0.0,23.82054794520548,3.258096538021482,7.46158291929267,0
1,0,0,34,1,0,0,0,0,0,0,0,0,0,69.15,2275.1,0,1,1,0,1,0,0,1,1,3,0,0.0,69.15,65.00285714285714,4.25063580654847,7.730218731012139,0
0,1,1,58,1,0,0,1,1,0,1,0,0,1,91.55,5511.65,0,0,1,0,0,1,0,0,4,4,1,0.0,91.55,93.41779661016949,4.527749039019507,8.614800730269245,0
0,0,0,2,1,0,0,0,0,0,0,0,0,1,45.15,98.5,1,1,0,0,0,1,0,0,1,0,0,0.0,0.0,32.833333333333336,3.8318969609488613,4.600157644164547,1
0,0,0,37,0,0,0,0,0,0,1,0,2,0,35.8,1316.9,0,1,0,0,1,0,0,1,1,4,0,71.6,0.0,34.65526315789474,3.6054978451748854,7.183794839649844,0
0,0,0,71,1,1,1,1,1,1,1,1,2,1,113.15,7993.3,0,0,1,0,1,0,0,1,8,4,1,226.3,113.15,111.01805555555556,4.737513372975805,8.986484066713215,0
0,1,1,1,1,0,0,0,0,0,0,0,1,0,19.85,19.85,0,1,0,1,1,0,0,1,1,0,0,19.85,0.0,9.925,3.0373539482448106,3.0373539482448106,1
1,1,1,71,1,0,0,0,0,0,0,0,2,0,19.8,1388.45,0,1,0,1,1,0,0,1,1,4,0,39.6,0.0,19.28402777777778,3.0349529867072724,7.236663264368146,0
0,1,1,35,1,0,0,0,0,0,0,0,1,0,19.9,666.0,0,1,0,1,0,1,0,0,1,3,0,19.9,0.0,18.5,3.039749158970765,6.502790045915623,0
0,1,1,6,1,0,0,0,0,0,0,0,1,0,19.7,94.45,0,0,0,1,0,0,1,0,1,0,0,19.7,0.0,13.492857142857144,3.0301337002713233,4.558602550171757,1
0,0,0,3,1,0,0,0,0,0,1,0,0,1,79.4,244.65,1,0,1,0,0,1,0,0,2,0,0,0.0,79.4,61.1625,4.387014176184921,5.503907758614657,1
0,1,1,69,1,0,0,1,1,1,0,0,1,0,59.1,4134.7,0,0,0,0,0,0,0,1,4,4,0,59.1,0.0,59.067142857142855,4.096009841541162,8.327411879708428,0
0,0,0,44,0,0,0,1,1,0,1,1,1,1,53.95,2375.4,1,1,0,0,0,0,1,0,4,4,0,53.95,0.0,52.78666666666667,4.006423680849631,7.773342016481586,0
0,1,0,53,1,1,0,0,0,1,0,1,1,1,91.15,4862.5,0,0,1,0,0,1,0,0,4,4,1,91.15,91.15,90.04629629629629,4.523417684115833,8.489513622309495,0
0,1,0,24,1,0,0,1,1,0,1,1,0,1,99.3,2431.35,1,0,1,0,1,0,0,1,5,2,1,0.0,99.3,97.25399999999999,4.60816569496789,7.796613147205047,0
0,1,0,5,1,0,0,0,0,0,0,0,0,1,68.95,351.5,0,0,1,0,0,1,0,0,1,0,0,0.0,68.95,58.583333333333336,4.24778070111149,5.8650506222523235,1
0,0,1,2,1,0,0,1,0,0,0,0,0,0,51.55,106.2,0,0,0,0,0,0,1,0,2,0,0,0.0,0.0,35.4,3.96176509732296,4.674696248636701,1
0,0,1,62,1,1,0,0,0,0,0,0,2,1,24.4,1413.0,0,1,0,1,0,0,1,0,2,4,0,48.8,0.0,22.428571428571427,3.2347491740244907,7.254177846456518,0
0,1,0,19,1,0,0,0,1,0,1,1,0,1,96.8,1743.05,0,0,1,0,0,1,0,0,4,2,1,0.0,96.8,87.1525,4.582924577040772,7.463965273782727,0
0,0,0,9,1,0,0,0,0,0,0,0,0,0,70.05,657.5,0,1,1,0,0,0,1,0,1,1,0,0.0,70.05,65.75,4.263383854543109,6.489964521183336,0
0,0,0,53,1,0,0,0,0,0,0,0,2,0,19.5,1050.5,0,1,0,1,1,0,0,1,1,4,0,39.0,0.0,19.453703703703702,3.0204248861443626,6.957972995142755,0
0,0,0,5,1,0,0,0,0,0,0,1,0,0,78.75,426.35,0,1,1,0,0,0,1,0,2,0,0,0.0,78.75,71.05833333333334,4.378896741664954,6.057603349612027,1
1,1,1,71,1,1,1,1,0,0,1,0,1,0,69.2,4982.5,0,0,0,0,0,1,0,0,5,4,0,69.2,0.0,69.20138888888889,4.251348311031766,8.513887734407511,0
0,0,0,1,1,0,0,0,0,0,0,0,0,1,19.55,19.55,0,0,0,1,0,0,1,0,1,0,0,0.0,0.0,9.775,3.022860940942244,3.022860940942244,1
0,0,0,18,1,1,0,1,0,0,0,0,0,1,80.65,1451.9,1,1,1,0,0,1,0,0,3,2,0,0.0,80.65,76.41578947368421,4.402441819416474,7.281316838077293,0
0,0,0,72,1,1,0,1,1,0,1,1,2,1,103.65,7634.8,0,1,1,0,0,1,0,0,6,4,1,207.3,103.65,104.58630136986302,4.650621448892009,8.940602992779214,0
0,1,0,4,1,0,1,1,0,0,0,0,0,0,54.7,235.05,0,0,0,0,0,0,1,0,3,0,0,0.0,0.0,47.010000000000005,4.019980146933238,5.4640436469922955,1
0,0,0,59,1,1,0,0,1,0,0,0,2,0,54.15,3116.15,0,1,0,0,1,0,0,1,3,4,0,108.3,0.0,51.935833333333335,4.0100567456995115,8.044674401804834,0
0,0,0,1,1,0,0,0,0,0,0,0,0,0,71.1,71.1,1,0,1,0,0,0,1,0,1,0,0,0.0,71.1,35.55,4.278054044290903,4.278054044290903,1
1,1,0,31,1,1,0,0,0,0,0,1,0,1,84.85,2633.4,0,0,1,0,0,1,0,0,3,3,0,0.0,84.85,82.29375,4.4526015873434845,7.876410731062155,0
0,1,0,3,1,0,0,0,0,0,0,0,0,0,20.0,49.65,0,1,0,1,0,0,0,1,1,0,0,0.0,0.0,12.4125,3.044522437723423,3.9249392306946924,1
1,1,0,65,1,1,0,1,1,0,1,1,1,1,106.25,6979.8,1,0,1,0,0,1,0,0,6,4,1,106.25,106.25,105.75454545454545,4.675162557808126,8.850918802369344,0
0,1,0,49,1,0,0,0,1,1,1,1,1,1,99.25,4920.8,0,1,1,0,1,0,0,1,5,4,1,99.25,99.25,98.416,4.6076670661866785,8.50142959623676,0
0,0,0,2,1,0,0,0,0,0,0,0,0,0,19.35,46.35,0,1,0,1,0,0,1,0,1,0,0,0.0,0.0,15.450000000000001,3.013080911888604,3.8575668196320874,1
0,1,0,53,1,0,0,0,0,0,0,0,1,0,20.8,1021.8,1,0,0,1,0,0,0,1,1,4,0,20.8,0.0,18.92222222222222,3.0819099697950434,6.930299243417031,0
0,1,0,55,1,0,1,0,0,0,1,1,1,1,94.75,5276.1,0,0,1,0,0,1,0,0,4,4,1,94.75,94.75,94.21607142857144,4.561740628060756,8.571131983387192,0
0,1,1,72,1,1,1,1,1,1,1,1,2,1,114.05,8289.2,0,1,1,0,1,0,0,1,8,4,1,228.1,114.05,113.55068493150686,4.745366816481375,9.022829373290678,0
1,0,0,36,1,1,0,0,0,0,0,0,0,1,74.9,2659.45,0,0,1,0,0,0,0,1,2,3,0,0.0,74.9,71.87702702702703,4.3294166844015844,7.886250560399949,0
0,1,1,10,1,0,0,0,0,0,0,0,0,1,19.8,196.75,0,0,0,1,0,0,0,1,1,1,0,0.0,0.0,17.886363636363637,3.0349529867072724,5.2870036066477635,0
1,0,0,1,1,1,0,0,0,0,1,1,0,1,94.0,94.0,1,1,1,0,0,1,0,0,4,0,1,0.0,94.0,47.0,4.553876891600541,4.553876891600541,1
0,1,1,72,1,1,1,1,1,1,0,1,2,0,80.85,5824.75,0,0,0,0,0,0,0,1,7,4,0,161.7,0.0,79.79109589041096,4.404888303817144,8.670043025510447,0
0,0,0,28,1,0,0,1,0,1,0,0,0,0,54.65,1517.5,0,0,0,0,0,0,0,1,3,3,0,0.0,0.0,52.327586206896555,4.019082077721554,7.325478284485803,0
0,1,0,38,1,1,1,0,0,0,1,0,0,0,91.7,3479.05,0,1,1,0,0,0,0,1,4,4,1,0.0,91.7,89.20641025641027,4.529368472571809,8.154801940481397,0
0,0,0,61,1,1,1,1,1,1,1,1,1,1,118.6,7365.7,0,0,1,0,0,1,0,0,8,4,1,118.6,118.6,118.8016129032258,4.784152841516532,8.904725123714375,0
0,1,1,52,1,1,0,0,0,0,0,0,2,0,24.55,1331.05,0,1,0,1,0,0,1,0,2,4,0,49.1,0.0,25.114150943396226,3.2406373166497136,7.194474387933356,0
0,0,0,67,1,0,0,0,0,0,0,0,1,1,19.45,1195.95,0,1,0,1,0,0,1,0,1,4,0,19.45,0.0,17.587500000000002,3.017982882488811,7.087531933591134,0
0,0,1,34,1,1,1,1,1,1,1,1,2,1,116.15,3946.9,0,0,1,0,1,0,0,1,8,3,1,232.3,116.15,112.76857142857143,4.763455164953805,8.280939070951932,0
0,0,0,54,1,0,1,0,1,1,1,1,2,0,80.6,4299.95,0,0,0,0,0,1,0,0,6,4,0,161.2,0.0,78.18090909090908,4.401829261970061,8.366591207512721,0
0,1,0,1,1,0,0,0,0,0,0,0,0,1,20.3,20.3,0,0,0,1,0,0,0,1,1,0,0,0.0,0.0,10.15,3.0587070727153796,3.0587070727153796,1
1,0,0,15,1,1,0,1,0,0,0,1,0,0,89.85,1424.95,1,0,1,0,0,1,0,0,4,2,0,0.0,89.85,89.059375,4.50920979484218,7.262593537245912,0
0,0,0,4,1,0,0,0,0,0,0,0,0,1,46.0,193.6,1,0,0,0,0,0,1,0,1,0,0,0.0,0.0,38.72,3.8501476017100584,5.270946169751904,1
0,0,0,9,1,0,0,1,0,1,1,0,0,0,66.25,620.55,1,0,0,0,0,0,1,0,4,1,0,0.0,0.0,62.05499999999999,4.208417018481948,6.432216358237724,0
0,0,1,46,1,0,0,1,1,0,1,1,0,1,99.8,4391.25,0,0,1,0,0,1,0,0,5,4,1,0.0,99.8,93.43085106382979,4.613138355637268,8.387596903245164,0
0,0,0,22,1,1,0,0,0,1,1,0,0,1,90.0,1993.8,1,0,1,0,0,1,0,0,4,2,1,0.0,90.0,86.68695652173913,4.51085950651685,7.598299073671967,0
0,0,0,38,1,0,0,0,0,0,0,0,1,1,70.45,2597.6,1,1,1,0,0,0,0,1,1,4,0,70.45,70.45,66.6051282051282,4.268997904375876,7.862728117448636,0
0,1,1,55,1,1,1,1,0,1,1,0,1,1,75.0,4213.9,0,0,0,0,1,0,0,1,6,4,0,75.0,0.0,75.24821428571428,4.330733340286331,8.34638114536211,0
0,0,0,1,1,0,0,0,0,0,0,0,0,0,19.9,19.9,0,0,0,1,0,0,1,0,1,0,0,0.0,0.0,9.95,3.039749158970765,3.039749158970765,1
1,1,0,64,1,0,1,0,1,0,0,0,1,0,80.3,5017.7,0,1,1,0,1,0,0,1,3,4,0,80.3,80.3,77.19538461538461,4.398146016553765,8.520926215005344,0
0,0,1,53,1,0,0,0,0,0,0,0,2,0,19.75,1052.35,1,1,0,1,0,0,0,1,1,4,0,39.5,0.0,19.48796296296296,3.0325462466767075,6.95973084057248,0
0,1,0,58,1,1,1,0,1,1,1,1,2,1,84.3,4916.4,0,0,0,0,0,1,0,0,7,4,0,168.6,0.0,83.32881355932203,4.446174454497633,8.500535214520095,0
0,1,0,56,0,0,0,0,1,1,1,1,1,1,54.05,2959.8,0,1,0,0,0,0,0,1,4,4,0,54.05,0.0,51.92631578947369,4.008241863168689,7.993214781071947,0
0,1,1,72,1,0,1,0,1,1,1,1,2,1,104.9,7559.55,0,1,1,0,1,0,0,1,6,4,1,209.8,104.9,103.5554794520548,4.662495252607361,8.930699217850082,0
0,0,0,1,1,0,1,0,0,1,0,0,0,1,53.95,53.95,1,1,0,0,0,1,0,0,3,0,0,0.0,0.0,26.975,4.006423680849631,4.006423680849631,1
1,1,0,72,1,1,0,1,0,0,1,1,1,1,97.25,7133.1,0,1,1,0,1,0,0,1,5,4,1,97.25,97.25,97.71369863013699,4.58751525074937,8.872641383202147,0
0,0,0,22,1,1,0,0,0,0,0,1,0,0,83.05,1799.3,0,1,1,0,0,1,0,0,3,2,0,0.0,83.05,78.2304347826087,4.431411859854625,7.495708596663577,0
1,0,0,8,1,1,0,1,1,0,1,1,0,1,105.5,829.55,1,0,1,0,0,1,0,0,6,1,1,0.0,105.5,92.17222222222222,4.66814498514948,6.7220881319370855,0
0,0,1,16,1,0,0,0,0,0,1,0,0,1,81.0,1312.15,1,0,1,0,0,1,0,0,2,2,0,0.0,81.0,77.18529411764706,4.406719247264253,7.180184109971104,0
0,0,0,39,0,0,0,1,1,1,0,0,0,0,41.1,1597.05,0,0,0,0,0,0,0,1,3,4,0,0.0,0.0,39.926249999999996,3.7400477406883357,7.376539414948115,0
0,0,0,12,1,0,0,0,0,0,0,0,0,1,45.0,524.35,0,0,0,0,0,0,0,1,1,1,0,0.0,0.0,40.33461538461539,3.828641396489095,6.264064707134784,0
0,1,0,54,1,0,1,1,0,0,1,1,2,1,74.55,4191.45,0,1,0,0,0,0,0,1,5,4,0,149.1,0.0,76.20818181818181,4.3247946887187485,8.341040567567811,0
0,0,0,18,0,0,1,1,0,1,0,0,1,1,40.2,711.95,0,0,0,0,0,0,1,0,3,2,0,40.2,0.0,37.47105263157895,3.7184382563554808,6.569411291728128,0
0,1,0,32,1,0,1,1,0,1,0,1,1,0,70.5,2201.75,0,1,0,0,0,0,1,0,5,3,0,70.5,0.0,66.71969696969697,4.269697449699962,7.6974618587468395,0
0,0,0,41,1,0,0,0,0,0,0,0,1,1,19.75,806.95,0,0,0,1,0,0,1,0,1,4,0,19.75,0.0,19.21309523809524,3.0325462466767075,6.6945001754182565,0
0,1,1,67,1,1,0,0,0,0,0,0,2,0,24.65,1620.45,0,1,0,1,0,0,0,1,2,4,0,49.3,0.0,23.83014705882353,3.2445435716167785,7.391076089625938,0
0,1,0,65,1,1,1,0,1,0,1,1,0,1,104.25,6812.95,0,1,1,0,0,1,0,0,6,4,1,0.0,104.25,103.22651515151514,4.656338472562491,8.82672726036012,0
0,0,0,25,1,1,1,1,1,1,1,0,0,1,78.35,1837.9,0,0,0,0,0,0,0,1,7,3,0,0.0,0.0,70.68846153846154,4.373868446972418,7.516922845746808,0
0,1,1,1,1,0,0,0,0,0,0,0,0,1,69.8,69.8,1,0,1,0,0,1,0,0,1,0,0,0.0,69.8,34.9,4.259859000699674,4.259859000699674,1
0,1,0,67,1,1,0,1,1,1,1,1,1,1,109.7,7344.45,0,0,1,0,1,0,0,1,7,4,1,109.7,109.7,108.00661764705882,4.706823839714591,8.901836352898744,0
1,0,0,7,1,1,0,0,0,0,0,0,0,0,73.75,545.15,1,1,1,0,0,0,1,0,2,1,0,0.0,73.75,68.14375,4.314149212270796,6.302893663289552,0
1,0,0,43,0,0,1,1,0,0,0,0,0,1,33.45,1500.25,0,0,0,0,1,0,0,1,2,4,0,0.0,0.0,34.09659090909091,3.539508997459668,7.314053373394193,0
0,0,0,24,1,0,1,0,0,0,1,1,0,1,94.6,2283.15,0,0,1,0,0,1,0,0,4,2,1,0.0,94.6,91.32600000000001,4.560172820057356,7.733749242875133,0
1,0,0,9,1,1,1,0,0,0,0,0,0,0,54.55,494.05,1,1,0,0,0,1,0,0,3,1,0,0.0,0.0,49.405,4.017283516085639,6.204658767568524,0
0,1,1,69,1,0,0,0,0,0,0,0,2,0,20.2,1376.5,0,1,0,1,0,0,0,1,1,4,0,40.4,0.0,19.664285714285715,3.054001181677967,7.22802554102707,0
0,0,1,37,1,0,0,0,0,0,0,0,1,0,20.3,755.4,0,0,0,1,0,0,0,1,1,4,0,20.3,0.0,19.878947368421052,3.0587070727153796,6.6285703367843025,0
0,1,1,20,0,0,1,0,1,1,0,0,2,1,39.4,825.4,0,1,0,0,1,0,0,1,3,2,0,78.8,0.0,39.304761904761904,3.6988297849671046,6.717078917805429,0
0,0,0,7,1,0,0,0,0,0,0,0,0,0,69.15,488.65,0,1,1,0,0,0,0,1,1,1,0,0.0,69.15,61.08125,4.25063580654847,6.193690850166804,0
1,0,0,37,1,1,0,0,0,0,0,0,0,1,76.25,2841.55,1,0,1,0,0,1,0,0,2,4,0,0.0,76.25,74.77763157894738,4.347046915777855,7.952456815619502,0
0,0,0,5,1,1,0,0,0,0,1,1,0,1,93.9,486.85,1,0,1,0,0,0,1,0,4,0,1,0.0,93.9,81.14166666666667,4.552823705615882,6.1900079815539595,1
0,0,0,41,0,0,0,0,1,0,1,1,1,1,51.35,2075.1,0,1,0,0,0,1,0,0,3,4,0,51.35,0.0,49.40714285714286,3.9579519373165457,7.638246412682504,0
0,0,0,54,1,0,1,1,0,0,1,1,1,1,100.05,5299.65,0,0,1,0,1,0,0,1,5,4,1,100.05,100.05,96.35727272727271,4.61561544384963,8.575584733529793,0
1,0,0,3,1,0,0,0,0,0,0,0,0,1,70.4,204.7,1,0,1,0,0,1,0,0,1,0,0,0.0,70.4,51.175,4.268297869345539,5.326418796658912,1
1,0,0,69,1,0,0,0,0,0,0,0,2,0,20.3,1356.3,0,1,0,1,1,0,0,1,1,4,0,40.6,0.0,19.375714285714285,3.0587070727153796,7.2132527113039195,0
0,0,0,53,1,0,0,1,1,1,0,1,1,1,94.45,5042.75,0,0,1,0,1,0,0,1,5,4,1,94.45,94.45,93.38425925925925,4.558602550171757,8.52590513201826,0
0,1,1,18,0,0,0,1,1,0,1,0,1,0,46.4,812.4,0,1,0,0,1,0,0,1,3,2,0,46.4,0.0,42.757894736842104,3.858622228701031,6.701222993473124,0
0,1,0,64,1,0,1,1,0,1,1,1,2,1,104.05,6605.55,0,1,1,0,1,0,0,1,6,4,1,208.1,104.05,101.62384615384616,4.654436427291009,8.795816860129575,0
0,1,1,31,1,1,0,1,0,0,0,1,0,1,91.15,2995.45,1,0,1,0,0,1,0,0,4,3,1,0.0,91.15,93.6078125,4.523417684115833,8.005183533625202,0
0,0,0,20,0,0,0,0,0,0,0,0,0,0,24.9,505.95,0,0,0,0,1,0,0,1,0,2,0,0.0,0.0,24.09285714285714,3.254242968705492,6.228412379398589,0
0,1,1,57,1,0,1,1,0,1,0,0,1,0,59.6,3509.4,0,1,0,0,0,0,1,0,4,4,0,59.6,0.0,60.50689655172414,4.104294893075269,8.163485270080912,0
1,1,0,63,1,1,1,1,1,0,1,1,2,0,108.5,6991.9,0,1,1,0,1,0,0,1,7,4,1,217.0,108.5,109.2484375,4.695924549256556,8.852650627587321,0
0,1,1,13,0,0,1,1,0,1,0,0,2,0,40.55,590.35,0,1,0,0,0,0,1,0,3,2,0,81.1,0.0,42.167857142857144,3.7268975213014572,6.382408058697126,0
1,1,0,48,1,0,0,1,0,0,0,1,1,1,58.95,2789.7,0,0,0,0,0,0,0,1,3,4,0,58.95,0.0,56.932653061224485,4.093510881473524,7.934047739403606,0
0,0,0,2,1,0,0,0,0,0,0,0,0,1,70.95,137.95,1,0,1,0,0,1,0,0,1,0,0,0.0,70.95,45.98333333333333,4.2759714333333765,4.934114156188513,1
0,1,1,57,1,0,0,0,0,0,0,0,2,0,20.75,1123.15,0,1,0,1,0,0,1,0,1,4,0,41.5,0.0,19.364655172413794,3.079613757534693,7.0247824735070115,0
0,1,0,71,1,1,0,1,1,1,1,1,1,1,113.15,7953.25,0,1,1,0,0,0,0,1,7,4,1,113.15,113.15,110.46180555555556,4.737513372975805,8.981461656000379,0
0,1,1,7,1,1,0,0,0,0,0,0,0,0,48.8,349.8,0,0,0,0,0,1,0,0,2,1,0,0.0,0.0,43.725,3.9080149840306073,5.860216260498028,0
0,0,0,16,1,1,0,0,0,0,0,1,0,1,63.05,1067.05,0,0,0,0,0,0,0,1,3,2,0,0.0,0.0,62.76764705882353,4.1596640283427435,6.973589834903684,0
0,1,0,34,1,1,0,0,1,0,1,1,0,0,100.85,3527.3,0,1,1,0,0,1,0,0,5,3,1,0.0,100.85,100.78,4.623501142672815,8.168571447525101,0
0,1,0,37,1,1,0,0,1,0,1,1,0,1,99.5,3762.0,1,0,1,0,0,1,0,0,5,4,1,0.0,99.5,99.0,4.61015772749913,8.232971790593437,0
0,0,0,16,1,1,0,1,0,0,0,0,0,1,80.55,1248.9,0,1,1,0,0,0,1,0,3,2,0,0.0,80.55,73.46470588235294,4.401216329067023,7.130818827096176,0
0,0,1,48,1,1,1,1,1,0,0,0,1,1,64.4,3035.35,0,1,0,0,0,0,0,1,5,4,0,64.4,0.0,61.945918367346934,4.180522258463153,8.018411415138372,0
0,1,1,58,1,0,0,1,0,1,1,1,1,1,75.2,4300.8,0,1,0,0,1,0,0,1,5,4,0,75.2,0.0,72.89491525423729,4.333361462692601,8.366788818742332,0
0,1,0,72,1,1,1,0,1,1,1,1,2,1,84.9,6065.3,0,0,0,0,0,0,0,1,7,4,0,169.8,0.0,83.08630136986302,4.45318382899021,8.710504143009794,0
0,0,0,7,1,0,0,0,0,0,0,0,0,0,19.3,144.95,0,0,0,1,0,0,1,0,1,1,0,0.0,0.0,18.11875,3.0106208860477417,4.983264097300124,0
0,0,0,38,1,0,1,1,1,0,0,0,0,1,83.9,3233.6,1,0,1,0,1,0,0,1,4,4,0,0.0,83.9,82.91282051282052,4.441474093317302,8.081660551685678,0
1,1,0,48,1,1,1,1,1,1,1,1,0,0,117.45,5438.9,1,0,1,0,0,1,0,0,8,4,1,0.0,117.45,110.99795918367346,4.774490930604794,8.60151595732809,0
0,0,0,10,1,0,1,1,1,0,1,1,0,1,104.4,1081.45,1,1,1,0,0,1,0,0,6,1,1,0.0,104.4,98.31363636363636,4.657762636107262,6.986982269433439,0
0,0,0,30,1,0,1,1,1,1,1,0,1,0,74.65,2308.6,0,0,0,0,1,0,0,1,6,3,0,74.65,0.0,74.47096774193548,4.326117440234365,7.744829628348725,0
0,1,0,31,1,1,0,0,0,0,1,0,0,1,59.05,1882.8,0,1,0,0,1,0,0,1,3,3,0,0.0,0.0,58.8375,4.095177548525992,7.5410462923887165,0
1,0,0,46,1,1,0,0,1,1,0,1,1,1,69.1,3255.35,0,0,0,0,1,0,0,1,5,4,0,69.1,0.0,69.2627659574468,4.249922794040544,8.088362215202874,0
0,1,0,50,1,0,0,0,0,0,0,0,2,0,20.55,1067.65,0,1,0,1,0,0,1,0,1,4,0,41.1,0.0,20.9343137254902,3.070375816549757,6.97415144862182,0
0,1,0,28,1,0,0,0,0,1,0,0,0,0,76.55,2065.4,0,1,1,0,0,0,0,1,2,3,0,0.0,76.55,71.22068965517242,4.350922889622548,7.633563241781631,0
0,0,0,66,0,0,1,1,1,1,1,1,2,1,62.5,4136.4,0,0,0,0,0,0,0,1,6,4,0,125.0,0.0,61.73731343283581,4.151039905898646,8.327822850208948,0
1,0,0,8,0,0,0,0,1,0,0,0,0,1,29.4,221.9,1,1,0,0,0,1,0,0,1,1,0,0.0,0.0,24.655555555555555,3.414442608412176,5.406723240391823,0
0,1,1,41,1,0,0,0,1,0,1,1,0,1,94.9,3848.0,0,0,1,0,0,0,0,1,4,4,1,0.0,94.9,91.61904761904762,4.563305981889393,8.255568653283746,0
1,1,0,72,1,1,0,1,1,1,1,1,2,1,111.65,8022.85,0,1,1,0,0,0,0,1,7,4,1,223.3,111.65,109.90205479452055,4.724285666878253,8.990173635548793,0
0,0,0,7,1,0,0,0,0,0,0,0,1,0,19.9,173.15,0,0,0,1,0,0,1,0,1,1,0,19.9,0.0,21.64375,3.039749158970765,5.159916996812011,0
0,1,1,38,1,0,0,0,0,0,0,0,0,0,20.45,781.25,0,0,0,1,0,0,1,0,1,4,0,0.0,0.0,20.03205128205128,3.065724645374026,6.662174382548992,0
0,0,0,44,1,0,1,1,1,0,1,1,1,1,106.05,4510.8,0,1,1,0,0,1,0,0,6,4,1,106.05,106.05,100.24000000000001,4.6732960150356915,8.414451465954324,0
0,1,1,47,1,1,1,1,1,1,1,1,1,1,113.45,5317.8,0,1,1,0,0,0,0,1,8,4,1,113.45,113.45,110.78750000000001,4.740138046398576,8.57900299298255,0
0,1,1,53,1,0,0,1,0,1,1,0,0,1,92.55,4779.45,0,1,1,0,0,1,0,0,4,4,1,0.0,92.55,88.50833333333333,4.538496052720099,8.472289963313811,0
0,1,0,4,1,1,0,0,1,0,1,0,0,0,65.6,250.1,0,1,0,0,0,1,0,0,4,0,0,0.0,0.0,50.019999999999996,4.198704577546343,5.5258512661635395,1
1,0,0,20,1,1,0,0,0,0,1,0,0,1,84.35,1745.2,0,1,1,0,0,1,0,0,3,2,0,0.0,84.35,83.1047619047619,4.4467604492404496,7.465197277376707,0
0,0,0,2,1,0,0,0,0,0,0,0,0,0,44.65,74.9,1,1,0,0,0,0,1,0,1,0,0,0.0,0.0,24.96666666666667,3.8210036070409776,4.3294166844015844,1
1,1,0,57,1,1,0,1,1,0,1,0,1,1,71.1,4140.1,0,1,0,0,1,0,0,1,5,4,0,71.1,0.0,71.38103448275862,4.278054044290903,8.32871673201033,0
1,1,0,44,1,0,1,1,0,1,0,0,0,1,85.15,3670.5,0,0,1,0,0,1,0,0,4,4,0,0.0,85.15,81.56666666666666,4.456089962973938,8.208355576891664,0
0,0,0,24,1,0,0,0,1,0,0,0,0,1,49.7,1167.8,0,1,0,0,0,0,1,0,2,2,0,0.0,0.0,46.711999999999996,3.9259259105971376,7.06373286043649,0
0,1,1,15,0,0,1,0,0,0,0,0,0,1,30.2,469.65,0,1,0,0,0,0,0,1,1,2,0,0.0,0.0,29.353125,3.4404180948154366,6.154114717993229,0
0,0,0,3,0,0,0,0,0,0,0,0,0,0,25.25,58.9,1,0,0,0,0,1,0,0,0,0,0,0.0,0.0,14.725,3.2676659890376327,4.092676505121403,1
0,0,1,4,1,1,0,1,1,0,0,0,0,0,84.05,333.55,1,0,1,0,0,0,0,1,4,0,0,0.0,84.05,66.71000000000001,4.44323931884187,5.812786345228826,1
1,1,0,37,1,1,0,0,0,0,1,0,0,1,85.7,3171.15,1,1,1,0,0,1,0,0,3,4,0,0.0,85.7,83.45131578947368,4.462453883786496,8.062164870413456,0
0,0,0,1,1,0,0,1,0,0,0,0,0,1,74.7,74.7,1,0,1,0,0,1,0,0,2,0,0,0.0,74.7,37.35,4.3267781604434035,4.3267781604434035,1
0,0,0,24,1,0,1,0,0,1,0,0,0,0,56.35,1381.2,0,0,0,0,1,0,0,1,3,2,0,0.0,0.0,55.248000000000005,4.04917284357538,7.231431711657294,0
0,0,0,5,1,1,0,1,0,0,1,0,0,1,90.8,455.5,1,0,1,0,0,1,0,0,4,0,1,0.0,90.8,75.91666666666667,4.519612297626445,6.1235887000350235,1
0,0,0,33,1,1,0,1,1,0,1,1,0,0,107.55,3645.5,0,0,1,0,0,1,0,0,6,3,1,0.0,107.55,107.22058823529412,4.6872108963243,8.201523082424288,0
0,1,1,58,1,0,0,0,0,0,0,0,2,1,19.85,1158.85,0,0,0,1,0,0,1,0,1,4,0,39.7,0.0,19.64152542372881,3.0373539482448106,7.056045965394279,0
0,1,1,72,1,1,1,1,0,0,1,0,2,1,95.9,6954.15,0,0,1,0,0,0,0,1,5,4,1,191.8,95.9,95.26232876712328,4.5736795188967205,8.847237671342803,0
0,1,0,71,1,1,0,0,0,0,0,0,2,0,23.85,1672.1,0,0,0,1,0,0,1,0,2,4,0,47.7,0.0,23.22361111111111,3.2128577525426376,7.422433472063617,0
1,0,0,28,1,1,0,1,1,0,1,1,0,1,106.15,3152.5,1,0,1,0,0,1,0,0,6,3,1,0.0,106.15,108.70689655172414,4.674229721919586,8.056268226103706,0
0,1,0,51,1,0,1,1,1,1,1,1,2,1,83.85,4307.1,0,1,0,0,1,0,0,1,7,4,0,167.7,0.0,82.82884615384616,4.440884991680235,8.36825225063454,0
0,0,0,30,1,0,1,1,1,1,1,1,1,0,85.35,2530.4,1,0,0,0,0,0,0,1,7,3,0,85.35,0.0,81.6258064516129,4.458408804592688,7.836527788358348,0
1,1,0,72,1,0,1,1,0,1,0,0,2,1,84.8,6141.65,0,1,1,0,1,0,0,1,4,4,0,169.6,84.8,84.13219178082191,4.4520190064939165,8.72301152412159,0
1,0,0,36,1,1,1,0,0,0,1,0,0,1,90.85,3186.7,1,1,1,0,0,1,0,0,4,3,1,0.0,90.85,86.12702702702703,4.520156811661135,8.06705493259633,0
0,0,1,14,1,0,1,1,1,1,0,1,2,0,76.1,1054.8,0,1,0,0,0,0,0,1,6,2,0,152.2,0.0,70.32,4.345103280569283,6.962054052389516,0
0,1,1,72,1,1,1,1,0,1,1,0,2,0,74.55,5430.65,0,0,0,0,0,0,1,0,6,4,0,149.1,0.0,74.39246575342466,4.3247946887187485,8.599998234172947,0
0,1,1,22,0,0,0,1,0,0,1,0,0,0,39.2,849.9,0,0,0,0,0,1,0,0,2,2,0,0.0,0.0,36.952173913043474,3.6938669956249757,6.746294612855512,0
0,0,0,2,1,1,0,1,0,0,0,0,0,0,79.55,151.75,0,0,1,0,0,1,0,0,3,0,0,0.0,79.55,50.583333333333336,4.388878109622984,5.028802598051705,1
0,0,0,15,1,0,0,0,0,0,0,0,0,0,19.6,299.4,0,0,0,1,0,0,1,0,1,2,0,0.0,0.0,18.7125,3.0252910757955354,5.705114919889979,0
0,1,1,51,1,0,0,0,0,0,0,0,2,0,19.55,1086.75,0,1,0,1,1,0,0,1,1,4,0,39.1,0.0,20.89903846153846,3.022860940942244,6.991866621600789,0
0,1,0,70,0,0,1,0,1,1,0,0,2,1,39.15,2692.75,0,1,0,0,1,0,0,1,3,4,0,78.3,0.0,37.92605633802817,3.6926224403927708,7.898689553852058,0
0,1,1,71,1,0,0,0,0,0,0,0,2,0,20.1,1389.6,0,0,0,1,0,0,0,1,1,4,0,40.2,0.0,19.299999999999997,3.0492730404820207,7.237490587664918,0
0,1,1,39,1,1,0,0,0,1,1,1,0,1,99.95,3767.4,0,0,1,0,1,0,0,1,5,4,1,0.0,99.95,94.185,4.614625344758847,8.234405787174513,0
0,1,1,61,1,1,1,1,0,0,0,0,0,0,59.8,3641.5,0,0,0,0,0,1,0,0,4,4,0,0.0,0.0,58.733870967741936,4.107589788972121,8.20042553806936,0
0,0,0,52,1,0,1,0,0,0,0,0,0,1,49.75,2535.55,0,0,0,0,0,0,0,1,2,4,0,0.0,0.0,47.840566037735854,3.926911617921897,7.838560169014315,0
0,0,0,1,0,0,0,0,0,0,1,0,0,1,35.75,35.75,1,0,0,0,0,1,0,0,1,0,0,0.0,0.0,17.875,3.6041382256588457,3.6041382256588457,1
0,1,0,64,1,1,1,0,1,1,1,1,1,1,108.5,6880.85,0,1,1,0,0,0,1,0,7,4,1,108.5,108.5,105.85923076923078,4.695924549256556,8.836642790130352,0
0,1,0,62,1,0,0,1,1,1,0,0,2,1,60.15,3753.2,0,1,0,0,1,0,0,1,4,4,0,120.3,0.0,59.57460317460317,4.113329862133181,8.230630492232374,0
0,1,0,30,1,0,0,0,0,0,0,0,2,0,19.05,637.55,0,1,0,1,0,0,1,0,1,3,0,38.1,0.0,20.566129032258065,2.998229153752578,6.459199980942271,0
1,1,1,4,1,0,0,0,0,0,0,0,0,0,46.0,181.6,1,0,0,0,0,1,0,0,1,0,0,0.0,0.0,36.32,3.8501476017100584,5.207297968160868,1
1,1,0,63,1,0,1,1,1,1,1,1,1,1,84.0,5329.55,0,1,0,0,0,0,0,1,7,4,0,84.0,0.0,83.27421875,4.442651256490317,8.581209701329653,0
0,0,0,1,1,0,0,0,0,0,0,0,0,1,44.55,44.55,0,0,0,0,1,0,0,1,1,0,0,0.0,0.0,22.275,3.8188106237059674,3.8188106237059674,1
0,1,0,15,1,1,0,0,1,1,1,1,0,1,103.45,1539.8,0,1,1,0,0,1,0,0,6,2,1,0.0,103.45,96.2375,4.648708488002574,7.3400570410438615,0
0,1,1,27,1,0,1,1,0,0,0,0,1,1,80.65,2209.75,0,1,1,0,1,0,0,1,3,3,0,80.65,80.65,78.91964285714286,4.402441819416474,7.701087103455844,0
0,0,1,4,0,0,1,1,1,0,1,1,0,1,57.2,223.75,0,0,0,0,0,0,1,0,5,0,0,0.0,0.0,44.75,4.063885354737392,5.41498867335173,1
0,1,0,72,1,1,1,1,1,0,1,1,2,1,110.75,7751.7,0,0,1,0,0,1,0,0,7,4,1,221.5,110.75,106.18767123287671,4.716264233493678,8.955796448771473,0
1,1,0,45,1,1,0,0,0,0,0,0,1,0,24.7,1174.35,0,1,0,1,1,0,0,1,2,4,0,24.7,0.0,25.529347826086955,3.246490991901174,7.069321254563527,0
1,0,0,45,1,1,1,1,0,1,1,0,0,1,97.05,4385.05,0,0,1,0,0,1,0,0,6,4,1,0.0,97.05,95.32717391304348,4.585477552642355,8.386184328821656,0
0,0,0,36,1,0,1,1,1,1,1,0,1,1,76.35,2606.35,0,0,0,0,0,0,1,0,6,3,0,76.35,0.0,70.44189189189188,4.348340577019075,7.866089658853971,0
0,1,1,17,1,0,1,0,1,0,1,0,0,1,89.4,1539.45,1,1,1,0,0,1,0,0,4,2,0,0.0,89.4,85.525,4.504244267398131,7.339829860515501,0
0,0,0,1,1,0,0,0,0,0,0,0,0,0,18.9,18.9,0,1,0,1,0,0,1,0,1,0,0,0.0,0.0,9.45,2.990719731730447,2.990719731730447,1
1,0,0,16,1,1,0,0,0,0,0,0,0,1,74.45,1261.35,0,1,1,0,0,0,0,1,2,2,0,0.0,74.45,74.1970588235294,4.323470185213858,7.140730342209636,0
0,0,0,3,1,0,0,0,0,0,0,0,0,1,19.8,58.15,1,1,0,1,0,0,1,0,1,0,0,0.0,0.0,14.5375,3.0349529867072724,4.080076590424396,1
0,1,1,4,1,1,0,0,0,0,0,0,0,1,50.9,225.6,1,1,0,0,0,1,0,0,2,0,0,0.0,0.0,45.12,3.949318790171843,5.423186348593906,1
0,1,0,71,1,0,1,1,1,1,1,1,2,1,84.4,5969.3,0,0,0,0,1,0,0,1,7,4,0,168.8,0.0,82.90694444444445,4.447346100794524,8.694552456380377,0
0,1,1,10,1,1,0,0,0,0,0,0,0,1,24.4,253.9,0,1,0,1,0,0,1,0,2,1,0,0.0,0.0,23.081818181818182,3.2347491740244907,5.54087131138207,0
0,1,1,20,1,0,0,0,0,0,0,0,2,0,20.05,400.0,0,1,0,1,0,0,1,0,1,2,0,40.1,0.0,19.047619047619047,3.0469005601283903,5.993961427306569,0
0,0,0,4,1,0,0,0,0,0,1,0,0,1,81.0,340.85,1,1,1,0,0,1,0,0,2,0,0,0.0,81.0,68.17,4.406719247264253,5.834372044359803,1
0,0,0,26,1,1,0,0,1,0,1,1,0,1,98.35,2515.3,1,1,1,0,0,1,0,0,5,3,1,0.0,98.35,93.15925925925927,4.598648968997826,7.830544847596122,0
0,0,0,4,1,0,0,0,0,0,1,0,0,0,55.5,227.35,0,0,0,0,1,0,0,1,2,0,0,0.0,0.0,45.47,4.034240638152395,5.430879539631008,1
0,0,0,5,0,0,0,1,0,0,1,1,0,1,51.0,305.95,1,1,0,0,0,0,1,0,3,0,0,0.0,0.0,50.99166666666667,3.9512437185814275,5.726684867873505,1
0,1,0,4,1,1,0,1,0,0,1,0,0,1,91.65,365.4,1,0,1,0,0,1,0,0,4,0,1,0.0,91.65,73.08,4.528828952731369,5.903725632799975,1
1,1,0,29,1,1,0,0,0,0,0,1,0,1,84.3,2357.75,0,1,1,0,0,1,0,0,3,3,0,0.0,84.3,78.59166666666667,4.446174454497633,7.76588709668276,0
0,0,0,2,1,0,1,1,0,0,1,1,0,0,100.2,198.5,0,1,1,0,0,1,0,0,5,0,1,0.0,100.2,66.16666666666667,4.617098756853365,5.295814236329918,1
0,0,0,29,1,0,0,0,0,0,0,0,2,0,19.4,554.25,0,0,0,1,0,0,1,0,1,3,0,38.8,0.0,18.475,3.0155349008501706,6.319418462774537,0
0,0,1,1,1,0,0,0,0,0,1,1,0,1,90.85,90.85,1,1,1,0,0,1,0,0,3,0,1,0.0,90.85,45.425,4.520156811661135,4.520156811661135,1
0,0,0,1,1,0,0,0,0,0,0,0,0,0,69.4,69.4,1,1,1,0,0,0,1,0,1,0,0,0.0,69.4,34.7,4.254193263163997,4.254193263163997,1
1,0,0,8,1,0,0,0,1,0,1,1,0,1,94.45,742.95,1,0,1,0,1,0,0,1,4,1,1,0.0,94.45,82.55000000000001,4.558602550171757,6.611973828273706,0
0,0,0,13,1,0,0,0,0,0,0,0,0,1,20.4,251.65,0,1,0,1,0,1,0,0,1,2,0,0.0,0.0,17.975,3.0633909220278057,5.532005131737917,0
0,1,0,59,1,1,1,1,0,0,1,0,0,1,94.75,5597.65,0,0,1,0,0,1,0,0,5,4,1,0.0,94.75,93.29416666666665,4.561740628060756,8.630280776232281,0
0,1,1,1,1,0,0,0,0,0,0,0,0,1,20.15,20.15,1,0,0,1,1,0,0,1,1,0,0,0.0,0.0,10.075,3.0516399054922867,3.0516399054922867,1
1,0,0,50,1,1,0,0,0,0,1,1,0,1,95.7,4816.7,1,1,1,0,0,1,0,0,4,4,1,0.0,95.7,94.44509803921568,4.571613402459248,8.480051914735554,0
0,1,0,18,1,0,0,0,0,0,0,0,0,1,44.35,768.05,0,1,0,0,0,0,0,1,1,2,0,0.0,0.0,40.42368421052631,3.814410176561146,6.645155986897819,0
0,1,1,17,1,0,1,1,0,0,1,1,0,0,74.55,1215.8,0,0,0,0,0,0,1,0,5,2,0,0.0,0.0,67.54444444444444,4.3247946887187485,7.103979740945083,0
0,1,0,47,1,0,0,1,1,0,1,1,2,0,73.6,3522.65,0,1,0,0,0,1,0,0,5,4,0,147.2,0.0,73.38854166666667,4.312140507209715,8.167252663167885,0
0,0,0,26,1,1,0,0,0,0,0,0,0,1,74.95,1834.95,1,0,1,0,0,0,0,1,2,3,0,0.0,74.95,67.96111111111111,4.330075229041782,7.51531733769414,0
0,0,0,6,0,0,0,0,1,0,1,1,0,1,47.95,305.1,1,0,0,0,0,1,0,0,3,0,0,0.0,0.0,43.58571428571429,3.8907993689765195,5.723911845951367,1
0,1,1,19,1,1,0,0,0,0,0,0,0,0,50.1,910.45,0,1,0,0,1,0,0,1,2,2,0,0.0,0.0,45.5225,3.933784497209659,6.8150367379789305,0
0,0,0,3,1,1,0,0,0,1,1,0,0,1,63.6,155.65,1,0,0,0,0,1,0,0,4,0,0,0.0,0.0,38.9125,4.168214410788556,5.054014017398201,1
1,1,1,68,0,0,0,1,1,0,1,1,2,1,53.0,3656.25,0,0,0,0,0,1,0,0,4,4,0,106.0,0.0,52.98913043478261,3.9889840465642745,8.204466777858196,0
0,1,0,2,1,0,0,0,0,0,0,0,0,0,19.85,52.0,0,0,0,1,0,0,0,1,1,0,0,0.0,0.0,17.333333333333332,3.0373539482448106,3.970291913552122,1
0,0,0,7,0,0,0,0,0,0,0,0,1,1,24.35,150.85,0,1,0,0,1,0,0,1,0,1,0,24.35,0.0,18.85625,3.232778730037192,5.022893191491757,0
0,0,0,18,1,0,0,0,0,0,0,0,0,1,19.55,389.25,0,0,0,1,0,0,1,0,1,2,0,0.0,0.0,20.486842105263158,3.022860940942244,5.9667875593955415,0
0,1,0,71,1,1,0,0,0,0,0,0,2,0,25.05,1873.7,0,0,0,1,1,0,0,1,2,4,0,50.1,0.0,26.023611111111112,3.260017768199376,7.536203925603146,0
1,1,0,13,1,1,1,1,0,0,0,1,0,0,93.8,1261.0,0,1,1,0,1,0,0,1,5,2,1,0.0,93.8,90.07142857142857,4.551769409260976,7.140453043101158,0
0,0,0,3,0,0,0,1,0,1,0,0,0,1,36.85,108.7,1,1,0,0,0,0,1,0,2,0,0,0.0,0.0,27.175,3.6336309798834576,4.697749367281185,1
0,1,0,72,1,1,0,1,1,0,1,1,2,1,103.75,7346.2,0,1,1,0,0,0,0,1,6,4,1,207.5,103.75,100.63287671232877,4.6515765588022475,8.902074567245139,0
0,1,1,66,0,0,0,1,1,0,1,1,2,1,56.75,3708.4,0,1,0,0,1,0,0,1,4,4,0,113.5,0.0,55.34925373134328,4.056123349401903,8.218625417455186,0
0,1,1,24,1,0,0,0,0,0,0,0,1,1,20.8,469.65,0,1,0,1,1,0,0,1,1,2,0,20.8,0.0,18.785999999999998,3.0819099697950434,6.154114717993229,0
0,0,0,1,1,0,0,0,0,0,0,0,0,1,44.1,44.1,1,0,0,0,0,1,0,0,1,0,0,0.0,0.0,22.05,3.8088822465086327,3.8088822465086327,1
0,1,1,56,1,1,0,0,0,0,0,0,2,1,24.45,1385.85,0,0,0,1,0,0,1,0,2,4,0,48.9,0.0,24.31315789473684,3.2367157429965316,7.234790267386486,0
1,1,0,22,1,1,0,0,0,0,0,0,1,0,25.6,548.8,0,0,0,1,0,0,0,1,2,2,0,25.6,0.0,23.86086956521739,3.2809112157876537,6.309554575731145,0
0,0,0,14,0,0,0,0,1,0,1,1,0,1,50.75,712.75,1,1,0,0,0,1,0,0,3,2,0,0.0,0.0,47.516666666666666,3.9464244321454784,6.57053276097022,0
1,1,0,61,1,1,0,1,1,0,1,1,1,1,104.4,6405.0,1,0,1,0,1,0,0,1,6,4,1,104.4,104.4,103.30645161290323,4.657762636107262,8.764990330169104,0
1,1,0,40,0,0,0,1,0,0,1,0,0,1,39.3,1637.4,1,0,0,0,0,1,0,0,2,4,0,0.0,0.0,39.93658536585366,3.696351468952637,7.401475434845189,0
0,0,0,42,1,0,1,1,1,0,0,0,0,0,59.65,2536.55,0,0,0,0,0,0,0,1,4,4,0,0.0,0.0,58.989534883720935,4.105119635390059,7.838954327589411,0
0,1,1,72,1,1,1,0,1,1,1,1,2,1,83.3,6042.7,0,0,0,0,0,0,0,1,7,4,0,166.6,0.0,82.77671232876712,4.4343818650078095,8.706771686158076,0
0,0,0,12,1,1,0,0,0,1,0,0,0,1,79.55,958.25,0,0,1,0,1,0,0,1,3,1,0,0.0,79.55,73.71153846153847,4.388878109622984,6.866151729127062,0
0,1,0,71,1,1,0,0,0,0,0,0,2,0,24.45,1730.65,0,1,0,1,0,0,0,1,2,4,0,48.9,0.0,24.036805555555556,3.2367157429965316,7.456829990179825,0
0,1,0,26,1,0,0,0,0,0,0,0,1,0,19.2,459.6,0,0,0,1,0,0,1,0,1,3,0,19.2,0.0,17.022222222222222,3.005682604407159,6.132529987386585,0
0,0,1,7,0,0,1,0,0,0,0,0,0,0,29.8,201.95,0,0,0,0,0,0,1,0,1,1,0,0.0,0.0,25.24375,3.427514689979529,5.312959643284906,0
0,1,1,6,1,0,0,0,0,0,0,0,0,0,45.5,285.2,0,0,0,0,0,0,1,0,1,0,0,0.0,0.0,40.74285714285714,3.8394523125933104,5.65669086712235,1
0,0,0,58,1,0,1,1,1,0,1,1,1,1,106.45,6145.85,1,0,1,0,0,1,0,0,6,4,1,106.45,106.45,104.16694915254237,4.67702562308852,8.723695034461883,0
0,1,0,51,0,0,0,1,0,0,0,0,0,1,30.05,1529.45,0,1,0,0,1,0,0,1,1,4,0,0.0,0.0,29.4125,3.435598808379488,7.333317088789424,0
0,1,1,72,0,0,1,1,1,1,1,1,2,1,65.65,4664.5,0,1,0,0,0,0,0,1,6,4,0,131.3,0.0,63.897260273972606,4.199455046624718,8.447950288674077,0
0,0,0,18,1,0,1,0,0,0,1,1,0,1,96.05,1740.7,1,0,1,0,0,1,0,0,4,2,1,0.0,96.05,91.61578947368422,4.57522630961502,7.46261692673774,0
0,0,0,7,1,1,0,0,0,0,0,0,0,1,75.1,552.95,1,0,1,0,0,0,0,1,2,1,0,0.0,75.1,69.11875,4.33204826486764,6.317074429966682,0
0,0,0,47,1,1,1,1,0,1,0,1,2,0,74.05,3496.3,0,0,0,0,0,0,1,0,6,4,0,148.1,0.0,72.83958333333334,4.318154558079471,8.15974652120194,0
1,0,0,2,1,0,0,0,0,0,0,0,0,1,44.7,93.7,1,1,0,0,0,1,0,0,1,0,0,0.0,0.0,31.233333333333334,3.822098297900159,4.550714000192032,1
1,0,0,62,1,1,0,1,1,1,1,1,1,1,110.75,7053.35,0,1,1,0,0,0,0,1,7,4,1,110.75,110.75,111.95793650793651,4.716264233493678,8.86139972680355,0
0,1,1,16,1,0,0,0,0,0,0,0,2,0,19.7,301.55,0,0,0,1,0,0,1,0,1,2,0,39.4,0.0,17.738235294117647,3.0301337002713233,5.71224655306833,0
0,0,0,6,1,0,0,0,0,1,0,0,0,1,49.5,312.7,0,1,0,0,1,0,0,1,2,0,0,0.0,0.0,44.67142857142857,3.9219733362813143,5.748437115196633,1
0,0,0,19,1,0,0,0,1,1,0,0,0,1,55.0,1046.5,1,1,0,0,1,0,0,1,3,2,0,0.0,0.0,52.325,4.02535169073515,6.9541616517962925,0
0,1,1,69,0,0,1,0,1,0,0,1,2,1,43.95,2960.1,0,0,0,0,1,0,0,1,3,4,0,87.9,0.0,42.287142857142854,3.8055507609176296,7.993316099905515,0
0,1,1,11,1,1,0,0,0,0,0,0,0,1,74.35,834.2,1,1,1,0,0,1,0,0,2,1,0,0.0,74.35,69.51666666666667,4.3221439250725044,6.727671217128374,0
0,1,0,64,1,1,0,1,1,1,1,1,0,1,111.15,6953.4,0,0,1,0,0,1,0,0,7,4,1,0.0,111.15,106.97538461538461,4.719837260966218,8.847129831764855,0
0,1,0,39,1,0,1,0,1,1,1,1,1,1,104.7,4134.85,1,0,1,0,1,0,0,1,6,4,1,104.7,104.7,103.37125,4.660604892876192,8.32744814860604,0
0,0,0,15,1,1,1,0,0,0,0,0,0,1,55.7,899.8,1,0,0,0,0,0,1,0,3,2,0,0.0,0.0,56.2375,4.037774210733707,6.803283257385426,0
0,0,0,25,1,0,0,0,0,0,0,0,0,0,20.6,541.5,0,1,0,1,0,0,1,0,1,3,0,0.0,0.0,20.826923076923077,3.0726933146901194,6.296188085414615,0
0,0,0,6,1,0,0,0,0,0,0,0,2,0,19.65,116.85,0,0,0,1,1,0,0,1,1,0,0,39.3,0.0,16.692857142857143,3.027715319407042,4.76941262938214,1
0,1,0,66,1,1,1,1,1,1,1,1,1,0,115.8,7942.15,0,1,1,0,0,0,0,1,8,4,1,115.8,115.8,118.53955223880597,4.760463070394127,8.980065201007257,0
0,0,0,61,1,1,0,1,1,1,1,1,2,0,88.65,5321.25,0,0,0,0,1,0,0,1,7,4,0,177.3,0.0,85.82661290322581,4.495913200051142,8.579651425255848,0
1,1,0,43,1,1,1,1,0,0,1,0,0,1,94.5,4156.8,0,0,1,0,0,1,0,0,5,4,1,0.0,94.5,94.47272727272728,4.5591262474866845,8.332741367213014,0
0,0,0,12,1,0,0,0,0,0,0,0,0,0,20.1,223.6,0,0,0,1,0,0,1,0,1,1,0,0.0,0.0,17.2,3.0492730404820207,5.414321042304342,0
1,0,0,23,0,0,0,0,0,0,0,1,0,1,34.65,768.45,0,1,0,0,0,0,0,1,1,2,0,0.0,0.0,32.018750000000004,3.573749146860305,6.645675973909861,0
1,1,0,71,0,0,0,1,1,0,1,1,0,1,52.3,3765.05,0,1,0,0,0,0,0,1,4,4,0,0.0,0.0,52.29236111111111,3.975936331171799,8.233781985815103,0
0,0,0,34,1,1,0,0,0,1,1,0,0,0,65.0,2157.5,0,0,0,0,0,0,1,0,4,3,0,0.0,0.0,61.642857142857146,4.189654742026425,7.677168814995532,0
0,0,0,5,1,0,0,0,0,0,0,0,0,0,19.85,108.05,1,0,0,1,1,0,0,1,1,0,0,0.0,0.0,18.008333333333333,3.0373539482448106,4.691806492647638,1
0,1,0,41,0,0,0,1,0,1,0,0,1,0,35.45,1391.65,0,0,0,0,0,0,1,0,2,4,0,35.45,0.0,33.13452380952381,3.5959414584546674,7.238963685928251,0
0,1,1,72,1,0,0,0,0,0,0,0,2,0,19.7,1379.8,0,0,0,1,1,0,0,1,1,4,0,39.4,0.0,18.9013698630137,3.0301337002713233,7.230418320329163,0
1,0,0,14,1,1,0,0,0,0,1,1,0,1,95.6,1273.3,0,1,1,0,0,1,0,0,4,2,1,0.0,95.6,84.88666666666667,4.570578741218473,7.1501522872182335,0
0,0,0,41,1,0,0,0,0,0,0,0,2,1,19.85,810.45,0,0,0,1,0,0,1,0,1,4,0,39.7,0.0,19.29642857142857,3.0373539482448106,6.698822770761891,0
0,1,1,23,1,1,1,0,0,0,0,0,1,0,81.85,1810.85,0,0,1,0,1,0,0,1,3,2,0,81.85,81.85,75.45208333333333,4.417031743872572,7.502103701719397,0
0,1,1,71,1,0,1,1,1,1,1,1,2,0,109.3,7782.85,0,1,1,0,1,0,0,1,7,4,1,218.6,109.3,108.0951388888889,4.703203926259457,8.959806353382119,0
0,0,0,1,1,0,0,0,0,0,0,0,0,1,70.3,70.3,1,0,1,0,0,1,0,0,1,0,0,0.0,70.3,35.15,4.26689632742025,4.26689632742025,1
0,1,0,72,1,1,0,0,0,0,0,0,2,0,25.4,1797.1,0,1,0,1,0,0,1,0,2,4,0,50.8,0.0,24.61780821917808,3.2733640101522705,7.494485830837592,0
0,1,1,6,1,0,0,0,0,0,0,0,0,1,69.8,377.85,0,1,1,0,0,1,0,0,1,0,0,0.0,69.8,53.978571428571435,4.259859000699674,5.937140348377382,1
0,1,1,23,1,0,0,0,0,0,0,0,1,1,20.0,445.3,0,1,0,1,1,0,0,1,1,2,0,20.0,0.0,18.554166666666667,3.044522437723423,6.100991371635224,0
1,1,0,10,1,1,0,0,0,0,0,1,0,0,85.55,851.75,1,1,1,0,0,1,0,0,3,1,0,0.0,85.55,77.43181818181819,4.4607222816222185,6.7484664212987555,0
0,0,0,72,1,0,1,1,1,1,1,1,2,1,109.9,7624.2,0,0,1,0,0,1,0,0,7,4,1,219.8,109.9,104.44109589041096,4.7086288943563215,8.939213830639822,0
0,1,0,7,1,0,1,0,0,0,0,0,0,1,50.3,355.1,0,0,0,0,0,0,0,1,2,1,0,0.0,0.0,44.3875,3.937690752176724,5.875211590283732,0
0,0,1,6,1,0,0,0,1,0,1,1,0,0,94.5,575.45,1,1,1,0,0,0,1,0,4,0,1,0.0,94.5,82.20714285714287,4.5591262474866845,6.356888605678963,1
0,1,1,9,1,0,0,1,0,1,1,1,0,1,101.5,906.85,0,1,1,0,0,1,0,0,5,1,1,0.0,101.5,90.685,4.629862798578463,6.811079166716676,0
0,0,0,12,1,1,0,1,0,0,0,1,0,1,89.15,1057.55,0,0,1,0,0,1,0,0,4,1,0,0.0,89.15,81.35,4.501474949649326,6.964655326114949,0
0,0,0,1,1,0,0,0,0,0,0,0,0,1,19.4,19.4,0,0,0,1,0,0,1,0,1,0,0,0.0,0.0,9.7,3.0155349008501706,3.0155349008501706,1
1,1,1,48,0,0,0,1,0,0,0,0,1,0,29.9,1388.75,0,0,0,0,0,0,0,1,1,4,0,29.9,0.0,28.341836734693878,3.4307561839036995,7.236879153833579,0
0,0,0,20,1,0,0,0,0,0,1,0,0,0,78.8,1641.3,0,1,1,0,0,1,0,0,2,2,0,0.0,78.8,78.15714285714286,4.379523504455763,7.403852977343515,0
1,1,0,16,1,1,0,0,0,0,0,1,0,1,85.35,1375.15,1,0,1,0,1,0,0,1,3,2,0,0.0,85.35,80.89117647058823,4.458408804592688,7.22704502417986,0
0,0,0,2,1,0,0,0,0,0,1,0,0,1,79.65,152.7,1,0,1,0,0,0,1,0,2,0,0,0.0,79.65,50.9,4.390118804571218,5.03500265054455,1
0,0,0,10,1,0,0,0,0,0,0,0,1,1,19.3,185.2,0,0,0,1,0,0,1,0,1,1,0,19.3,0.0,16.836363636363636,3.0106208860477417,5.226821364842967,0
1,0,0,2,1,0,0,0,0,0,0,1,0,1,79.6,195.05,1,0,1,0,0,1,0,0,2,0,0,0.0,79.6,65.01666666666667,4.389498649512583,5.27836972873834,1
0,1,1,20,1,1,0,1,0,1,1,0,0,0,96.8,1826.7,0,1,1,0,0,0,1,0,5,2,1,0.0,96.8,86.9857142857143,4.582924577040772,7.510813624760397,0
0,1,0,20,1,0,0,0,0,0,0,0,1,0,20.65,417.5,0,1,0,1,0,0,1,0,1,2,0,20.65,0.0,19.88095238095238,3.075005454448499,6.03667688992953,0
0,1,1,19,1,0,0,0,0,0,0,0,1,0,19.8,344.5,0,1,0,1,0,0,1,0,1,2,0,19.8,0.0,17.225,3.0349529867072724,5.844992643207725,0
1,0,0,19,1,1,1,0,0,0,1,0,0,1,90.6,1660.0,1,1,1,0,0,1,0,0,4,2,1,0.0,90.6,83.0,4.517431271680085,7.415175109613295,0
0,1,0,22,1,0,1,1,0,1,1,1,0,1,104.6,2180.55,0,1,1,0,0,1,0,0,6,2,1,0.0,104.6,94.80652173913045,4.659658371272161,7.687790912310173,0
0,0,0,35,1,1,0,0,0,1,0,0,0,0,80.05,2835.9,0,0,1,0,1,0,0,1,3,3,0,0.0,80.05,78.775,4.395066248181685,7.950467185685669,0
0,0,0,1,1,0,0,0,0,0,0,0,0,0,45.15,45.15,0,0,0,0,0,0,1,0,1,0,0,0.0,0.0,22.575,3.8318969609488613,3.8318969609488613,1
0,0,0,39,1,1,0,0,0,0,0,0,0,1,73.15,2730.85,0,1,1,0,1,0,0,1,2,4,0,0.0,73.15,68.27125,4.306090068583941,7.91273431435173,0
1,1,0,54,1,0,0,0,1,1,1,1,1,1,99.1,5437.1,0,0,1,0,0,1,0,0,5,4,1,99.1,99.1,98.85636363636364,4.6061696863211745,8.601185014136982,0
0,0,0,1,1,0,0,0,0,0,0,0,0,1,20.2,20.2,1,0,0,1,0,0,0,1,1,0,0,0.0,0.0,10.1,3.054001181677967,3.054001181677967,1
0,1,0,66,1,1,1,0,1,0,1,1,2,1,106.05,6981.35,1,1,1,0,1,0,0,1,6,4,1,212.1,106.05,104.19925373134329,4.6732960150356915,8.851140815311464,0
0,0,0,56,1,1,1,0,0,1,1,1,0,1,105.35,5794.45,0,1,1,0,0,0,1,0,6,4,1,0.0,105.35,101.65701754385965,4.666735541646246,8.664828405908269,0
0,0,1,18,1,0,0,0,0,0,0,0,0,1,45.65,747.2,0,1,0,0,1,0,0,1,1,2,0,0.0,0.0,39.32631578947369,3.8426729272933526,6.617670321914046,0
0,1,1,16,1,1,0,1,0,0,0,0,0,1,79.95,1267.95,0,0,1,0,1,0,0,1,3,2,0,0.0,79.95,74.58529411764707,4.393831680123644,7.145945065834913,0
0,0,0,68,1,0,1,0,1,0,0,0,1,1,54.45,3674.95,0,0,0,0,1,0,0,1,3,4,0,54.45,0.0,53.26014492753623,4.015481713796376,8.20956688164205,0
1,1,0,53,1,1,0,0,0,0,0,0,2,0,25.1,1275.6,0,0,0,1,1,0,0,1,2,4,0,50.2,0.0,23.62222222222222,3.261935314328648,7.151955572821957,0
0,1,1,72,1,1,1,0,1,1,1,1,2,0,84.7,5893.9,0,0,0,0,1,0,0,1,7,4,0,169.4,0.0,80.73835616438356,4.450852825603734,8.681842849299175,0
0,0,0,9,1,1,0,0,0,0,0,0,0,1,75.85,724.65,0,1,1,0,0,1,0,0,2,1,0,0.0,75.85,72.465,4.341855469984605,6.587067804916372,0
0,0,0,30,1,0,1,0,0,0,0,0,0,1,48.8,1536.75,0,0,0,0,0,0,1,0,2,3,0,0.0,0.0,49.57258064516129,3.9080149840306073,7.338075588088477,0
0,0,0,36,1,1,0,1,0,0,1,1,0,1,99.15,3615.6,1,0,1,0,0,1,0,0,5,3,1,0.0,99.15,97.71891891891892,4.606669062111827,8.19328963695088,0
0,0,0,18,0,0,0,0,1,1,0,0,0,1,35.2,607.3,0,0,0,0,0,1,0,0,2,2,0,0.0,0.0,31.963157894736838,3.5890591188317256,6.41066818132666,0
1,1,1,55,1,1,1,0,1,1,1,0,1,0,76.25,4154.55,0,0,0,0,0,1,0,0,6,4,0,76.25,0.0,74.18839285714286,4.347046915777855,8.332200069167115,0
0,1,0,39,0,0,1,0,1,0,1,1,0,0,55.9,2184.35,1,0,0,0,0,1,0,0,4,4,0,0.0,0.0,54.60875,4.041295341132285,7.689531277768115,0
0,0,0,21,1,1,0,1,0,0,0,0,0,1,82.35,1852.85,1,1,1,0,0,1,0,0,3,2,0,0.0,82.35,84.22045454545454,4.423048609196803,7.525019836703854,0
0,0,0,2,0,0,0,1,1,1,0,0,0,1,40.4,77.15,1,1,0,0,1,0,0,1,3,0,0,0.0,0.0,25.71666666666667,3.7232808808312687,4.358630056867486,1
1,0,0,33,1,1,0,0,0,0,0,0,1,1,24.9,847.8,0,1,0,1,0,0,0,1,2,3,0,24.9,0.0,24.935294117647057,3.254242968705492,6.743823587299773,0
0,1,0,44,0,0,0,1,1,0,1,1,2,0,54.3,2390.45,0,1,0,0,0,0,0,1,4,4,0,108.6,0.0,53.121111111111105,4.012772908528289,7.779655155521484,0
0,1,1,30,1,0,1,0,0,1,0,1,0,0,66.3,1923.5,0,0,0,0,0,0,0,1,4,3,0,0.0,0.0,62.04838709677419,4.209160236650682,7.562421472723801,0
0,1,0,71,1,0,0,0,0,0,0,0,2,1,20.9,1493.2,0,0,0,1,0,0,0,1,1,4,0,41.8,0.0,20.73888888888889,3.086486636822455,7.3093462255417005,0
0,0,0,4,1,1,0,0,0,0,0,0,0,0,75.35,338.1,1,0,1,0,0,1,0,0,2,0,0,0.0,75.35,67.62,4.335328031664641,5.826295049131593,1
0,0,1,35,1,0,0,0,1,0,1,0,1,1,85.15,3030.6,1,1,1,0,0,1,0,0,3,3,0,85.15,85.15,84.18333333333334,4.456089962973938,8.016845811937873,0
0,1,0,1,1,0,0,0,1,0,0,0,0,0,75.35,75.35,0,1,1,0,1,0,0,1,2,0,0,0.0,75.35,37.675,4.335328031664641,4.335328031664641,1
1,1,0,23,1,1,0,1,1,0,1,1,0,1,104.45,2184.85,0,1,1,0,0,1,0,0,6,2,1,0.0,104.45,91.03541666666666,4.658236906924784,7.689760047900884,0
0,0,1,22,0,0,0,0,1,0,1,1,1,1,49.45,1031.4,0,0,0,0,1,0,0,1,3,2,0,49.45,0.0,44.84347826086957,3.920982746799618,6.939641467844459,0
0,0,1,49,1,0,0,0,0,0,0,0,1,0,19.45,921.3,0,0,0,1,1,0,0,1,1,4,0,19.45,0.0,18.426,3.017982882488811,6.826870550241673,0
0,1,1,42,1,0,0,0,1,0,1,1,0,1,92.15,3875.4,0,0,1,0,0,1,0,0,4,4,1,0.0,92.15,90.12558139534885,4.5342110970475975,8.262662166860395,0
0,1,1,33,1,0,0,0,1,0,1,1,1,1,93.8,3124.5,1,0,1,0,0,1,0,0,4,3,1,93.8,93.8,91.8970588235294,4.551769409260976,8.047349549371868,0
0,1,1,7,1,0,0,0,0,0,0,0,2,0,19.85,144.15,0,0,0,1,0,0,1,0,1,1,0,39.7,0.0,18.01875,3.0373539482448106,4.977767690470639,0
0,1,1,67,1,1,1,0,1,1,0,1,1,1,100.25,6689.0,0,0,1,0,0,0,0,1,6,4,1,100.25,100.25,98.36764705882354,4.617592705986649,8.808369153122275,0
0,0,0,15,1,1,0,1,0,1,0,1,0,0,95.7,1451.1,0,1,1,0,0,1,0,0,5,2,1,0.0,95.7,90.69375,4.571613402459248,7.280766063536691,0
0,1,0,67,1,1,0,1,1,0,0,1,2,1,93.15,6368.2,0,1,1,0,0,1,0,0,5,4,1,186.3,93.15,93.64999999999999,4.544889255103161,8.759229151982272,0
0,1,1,53,1,0,1,1,0,1,1,0,2,1,69.7,3729.6,0,1,0,0,0,0,1,0,5,4,0,139.4,0.0,69.06666666666666,4.258445572902527,8.224324357610461,0
0,1,1,21,1,0,0,0,0,0,0,0,1,0,19.8,350.1,0,1,0,1,0,0,1,0,1,2,0,19.8,0.0,15.913636363636364,3.0349529867072724,5.861071083174386,0
0,1,1,40,1,0,1,1,0,1,0,1,0,1,71.35,2847.2,0,0,0,0,0,0,1,0,5,4,0,0.0,0.0,69.44390243902438,4.281515453077493,7.954442494785328,0
0,1,1,22,1,0,0,0,0,0,0,0,1,0,20.75,452.35,0,0,0,1,0,0,0,1,1,2,0,20.75,0.0,19.667391304347827,3.079613757534693,6.116664454092065,0
0,0,0,39,0,0,0,0,0,1,0,1,0,1,40.6,1494.5,0,1,0,0,0,1,0,0,2,4,0,0.0,0.0,37.3625,3.728100167267218,7.310215878070003,0
0,0,0,45,1,0,0,0,0,0,0,0,1,1,20.4,930.45,1,1,0,1,0,1,0,0,1,4,0,20.4,0.0,20.22717391304348,3.0633909220278057,6.836742511735718,0
0,1,0,2,1,0,0,0,0,0,0,0,0,0,20.35,41.85,0,0,0,1,0,0,1,0,1,0,0,0.0,0.0,13.950000000000001,3.0610517396746335,3.7577056450437887,1
0,1,1,57,1,0,0,0,0,0,0,0,2,0,19.75,1272.05,0,0,0,1,0,0,0,1,1,4,0,39.5,0.0,21.931896551724137,3.0325462466767075,7.1491708750837955,0
0,1,1,8,1,0,0,0,0,0,1,0,0,1,54.4,475.1,0,1,0,0,0,1,0,0,2,1,0,0.0,0.0,52.78888888888889,4.014579593753238,6.1656279162004735,0
1,1,0,7,1,1,1,1,0,0,0,1,0,1,94.7,673.1,1,1,1,0,1,0,0,1,5,1,1,0.0,94.7,84.1375,4.5612182984589085,6.513378467859393,0
0,0,0,6,0,0,0,1,0,0,0,0,0,1,30.5,208.7,1,1,0,0,1,0,0,1,1,0,0,0.0,0.0,29.814285714285713,3.449987545831587,5.345677937907874,1
0,1,1,7,1,0,0,0,0,0,0,0,0,0,20.45,150.75,0,0,0,1,0,0,1,0,1,1,0,0.0,0.0,18.84375,3.065724645374026,5.022234429939608,0
0,0,0,49,1,1,0,0,0,1,1,0,2,1,66.15,3199.0,0,1,0,0,0,0,0,1,4,4,0,132.3,0.0,63.98,4.206928922969246,8.070906088787819,0
0,0,0,65,1,1,1,1,0,1,0,0,1,1,89.85,5844.65,0,0,1,0,0,1,0,0,5,4,0,89.85,89.85,88.55530303030302,4.50920979484218,8.673453073882332,0
0,0,0,55,1,0,0,0,0,0,0,0,1,0,45.05,2462.6,0,0,0,0,0,0,0,1,1,4,0,45.05,0.0,43.975,3.829727762701316,7.809378973812888,0
0,1,1,71,1,1,1,1,1,1,1,1,2,0,86.85,6263.8,0,1,0,0,0,0,0,1,8,4,0,173.7,0.0,86.99722222222222,4.4756308146331065,8.742701943436728,0
0,0,0,35,1,1,1,1,1,1,0,0,0,1,96.75,3403.4,0,1,1,0,0,0,1,0,6,3,1,0.0,96.75,94.53888888888889,4.582413198865475,8.132823991602805,0
1,0,0,3,1,1,0,0,0,0,0,0,0,1,77.0,237.75,1,1,1,0,0,1,0,0,2,0,0,0.0,77.0,59.4375,4.356708826689592,5.47541697936084,1
0,0,1,11,1,0,0,0,0,0,0,0,0,0,20.1,221.35,1,0,0,1,1,0,0,1,1,1,0,0.0,0.0,18.445833333333333,3.0492730404820207,5.404252716956705,0
0,0,0,1,1,0,0,0,1,0,0,0,0,0,75.3,75.3,1,0,1,0,0,1,0,0,2,0,0,0.0,75.3,37.65,4.334672938290411,4.334672938290411,1
0,0,0,17,1,1,1,1,1,1,1,0,0,1,106.65,1672.1,0,1,1,0,0,0,0,1,7,2,1,0.0,106.65,92.89444444444445,4.678885223810372,7.422433472063617,0
0,1,0,72,1,1,1,0,1,1,1,1,2,1,110.15,7881.2,0,0,1,0,1,0,0,1,7,4,1,220.3,110.15,107.96164383561644,4.710880640410205,8.972362331703517,0
0,1,1,28,1,0,1,0,0,0,0,1,1,1,82.85,2320.8,0,0,1,0,0,0,0,1,3,3,0,82.85,82.85,80.02758620689656,4.429029488269218,7.750098025903935,0
0,1,0,18,1,0,0,0,0,0,0,0,2,0,20.1,370.5,0,0,0,1,0,0,1,0,1,2,0,40.2,0.0,19.5,3.0492730404820207,5.917548864157814,0
1,1,0,40,1,0,0,1,0,1,1,1,1,1,99.2,4062.2,1,0,1,0,1,0,0,1,5,4,1,99.2,99.2,99.0780487804878,4.607168188650764,8.309726119487035,0
0,0,0,52,1,0,0,0,1,0,0,1,0,1,59.45,3043.7,0,0,0,0,0,1,0,0,3,4,0,0.0,0.0,57.42830188679245,4.101816577060802,8.021157653122883,0
0,1,0,47,1,0,0,1,0,0,1,0,0,1,58.6,2723.4,0,0,0,0,0,0,0,1,3,4,0,0.0,0.0,56.737500000000004,4.087655574071304,7.910003499367163,0
0,0,0,23,1,0,0,0,1,0,0,0,0,0,49.7,1081.25,0,0,0,0,1,0,0,1,2,2,0,0.0,0.0,45.052083333333336,3.9259259105971376,6.98679748632209,0
0,1,1,66,1,0,1,1,1,1,0,0,2,0,65.85,4097.05,0,1,0,0,0,0,1,0,5,4,0,131.7,0.0,61.150000000000006,4.202451303547952,8.318266529798107,0
0,0,0,8,1,1,0,0,0,0,0,0,0,1,73.5,632.2,0,0,1,0,0,1,0,0,2,1,0,0.0,73.5,70.24444444444445,4.310799125385514,6.450786328006857,0
1,0,0,47,1,0,1,0,0,0,0,1,0,0,85.5,4042.3,1,1,1,0,0,0,1,0,3,4,0,0.0,85.5,84.21458333333334,4.460144413937834,8.304816469212922,0
0,0,0,7,1,0,0,0,0,0,0,0,0,0,20.05,164.85,1,0,0,1,0,0,1,0,1,1,0,0.0,0.0,20.60625,3.0469005601283903,5.111083765393062,0
0,1,1,71,1,1,1,1,1,1,1,1,2,0,113.65,8166.8,0,0,1,0,1,0,0,1,8,4,1,227.3,113.65,113.42777777777778,4.741884009303914,9.007954873746483,0
1,0,0,50,1,1,1,1,0,0,0,0,0,1,83.4,4113.7,0,0,1,0,0,1,0,0,4,4,0,0.0,83.4,80.66078431372549,4.4355674016019115,8.322321206443823,0
0,1,0,46,1,0,1,1,1,1,0,0,2,0,65.65,3047.15,0,1,0,0,0,0,1,0,5,4,0,131.3,0.0,64.83297872340425,4.199455046624718,8.022290128194062,0
0,0,0,1,1,0,0,0,0,0,0,0,0,0,70.4,70.4,1,1,1,0,0,1,0,0,1,0,0,0.0,70.4,35.2,4.268297869345539,4.268297869345539,1
0,0,0,66,0,0,1,0,1,1,1,1,2,1,61.35,4193.4,0,0,0,0,0,0,0,1,5,4,0,122.7,0.0,62.58805970149253,4.132763672126045,8.341505581258323,0
0,1,0,42,1,1,0,0,1,1,0,0,0,1,85.9,3729.75,0,0,1,0,1,0,0,1,4,4,0,0.0,85.9,86.73837209302326,4.464758032271346,8.224364564811577,0
0,0,0,5,1,0,0,0,0,1,0,0,0,1,75.65,399.45,0,0,1,0,0,0,1,0,2,0,0,0.0,75.65,66.575,4.339249605317823,5.992588914769692,1
0,1,1,7,1,0,1,0,0,0,0,0,1,1,49.75,331.3,1,1,0,0,0,1,0,0,2,1,0,49.75,0.0,41.4125,3.926911617921897,5.806038175360548,0
0,0,0,29,1,1,0,1,1,0,0,1,1,0,70.9,1964.6,0,1,0,0,1,0,0,1,5,3,0,70.9,0.0,65.48666666666666,4.275276264727001,7.583552821206969,0
0,1,1,27,1,0,0,1,0,0,0,0,0,0,49.85,1336.15,0,0,0,0,0,0,1,0,2,3,0,0.0,0.0,47.71964285714286,3.928880122494569,7.198295762282399,0
1,0,0,15,1,0,0,1,0,0,0,0,0,1,75.3,1147.45,1,0,1,0,1,0,0,1,2,2,0,0.0,75.3,71.715625,4.334672938290411,7.046168486135763,0
0,1,1,25,1,0,0,0,0,0,0,0,2,0,20.1,486.05,0,0,0,1,0,0,1,0,1,3,0,40.2,0.0,18.69423076923077,3.0492730404820207,6.188366787216965,0
0,1,0,11,1,1,0,0,0,0,1,1,0,1,94.0,1078.9,1,0,1,0,0,1,0,0,4,1,1,0.0,94.0,89.90833333333335,4.553876891600541,6.984623723238714,0
0,1,0,57,1,1,1,1,1,1,1,0,0,1,103.05,5925.75,0,1,1,0,0,1,0,0,7,4,1,0.0,103.05,102.16810344827586,4.644871552839644,8.687231281043342,0
0,0,0,67,1,1,1,1,1,1,1,1,1,1,118.35,7804.15,1,1,1,0,0,0,0,1,8,4,1,118.35,118.35,114.76691176470588,4.782060352784839,8.962539051214572,0
1,1,0,47,1,1,0,0,1,0,1,1,0,0,99.7,4747.2,0,0,1,0,0,1,0,0,5,4,1,0.0,99.7,98.89999999999999,4.612145799724517,8.465520877841568,0
0,0,0,13,1,0,0,0,0,0,1,0,0,1,81.9,1028.9,0,0,1,0,0,0,1,0,2,2,0,0.0,81.9,73.49285714285715,4.417635062141249,6.937216989131756,0
0,0,0,8,0,0,1,0,0,0,0,0,0,1,30.45,226.45,1,1,0,0,0,1,0,0,1,1,0,0.0,0.0,25.16111111111111,3.4483989831464497,5.426930434016013,0
0,1,0,44,1,1,0,0,0,0,1,1,0,1,96.1,4364.1,1,0,1,0,0,1,0,0,4,4,1,0.0,96.1,96.98,4.575741375297279,8.38139637751873,0
0,1,1,71,1,1,1,0,0,0,1,0,1,1,66.2,4692.55,0,1,0,0,0,1,0,0,4,4,0,66.2,0.0,65.17430555555556,4.207673247529104,8.45394450475109,0
1,1,0,24,1,1,0,1,1,0,1,1,0,1,104.25,2433.9,1,1,1,0,0,1,0,0,6,2,1,0.0,104.25,97.35600000000001,4.656338472562491,7.79766096691158,0
1,0,0,15,1,1,0,1,0,0,0,0,0,1,80.2,1217.25,1,1,1,0,0,1,0,0,3,2,0,0.0,80.2,76.078125,4.396915247167632,7.1051706817236155,0
0,0,0,1,1,0,0,0,0,0,0,0,0,0,19.75,19.75,0,0,0,1,0,1,0,0,1,0,0,0.0,0.0,9.875,3.0325462466767075,3.0325462466767075,1
1,0,0,2,1,1,0,0,0,0,0,0,0,1,72.6,154.3,0,1,1,0,0,0,1,0,2,0,0,0.0,72.6,51.43333333333334,4.298645025734831,5.045358730154642,1
1,0,0,55,1,1,1,1,1,1,1,1,0,1,116.5,6382.55,0,1,1,0,0,1,0,0,8,4,1,0.0,116.5,113.97410714285715,4.7664383335842135,8.761479647923393,0
1,0,0,71,1,1,0,1,0,1,1,1,2,1,106.8,7623.2,0,1,1,0,0,1,0,0,6,4,1,213.6,106.8,105.87777777777778,4.680277658474897,8.939082677938543,0
0,1,1,50,1,1,0,0,0,0,0,0,2,0,24.95,1261.45,0,1,0,1,0,0,1,0,2,4,0,49.9,0.0,24.734313725490196,3.2561716096118976,7.140809556404862,0
0,0,0,1,1,0,0,0,0,0,1,1,0,1,89.25,89.25,0,1,1,0,0,1,0,0,3,0,0,0.0,89.25,44.625,4.502583597212991,4.502583597212991,1
0,0,0,5,1,0,0,0,0,0,0,0,0,1,19.25,86.05,0,1,0,1,0,0,1,0,1,0,0,0.0,0.0,14.341666666666667,3.0081547935525483,4.466482666214198,1
0,0,0,66,1,1,1,1,1,1,1,0,1,1,104.55,6779.05,0,0,1,0,0,0,0,1,7,4,1,104.55,104.55,101.17985074626866,4.65918477429433,8.821739755538518,0
0,1,1,49,1,0,1,1,1,1,1,1,1,1,87.2,4345.0,0,0,0,0,0,0,1,0,7,4,0,87.2,0.0,86.9,4.4796069630127455,8.377011160816375,0
1,1,0,3,0,0,0,1,0,0,0,0,0,1,30.75,82.85,0,0,0,0,0,1,0,0,1,0,0,0.0,0.0,20.7125,3.457892725338701,4.429029488269218,1
0,1,1,66,1,1,0,0,0,0,0,0,1,1,25.7,1714.55,0,1,0,1,1,0,0,1,2,4,0,25.7,0.0,25.590298507462688,3.2846635654062037,7.447489007895335,0
0,0,1,11,1,1,0,0,0,0,0,1,0,0,86.2,893.2,0,1,1,0,0,1,0,0,3,1,0,0.0,86.2,74.43333333333334,4.468204330914934,6.79592946379988,0
0,0,0,28,0,0,0,0,0,1,0,0,0,1,30.1,810.85,0,1,0,0,1,0,0,1,1,3,0,0.0,0.0,27.96034482758621,3.4372078191851885,6.6993155940331235,0
0,1,0,65,1,1,1,1,1,0,1,0,2,1,99.35,6347.55,0,1,1,0,0,1,0,0,6,4,1,198.7,99.35,96.175,4.608664075242347,8.755981719355022,0
0,0,0,62,1,0,0,0,0,0,0,0,2,1,19.2,1123.65,0,0,0,1,1,0,0,1,1,4,0,38.4,0.0,17.835714285714285,3.005682604407159,7.025227155122308,0
0,1,0,2,1,0,0,0,0,0,0,0,0,0,20.1,43.15,0,0,0,1,0,0,0,1,1,0,0,0.0,0.0,14.383333333333333,3.0492730404820207,3.787592927049969,1
0,0,0,2,1,0,0,0,0,0,0,0,0,0,20.35,35.1,0,0,0,1,1,0,0,1,1,0,0,0.0,0.0,11.700000000000001,3.0610517396746335,3.586292865338835,1
0,1,1,55,1,1,0,0,0,0,0,0,2,1,25.65,1388.0,0,0,0,1,1,0,0,1,2,4,0,51.3,0.0,24.785714285714285,3.2827891506118534,7.236339342754344,0
1,1,0,41,1,0,0,1,0,0,1,1,0,1,94.55,3851.45,0,1,1,0,0,1,0,0,4,4,1,0.0,94.55,91.70119047619048,4.559649670686282,8.256464588524715,0
0,1,1,17,1,1,1,0,1,0,1,1,0,1,104.2,1743.5,1,0,1,0,0,1,0,0,6,2,1,0.0,104.2,96.86111111111111,4.65586330030361,7.464223260626829,0
0,0,0,30,1,0,0,0,0,1,1,1,1,1,94.4,2638.1,0,0,1,0,0,0,0,1,4,3,1,94.4,94.4,85.1,4.558078578454241,7.8781932289267385,0
0,0,0,17,1,0,1,1,0,0,0,0,1,0,56.1,946.95,0,1,0,0,0,0,1,0,3,2,0,56.1,0.0,52.608333333333334,4.044804116661965,6.854301758248047,0
0,1,1,16,1,0,1,1,0,1,0,1,2,0,68.25,1114.85,0,0,0,0,0,0,0,1,5,2,0,136.5,0.0,65.57941176470588,4.237723145067448,7.01737172530546,0
0,0,0,72,1,1,0,0,0,0,0,0,2,0,24.75,1777.6,0,1,0,1,0,0,0,1,2,4,0,49.5,0.0,24.350684931506848,3.248434627109745,7.48358181696554,0
0,0,0,9,1,1,0,0,0,0,0,0,0,1,76.25,684.85,0,1,1,0,0,1,0,0,2,1,0,0.0,76.25,68.485,4.347046915777855,6.530658944924416,0
0,0,0,1,1,0,0,1,0,0,0,0,0,0,74.35,74.35,0,0,1,0,0,1,0,0,2,0,0,0.0,74.35,37.175,4.3221439250725044,4.3221439250725044,1
0,0,1,23,1,0,0,1,0,1,0,0,0,0,54.15,1312.45,0,1,0,0,0,1,0,0,3,2,0,0.0,0.0,54.68541666666667,4.0100567456995115,7.180412542165808,0
0,0,1,8,1,0,0,0,0,0,0,0,0,0,19.45,159.2,0,1,0,1,0,0,0,1,1,1,0,0.0,0.0,17.688888888888886,3.017982882488811,5.076423034634259,0
0,1,1,19,0,0,1,1,0,0,0,0,0,1,34.95,610.2,0,1,0,0,0,0,1,0,2,2,0,0.0,0.0,30.51,3.5821290841670557,6.415424237852311,0
0,0,0,7,1,1,1,0,0,0,0,0,0,1,53.65,404.35,0,0,0,0,0,1,0,0,3,1,0,0.0,0.0,50.54375,4.000949214622548,6.004750891433717,0
1,0,0,1,1,0,0,0,0,0,0,0,0,1,69.65,69.65,1,1,1,0,0,1,0,0,1,0,0,0.0,69.65,34.825,4.257738109130536,4.257738109130536,1
0,0,0,61,1,1,1,0,1,0,1,1,1,0,104.0,6363.45,0,1,1,0,0,1,0,0,6,4,1,104.0,104.0,102.63629032258065,4.653960350157523,8.758483097202955,0
0,1,0,57,1,0,1,1,0,1,1,0,2,1,70.35,4124.65,0,0,0,0,1,0,0,1,5,4,0,140.7,0.0,71.11465517241379,4.267597343922845,8.324978862112602,0
0,0,0,9,1,0,0,0,0,0,0,1,0,1,80.8,713.1,1,1,1,0,0,1,0,0,2,1,0,0.0,80.8,71.31,4.404277243608702,6.5710230085550645,0
0,0,1,15,1,0,1,0,1,0,0,1,1,0,64.85,950.75,0,1,0,0,0,0,1,0,4,2,0,64.85,0.0,59.421875,4.18737942818929,6.858302395262607,0
0,0,0,1,1,0,0,0,0,0,0,0,0,0,19.65,19.65,0,0,0,1,0,0,1,0,1,0,0,0.0,0.0,9.825,3.027715319407042,3.027715319407042,1
0,1,0,12,1,0,0,0,0,0,0,0,0,0,45.9,505.95,0,0,0,0,0,0,0,1,1,1,0,0.0,0.0,38.919230769230765,3.8480176754522337,6.228412379398589,0
0,0,0,54,1,0,0,0,0,0,0,0,2,0,20.0,1149.65,0,1,0,1,0,0,1,0,1,4,0,40.0,0.0,20.902727272727276,3.044522437723423,7.048082279073415,0
0,1,1,4,1,0,0,0,0,0,0,0,0,0,44.8,169.65,0,1,0,0,0,1,0,0,1,0,0,0.0,0.0,33.93,3.824284091120139,5.139614675352716,1
0,0,0,7,1,0,0,0,0,0,1,0,0,1,80.3,526.7,1,0,1,0,0,0,1,0,2,1,0,0.0,80.3,65.8375,4.398146016553765,6.268527940411622,0
0,1,0,20,1,0,0,0,0,0,0,0,1,0,20.35,393.15,0,0,0,1,0,0,1,0,1,2,0,20.35,0.0,18.72142857142857,3.0610517396746335,5.976731547505917,0
0,0,1,26,0,0,1,0,0,1,0,1,0,0,45.8,1147.0,0,0,0,0,0,0,1,0,3,3,0,0.0,0.0,42.48148148148148,3.845883202923601,7.045776576879511,0
1,1,0,36,1,1,0,0,0,0,0,1,0,1,84.1,3021.6,1,1,1,0,0,1,0,0,3,3,0,0.0,84.1,81.66486486486487,4.443827035579329,8.01387266713602,0
0,1,0,53,1,1,0,1,1,1,1,1,1,1,108.95,5718.2,0,0,1,0,0,0,0,1,7,4,1,108.95,108.95,105.89259259259259,4.70002571700077,8.651584214452642,0
0,0,0,3,1,0,0,0,0,1,1,1,0,1,69.35,191.35,1,1,0,0,0,1,0,0,4,0,0,0.0,0.0,47.8375,4.253482783560398,5.259316629198304,1
0,0,0,68,0,0,1,1,1,1,1,1,2,0,64.35,4539.6,0,0,0,0,1,0,0,1,6,4,0,128.7,0.0,65.7913043478261,4.179757440070231,8.420814440893524,0
0,1,1,72,1,1,1,1,1,1,1,1,2,1,90.8,6397.6,0,1,0,0,1,0,0,1,8,4,1,181.6,0.0,87.63835616438357,4.519612297626445,8.763834495418493,0
0,0,0,12,1,1,0,0,0,0,0,0,1,0,24.95,280.4,0,1,0,1,1,0,0,1,2,1,0,24.95,0.0,21.569230769230767,3.2561716096118976,5.639777144680289,0
1,1,1,34,1,1,0,1,0,0,0,0,0,1,79.6,2718.3,1,0,1,0,0,0,1,0,3,3,0,0.0,79.6,77.66571428571429,4.389498649512583,7.908129773227916,0
0,1,0,68,1,1,1,1,0,0,0,0,2,1,84.7,5711.05,0,0,1,0,0,0,0,1,4,4,0,169.4,84.7,82.76884057971014,4.450852825603734,8.65033325748251,0
0,0,1,50,1,0,1,0,1,1,1,0,1,1,70.8,3478.15,0,0,0,0,1,0,0,1,5,4,0,70.8,0.0,68.19901960784314,4.273884476054178,8.154543290060365,0
1,0,0,1,0,0,0,0,0,0,1,0,0,1,36.45,36.45,1,0,0,0,0,1,0,0,1,0,0,0.0,0.0,18.225,3.6230067099632284,3.6230067099632284,1
1,0,0,41,1,1,0,1,1,0,1,1,0,1,104.4,4133.95,0,0,1,0,0,1,0,0,6,4,1,0.0,104.4,98.42738095238094,4.657762636107262,8.327230515486256,0
1,1,0,30,1,1,0,0,0,1,1,1,0,1,101.5,2917.65,0,1,1,0,0,1,0,0,5,3,1,0.0,101.5,94.11774193548388,4.629862798578463,7.9788764595883075,0
0,0,0,1,1,1,0,1,0,0,0,0,0,0,54.3,54.3,0,1,0,0,0,1,0,0,3,0,0,0.0,0.0,27.15,4.012772908528289,4.012772908528289,1
1,1,1,29,1,1,0,0,1,0,1,1,0,1,103.95,2964.8,0,1,1,0,0,1,0,0,5,3,1,0.0,103.95,98.82666666666667,4.653484046266642,7.994902089540969,0
0,1,1,23,1,1,1,1,1,1,1,1,2,1,91.1,2198.3,0,0,0,0,1,0,0,1,8,2,1,182.2,0.0,91.59583333333335,4.522874943261261,7.695894406897651,0
0,0,1,60,1,0,0,0,0,0,0,0,2,0,19.95,1189.9,0,1,0,1,0,0,1,0,1,4,0,39.9,0.0,19.50655737704918,3.0421386463681466,7.082464602773951,0
0,1,0,72,1,1,0,0,0,0,0,0,2,0,26.45,1914.5,0,0,0,1,1,0,0,1,2,4,0,52.9,0.0,26.226027397260275,3.3123661679555396,7.557733964140704,0
0,0,1,22,1,0,0,1,1,0,1,0,0,1,89.4,2001.5,1,1,1,0,0,1,0,0,4,2,0,0.0,89.4,87.02173913043478,4.504244267398131,7.602151678942514,0
0,0,0,72,1,0,1,1,1,1,1,0,2,1,75.1,5336.35,0,1,0,0,0,0,0,1,6,4,0,150.2,0.0,73.10068493150685,4.33204826486764,8.582484554097485,0
1,0,0,66,1,1,0,1,1,0,1,1,1,0,108.1,7238.6,0,0,1,0,0,0,0,1,6,4,1,108.1,108.1,108.03880597014926,4.692264892839025,8.887321235234717,0
0,1,0,72,1,1,0,1,1,1,1,1,2,1,110.15,7998.8,0,0,1,0,0,1,0,0,7,4,1,220.3,110.15,109.57260273972604,4.710880640410205,8.987171820349468,0
1,1,0,47,1,1,1,0,0,0,0,0,0,0,80.35,3825.85,1,0,1,0,0,1,0,0,3,4,0,0.0,80.35,79.70520833333333,4.3987608336650466,8.249797289465494,0
0,0,0,51,1,1,0,1,1,1,1,1,1,1,111.5,5703.25,0,0,1,0,0,1,0,0,7,4,1,111.5,111.5,109.67788461538461,4.722953221644475,8.64896679002568,0
0,1,1,70,1,1,0,1,1,0,1,1,1,1,106.5,7397.0,0,0,1,0,0,1,0,0,6,4,1,106.5,106.5,104.1830985915493,4.677490847567717,8.908964972392399,0
0,0,0,9,1,0,0,0,0,0,0,0,1,1,19.9,164.6,0,1,0,1,0,1,0,0,1,1,0,19.9,0.0,16.46,3.039749158970765,5.109575241951159,0
0,1,1,59,1,1,1,1,0,1,1,1,2,1,111.1,6555.2,0,1,1,0,0,0,1,0,7,4,1,222.2,111.1,109.25333333333333,4.719391330078114,8.788166445804755,0
0,0,1,3,1,0,0,0,0,1,1,1,0,0,70.7,225.65,0,1,0,0,0,0,1,0,4,0,0,0.0,0.0,56.4125,4.272490747605575,5.4234069773868585,1
1,1,0,38,0,0,0,0,0,0,0,0,0,1,24.85,955.75,0,1,0,0,0,1,0,0,0,4,0,0.0,0.0,24.506410256410255,3.2523106009544382,6.863542124305812,0
0,0,0,37,1,1,1,1,1,0,0,0,0,0,91.2,3382.3,0,0,1,0,0,0,0,1,5,4,1,0.0,91.2,89.0078947368421,4.523960130562548,8.12660684353654,0
0,0,0,37,1,0,1,1,1,1,0,0,2,0,65.6,2313.8,0,1,0,0,0,0,0,1,5,4,0,131.2,0.0,60.88947368421053,4.198704577546343,7.747078569699684,0
1,1,0,24,0,0,0,0,1,0,0,1,0,1,40.65,933.3,1,0,0,0,1,0,0,1,2,2,0,0.0,0.0,37.332,3.7293013686128518,6.83979758579891,0
0,1,1,14,1,0,1,1,0,1,0,0,0,0,59.45,780.85,0,0,0,0,0,0,0,1,4,2,0,0.0,0.0,52.056666666666665,4.101816577060802,6.66166290628952,0
0,1,0,72,1,1,1,1,0,1,1,1,2,1,109.95,7852.4,0,1,1,0,1,0,0,1,7,4,1,219.9,109.95,107.56712328767122,4.709079649378603,8.968701838025728,0
0,1,0,53,0,0,0,1,1,1,1,1,1,1,60.45,3184.25,1,1,0,0,0,1,0,0,5,4,0,60.45,0.0,58.967592592592595,4.118223836012044,8.06628605786149,0
0,1,0,8,1,1,0,0,0,0,0,1,0,1,84.9,764.95,1,0,1,0,0,1,0,0,3,1,0,0.0,84.9,84.99444444444445,4.45318382899021,6.6411168934587055,0
0,1,1,72,0,0,1,1,1,0,0,0,2,0,38.5,2763.0,0,1,0,0,1,0,0,1,3,4,0,77.0,0.0,37.84931506849315,3.676300671907076,7.92443418488756,0
1,1,0,17,1,1,0,0,0,0,1,1,0,1,92.55,1614.7,0,0,1,0,0,1,0,0,4,2,1,0.0,92.55,89.70555555555556,4.538496052720099,7.387523578282785,0
0,1,1,2,1,0,0,1,0,0,0,0,0,1,73.55,145.4,1,0,1,0,0,0,0,1,2,0,0,0.0,73.55,48.46666666666667,4.311470041210748,4.986342601527212,1
0,1,0,8,1,0,0,0,0,0,0,0,0,0,20.15,156.25,1,0,0,1,0,0,0,1,1,1,0,0.0,0.0,17.36111111111111,3.0516399054922867,5.05783689558055,0
0,1,0,48,0,0,0,1,1,0,0,0,1,0,34.7,1604.5,1,0,0,0,0,0,1,0,2,4,0,34.7,0.0,32.744897959183675,3.5751506887855933,7.381190513529568,0
0,0,0,10,1,1,0,0,0,0,0,0,0,1,24.5,270.15,0,0,0,1,0,0,1,0,2,1,0,0.0,0.0,24.55909090909091,3.2386784521643803,5.602672173287069,0
0,1,1,0,1,0,0,0,0,0,0,0,1,1,19.7,0.0,0,1,0,1,0,0,1,0,1,0,0,19.7,0.0,0.0,3.0301337002713233,0.0,1
0,0,0,1,1,0,0,0,0,0,0,0,0,0,20.6,20.6,0,1,0,1,0,0,1,0,1,0,0,0.0,0.0,10.3,3.0726933146901194,3.0726933146901194,1
0,0,0,29,1,0,1,0,1,1,0,0,1,0,58.0,1734.5,0,0,0,0,1,0,0,1,4,3,0,58.0,0.0,57.81666666666667,4.07753744390572,7.4590508353018405,0
1,1,1,65,1,1,0,1,1,0,1,1,1,1,107.45,7047.5,0,0,1,0,0,1,0,0,6,4,1,107.45,107.45,106.78030303030303,4.6862892372728835,8.86057010721098,0
0,0,0,8,1,1,1,1,1,0,0,0,0,1,65.5,573.15,0,0,0,0,0,0,0,1,5,1,0,0.0,0.0,63.68333333333333,4.197201947661808,6.3528906862221985,0
0,1,0,61,1,1,0,0,0,0,0,0,2,0,25.45,1538.6,0,1,0,1,0,0,0,1,2,4,0,50.9,0.0,24.816129032258065,3.2752561583043085,7.339277921409591,0
1,0,0,45,1,1,0,0,1,0,1,1,1,1,100.15,4459.8,0,0,1,0,0,0,0,1,5,4,1,100.15,100.15,96.95217391304348,4.6166045636137545,8.40308340112615,0
0,1,1,72,1,1,0,1,1,0,1,1,1,1,104.45,7459.0,0,1,1,0,1,0,0,1,6,4,1,104.45,104.45,102.17808219178082,4.658236906924784,8.917310693197807,0
0,1,1,12,1,0,0,0,0,0,0,0,0,1,21.15,306.05,0,1,0,1,0,1,0,0,1,1,0,0.0,0.0,23.542307692307695,3.0978374964911444,5.727010600775408,0
0,0,0,7,1,1,0,0,0,0,1,1,0,0,96.2,639.7,0,1,1,0,0,1,0,0,4,1,1,0.0,96.2,79.9625,4.576770711466393,6.462561328644976,0
0,0,0,9,1,0,0,0,0,0,0,0,0,1,44.4,348.15,0,1,0,0,0,0,1,0,1,1,0,0.0,0.0,34.815,3.8155121050473024,5.8555016292920445,0
1,1,0,43,1,1,0,0,1,1,1,1,1,1,107.55,4533.9,1,0,1,0,0,1,0,0,6,4,1,107.55,107.55,103.04318181818181,4.6872108963243,8.419558311589467,0
0,1,1,58,1,1,0,0,1,1,0,1,2,0,94.35,5563.65,0,1,1,0,0,0,0,1,5,4,1,188.7,94.35,94.29915254237288,4.557554332046428,8.62418936865003,0
1,1,0,16,1,1,0,0,1,0,1,1,0,1,98.75,1587.55,1,1,1,0,0,1,0,0,5,2,1,0.0,98.75,93.38529411764705,4.602667055769973,7.370576929449647,0
0,1,1,2,1,0,0,0,0,0,0,0,0,0,20.3,40.25,0,1,0,1,0,0,1,0,1,0,0,0.0,0.0,13.416666666666666,3.0587070727153796,3.71965111278069,1
0,1,0,8,1,0,0,1,1,0,1,1,0,0,101.15,842.9,1,0,1,0,0,1,0,0,5,1,1,0.0,101.15,93.65555555555555,4.626442321263631,6.738034004163921,0
0,1,0,40,1,1,1,0,1,0,1,1,1,0,105.75,4228.55,0,0,1,0,0,0,0,1,6,4,1,105.75,105.75,103.13536585365854,4.670489652108734,8.34985088340253,0
0,0,0,9,1,1,1,0,0,0,0,0,0,1,81.15,784.45,0,1,1,0,0,1,0,0,3,1,0,0.0,81.15,78.44500000000001,4.408546844483277,6.6662568019459485,0
0,0,0,41,1,0,0,1,0,1,1,0,1,1,89.55,3729.75,0,1,1,0,0,1,0,0,4,4,0,89.55,89.55,88.80357142857143,4.505902184329423,8.224364564811577,0
0,0,0,26,1,0,0,1,1,0,0,0,0,1,54.75,1406.9,0,0,0,0,1,0,0,1,3,3,0,0.0,0.0,52.10740740740741,4.020877410340228,7.249854511468482,0
0,1,0,33,1,0,0,1,0,1,0,0,1,1,53.75,1857.3,0,0,0,0,1,0,0,1,3,3,0,53.75,0.0,54.62647058823529,4.00277736869661,7.527417370279605,0
0,1,1,68,1,0,0,1,1,1,1,1,1,0,105.75,7322.5,0,1,1,0,1,0,0,1,6,4,1,105.75,105.75,106.1231884057971,4.670489652108734,8.898843634758363,0
1,1,0,65,1,0,0,1,1,1,1,1,2,1,105.85,6725.5,0,0,1,0,1,0,0,1,6,4,1,211.7,105.85,101.90151515151516,4.671425981765156,8.813810227925597,0
0,0,0,55,1,0,0,1,0,1,0,1,1,1,64.2,3627.3,0,1,0,0,0,1,0,0,4,4,0,64.2,0.0,64.77321428571429,4.177459468932607,8.196519498003813,0
0,0,0,20,1,1,0,0,1,0,1,0,0,1,88.7,1761.45,1,1,1,0,0,1,0,0,4,2,0,0.0,88.7,83.87857142857143,4.49647076906475,7.474460165489695,0
0,0,0,19,1,0,0,0,0,1,0,1,1,1,87.7,1725.95,0,1,1,0,1,0,0,1,3,2,0,87.7,87.7,86.2975,4.485259889315534,7.454112125787783,0
0,0,0,45,1,1,0,0,1,0,0,1,0,1,89.3,4192.15,0,0,1,0,1,0,0,1,4,4,0,0.0,89.3,91.1336956521739,4.5031374604229395,8.341207520439788,0
0,1,1,70,1,0,0,0,0,0,0,0,2,1,20.15,1411.2,0,0,0,1,1,0,0,1,1,4,0,40.3,0.0,19.87605633802817,3.0516399054922867,7.252904051082247,0
0,0,0,2,1,0,0,0,0,0,1,0,0,1,79.75,164.5,1,0,1,0,0,1,0,0,2,0,0,0.0,79.75,54.833333333333336,4.391357962102766,5.1089711948171175,1
0,0,0,27,1,1,0,0,0,0,1,1,0,1,94.55,2724.6,1,0,1,0,0,0,1,0,4,3,1,0.0,94.55,97.30714285714285,4.559649670686282,7.910443866346757,0
0,1,0,12,1,0,0,0,0,0,0,0,2,1,20.05,264.55,0,0,0,1,0,1,0,0,1,1,0,40.1,0.0,20.35,3.0469005601283903,5.581803146868408,0
0,0,1,72,0,0,1,1,1,1,1,1,2,0,67.2,4671.7,0,1,0,0,1,0,0,1,6,4,0,134.4,0.0,63.9958904109589,4.222444564849416,8.449492342051977,0
0,0,0,12,1,1,0,0,0,0,1,1,0,0,94.55,1173.55,0,1,1,0,0,1,0,0,4,1,1,0.0,94.55,90.27307692307691,4.559649670686282,7.068640374499775,0
1,0,0,5,1,0,0,0,0,0,0,0,0,1,69.05,318.5,1,0,1,0,0,0,1,0,1,0,0,0.0,69.05,53.083333333333336,4.249209272783016,5.766757273817589,1
1,1,0,71,1,1,1,1,1,0,1,1,0,1,107.5,7713.55,0,1,1,0,0,1,0,0,7,4,1,0.0,107.5,107.13263888888889,4.686750172980514,8.950863435163523,0
1,0,0,35,1,0,0,0,1,1,1,1,1,1,73.0,2471.25,0,1,0,0,0,1,0,0,5,3,0,73.0,0.0,68.64583333333333,4.30406509320417,7.8128839461501,0
0,1,1,70,1,1,1,1,1,1,1,1,2,0,114.75,7842.3,0,1,1,0,1,0,0,1,8,4,1,229.5,114.75,110.4549295774648,4.751432692966343,8.967414943150516,0
0,0,0,31,1,1,0,0,0,0,0,0,0,1,76.05,2227.8,0,0,1,0,0,1,0,0,2,3,0,0.0,76.05,69.61875,4.344454561766125,7.709218603025541,0
0,1,1,52,1,1,0,0,1,1,0,1,2,1,96.25,4990.25,1,1,1,0,0,0,0,1,5,4,1,192.5,96.25,94.15566037735849,4.577284982498556,8.515441658377432,0
1,0,0,37,1,1,0,0,1,0,1,1,0,1,101.1,3744.05,1,1,1,0,0,1,0,0,5,4,1,0.0,101.1,98.52763157894738,4.625952725170619,8.228190246997041,0
0,0,0,69,1,1,0,1,0,1,1,1,1,1,104.7,7220.35,1,1,1,0,0,0,0,1,6,4,1,104.7,104.7,103.14785714285715,4.660604892876192,8.884797195017596,0
1,1,0,30,1,1,0,0,0,0,0,0,0,0,77.9,2351.45,0,1,1,0,0,0,1,0,2,3,0,0.0,77.9,75.8532258064516,4.368181227851829,7.763212617248543,0
0,0,0,33,1,1,1,0,0,0,0,1,0,1,90.65,2989.6,0,0,1,0,0,1,0,0,4,3,1,0.0,90.65,87.92941176470588,4.517976974285714,8.003229315149744,0
1,1,0,54,1,1,0,1,1,1,1,1,2,1,110.45,6077.75,0,1,1,0,0,1,0,0,7,4,1,220.9,110.45,110.50454545454545,4.713576059831878,8.712554361717995,0
0,0,0,59,1,1,1,0,0,1,0,1,1,0,68.7,4070.95,0,0,0,0,0,0,0,1,5,4,0,68.7,0.0,67.84916666666666,4.244200317766478,8.311877279176583,0
1,0,0,55,0,0,1,1,0,0,1,0,0,1,44.85,2479.05,0,1,0,0,0,1,0,0,3,4,0,0.0,0.0,44.268750000000004,3.825375198702474,7.816034000246114,0
1,1,0,69,0,0,0,0,1,0,0,0,1,1,29.8,2134.3,0,1,0,0,1,0,0,1,1,4,0,29.8,0.0,30.490000000000002,3.427514689979529,7.6663624310138685,0
0,0,0,66,1,1,0,1,0,0,1,0,1,1,88.9,6000.1,0,0,1,0,0,0,0,1,4,4,0,88.9,88.9,89.55373134328359,4.498697941477575,8.699698064740023,0
0,1,1,37,1,0,1,0,1,1,0,0,1,1,58.75,2203.1,0,1,0,0,0,0,1,0,4,4,0,58.75,0.0,57.97631578947368,4.09016919081162,7.698074541294341,0
1,1,0,9,1,0,0,0,0,0,0,0,1,0,19.85,183.15,0,1,0,1,1,0,0,1,1,1,0,19.85,0.0,18.315,3.0373539482448106,5.2157506428910745,0
0,1,1,69,1,1,1,0,1,1,1,1,2,0,86.9,6194.1,0,1,0,0,0,0,0,1,7,4,0,173.8,0.0,88.48714285714286,4.476199804691132,8.731513935983001,0
0,0,0,10,1,0,0,1,0,0,1,0,0,1,59.65,638.95,0,1,0,0,0,0,1,0,3,1,0,0.0,0.0,58.08636363636364,4.105119635390059,6.4613900483018005,0
0,0,1,40,1,0,1,1,0,0,0,0,0,1,55.25,2139.2,1,1,0,0,0,0,1,0,3,4,0,0.0,0.0,52.17560975609756,4.029806041084529,7.668654561592901,0
0,0,1,13,1,0,0,0,0,0,1,1,0,0,66.4,831.75,0,1,0,0,1,0,0,1,3,2,0,0.0,0.0,59.410714285714285,4.210645017918261,6.724733477073789,0
0,0,0,6,1,1,0,1,0,0,1,0,0,1,90.1,521.3,1,0,1,0,0,1,0,0,4,0,1,0.0,90.1,74.47142857142856,4.511957804265912,6.258242135442253,1
0,1,1,69,1,0,0,0,0,0,0,0,2,0,20.15,1337.5,0,0,0,1,0,0,0,1,1,4,0,40.3,0.0,19.107142857142858,3.0516399054922867,7.199304862960407,0
1,1,0,66,1,1,0,1,1,1,1,1,1,1,108.1,7181.95,0,0,1,0,1,0,0,1,7,4,1,108.1,108.1,107.19328358208955,4.692264892839025,8.87946544117072,0
0,0,0,11,1,1,0,0,1,0,0,0,0,0,53.75,608.0,1,1,0,0,0,1,0,0,3,1,0,0.0,0.0,50.666666666666664,4.00277736869661,6.411818267709897,0
0,1,1,46,1,0,1,0,1,1,0,0,1,0,56.9,2560.1,0,1,0,0,0,0,1,0,4,4,0,56.9,0.0,54.47021276595744,4.05871738457895,7.84819213268437,0
0,0,0,6,1,0,0,0,0,0,1,1,0,0,89.3,577.6,1,0,1,0,0,1,0,0,3,0,0,0.0,89.3,82.51428571428572,4.5031374604229395,6.360611392542035,1
0,1,1,56,1,1,1,0,1,1,1,1,0,1,109.6,5953.0,0,0,1,0,0,0,1,0,7,4,1,0.0,109.6,104.43859649122807,4.7059200890882344,8.691818541575723,0
0,1,1,70,1,1,0,0,0,0,0,0,2,0,25.15,1790.15,0,1,0,1,1,0,0,1,2,4,0,50.3,0.0,25.213380281690142,3.263849190510932,7.490613150647503,0
0,1,1,33,1,1,0,0,1,1,1,1,1,1,79.15,2531.4,0,0,0,0,0,1,0,0,6,3,0,79.15,0.0,74.45294117647059,4.383899879055562,7.836922748669972,0
0,1,1,72,1,1,1,1,0,1,0,0,2,0,66.75,4760.3,0,0,0,0,1,0,0,1,5,4,0,133.5,0.0,65.2095890410959,4.21582445975981,8.468276019181623,0
0,1,0,3,1,1,0,0,0,0,1,1,0,1,95.2,292.85,1,0,1,0,0,1,0,0,4,0,1,0.0,95.2,73.2125,4.566429357671661,5.68306943305866,1
0,0,1,19,1,0,0,0,0,1,0,0,0,0,48.8,953.65,0,0,0,0,0,0,1,0,2,2,0,0.0,0.0,47.6825,3.9080149840306073,6.861344781159474,0
1,0,0,5,0,0,0,0,0,0,1,1,0,0,45.7,198.0,1,0,0,0,0,1,0,0,2,0,0,0.0,0.0,33.0,3.8437441646748516,5.293304824724492,1
0,1,0,71,1,0,0,1,1,1,1,1,2,1,80.7,5705.05,0,0,0,0,1,0,0,1,6,4,0,161.4,0.0,79.23680555555556,4.403054001865957,8.649282294440976,0
0,1,0,8,1,0,1,0,0,0,0,0,0,1,74.5,609.9,1,1,1,0,0,1,0,0,2,1,0,0.0,74.5,67.76666666666667,4.324132656254979,6.414933279655721,0
0,0,0,1,1,0,0,0,0,0,0,0,0,0,20.55,20.55,0,1,0,1,1,0,0,1,1,0,0,0.0,0.0,10.275,3.070375816549757,3.070375816549757,1
0,0,0,1,1,0,0,0,0,0,1,0,0,1,79.65,79.65,1,0,1,0,0,1,0,0,2,0,0,0.0,79.65,39.825,4.390118804571218,4.390118804571218,1
0,0,0,61,1,1,1,1,1,1,1,1,1,1,115.1,6993.65,0,0,1,0,0,0,1,0,8,4,1,115.1,115.1,112.8008064516129,4.754451888703846,8.852900850107938,0
0,1,1,71,0,0,1,1,0,1,1,1,2,0,59.7,4122.65,0,0,0,0,0,0,0,1,5,4,0,119.4,0.0,57.259027777777774,4.1059436980654525,8.324493972476102,0
0,1,0,68,1,1,0,1,1,0,0,0,1,0,86.45,5762.95,0,0,1,0,1,0,0,1,4,4,0,86.45,86.45,83.52101449275362,4.471067201464611,8.659378282550213,0
0,0,0,46,0,0,0,0,1,1,0,0,1,0,33.7,1537.85,0,1,0,0,1,0,0,1,2,4,0,33.7,0.0,32.72021276595744,3.5467396869528134,7.338790663201832,0
0,0,0,33,1,1,1,0,0,0,0,0,1,0,80.1,2603.3,0,1,1,0,0,0,0,1,3,3,0,80.1,80.1,76.56764705882354,4.395682961121367,7.864919204065872,0
0,1,1,53,1,1,1,1,1,1,0,1,2,1,104.05,5566.4,0,0,1,0,0,0,0,1,7,4,1,208.1,104.05,103.08148148148148,4.654436427291009,8.624683437587189,0
1,1,0,50,1,1,1,1,1,0,1,1,0,0,108.75,5431.9,0,0,1,0,0,0,0,1,7,4,1,0.0,108.75,106.5078431372549,4.698205051955281,8.60022834034495,0
0,0,0,57,0,0,1,0,1,1,0,0,1,1,41.1,2258.25,0,0,0,0,1,0,0,1,3,4,0,41.1,0.0,38.935344827586206,3.7400477406883357,7.722788178782065,0
0,1,1,54,1,0,0,0,0,0,0,0,2,1,20.35,1092.35,0,0,0,1,0,0,0,1,1,4,0,40.7,0.0,19.86090909090909,3.0610517396746335,6.997001656496332,0
1,1,0,60,1,1,0,1,1,0,1,1,0,1,105.9,6401.25,0,0,1,0,0,1,0,0,6,4,1,0.0,105.9,104.93852459016394,4.671893818030999,8.764404770064148,0
1,1,0,28,1,1,0,0,0,1,1,1,0,1,101.3,2812.2,1,0,1,0,1,0,0,1,5,3,1,0.0,101.3,96.97241379310344,4.627909672957581,7.942077904433863,0
0,1,1,1,1,0,0,0,0,0,1,0,0,1,80.05,80.05,1,0,1,0,0,0,1,0,2,0,0,0.0,80.05,40.025,4.395066248181685,4.395066248181685,1
0,1,1,29,1,1,0,0,1,0,0,1,0,1,89.2,2698.35,1,1,1,0,0,1,0,0,4,3,0,0.0,89.2,89.945,4.502029427068578,7.900766282268976,0
0,1,1,10,1,0,0,1,0,1,0,1,0,1,65.5,616.9,0,0,0,0,0,1,0,0,4,1,0,0.0,0.0,56.08181818181818,4.197201947661808,6.426326632066933,0
0,0,1,43,0,0,1,1,1,0,0,0,0,1,40.45,1912.85,0,1,0,0,0,1,0,0,3,4,0,0.0,0.0,43.47386363636363,3.724487881581304,7.556872199035862,0
1,1,0,13,1,0,0,0,0,0,0,0,0,0,70.45,849.1,0,1,1,0,0,0,0,1,1,2,0,0.0,70.45,60.65,4.268997904375876,6.745353989623313,0
0,1,0,43,1,0,1,0,1,1,1,1,2,1,78.8,3460.3,0,0,0,0,0,1,0,0,6,4,0,157.6,0.0,78.64318181818182,4.379523504455763,8.149399520029084,0
0,1,1,19,1,1,0,0,0,0,0,1,0,1,83.65,1465.75,1,1,1,0,0,1,0,0,3,2,0,0.0,83.65,73.2875,4.438525108579144,7.290804347805969,0
0,1,1,1,1,0,0,0,0,0,1,1,0,1,90.1,90.1,0,1,1,0,0,1,0,0,3,0,1,0.0,90.1,45.05,4.511957804265912,4.511957804265912,1
0,0,0,69,1,0,1,0,1,1,1,1,2,1,82.45,5555.3,0,0,0,0,1,0,0,1,6,4,0,164.9,0.0,79.36142857142858,4.424247650107844,8.622687698096867,0
0,1,0,61,1,0,0,0,0,0,0,0,2,0,20.25,1278.8,0,0,0,1,1,0,0,1,1,4,0,40.5,0.0,20.625806451612902,3.056356895370426,7.15445909470536,0
0,1,0,43,1,1,1,1,0,1,0,0,0,0,66.25,2907.35,0,1,0,0,0,0,0,1,5,4,0,0.0,0.0,66.07613636363637,4.208417018481948,7.975341189045124,0
0,1,0,6,1,0,0,0,0,0,0,0,0,0,19.5,146.3,1,0,0,1,0,0,0,1,1,0,0,0.0,0.0,20.900000000000002,3.0204248861443626,4.9924713234685845,1
0,0,0,1,1,0,0,0,0,1,0,0,0,0,51.25,51.25,1,1,0,0,0,0,1,0,2,0,0,0.0,0.0,25.625,3.9560398908449206,3.9560398908449206,1
0,1,0,56,1,0,0,0,0,0,1,1,0,0,89.7,4952.95,0,1,1,0,0,0,1,0,3,4,0,0.0,89.7,86.8938596491228,4.507557357121091,8.507940517144112,0
0,1,0,70,0,0,1,1,1,1,1,1,2,0,64.55,4504.9,0,0,0,0,0,0,0,1,6,4,0,129.1,0.0,63.44929577464788,4.182813210209709,8.413142928113883,0
0,0,0,1,1,0,0,0,0,0,0,0,0,1,45.6,45.6,1,1,0,0,0,1,0,0,1,0,0,0.0,0.0,22.8,3.8416005411316,3.8416005411316,1
0,1,1,49,1,1,0,1,1,0,1,0,1,1,93.65,4520.15,0,1,1,0,0,1,0,0,5,4,1,93.65,93.65,90.40299999999999,4.550185877655332,8.416521665244543,0
0,0,0,6,1,0,0,0,0,1,0,0,0,1,49.65,267.35,1,0,0,0,0,0,0,1,2,0,0,0.0,0.0,38.19285714285714,3.9249392306946924,5.592292098622838,1
0,1,1,32,1,0,1,1,1,1,0,1,2,0,73.6,2316.85,0,0,0,0,0,0,1,0,6,3,0,147.2,0.0,70.20757575757575,4.312140507209715,7.748395310848131,0
1,1,0,72,1,1,1,0,1,1,1,1,2,1,109.75,8075.35,0,0,1,0,0,0,1,0,7,4,1,219.5,109.75,110.62123287671233,4.707275408925245,8.996695316779933,0
0,0,1,37,1,0,1,1,0,1,0,0,2,0,61.45,2302.35,0,1,0,0,1,0,0,1,4,4,0,122.9,0.0,60.58815789473684,4.134366236571586,7.742119863957441,0
0,1,0,69,1,0,1,1,0,1,1,1,1,1,106.4,7251.9,0,0,1,0,1,0,0,1,6,4,1,106.4,106.4,103.59857142857142,4.676560182074764,8.889156667870047,0
0,1,0,26,1,0,0,1,1,1,1,1,0,0,81.9,2078.55,0,0,0,0,0,0,0,1,6,3,0,0.0,0.0,76.98333333333333,4.417635062141249,7.639906803135313,0
0,1,1,58,1,1,0,1,1,0,1,1,1,1,105.2,6225.4,0,0,1,0,1,0,0,1,6,4,1,105.2,105.2,105.51525423728813,4.665324108807838,8.736553595645178,0
0,0,0,24,1,1,0,0,0,1,0,0,1,0,54.6,1242.25,0,1,0,0,0,0,0,1,3,2,0,54.6,0.0,49.69,4.018183201256536,7.125484197594848,0
0,1,1,5,1,0,0,0,0,0,0,0,1,0,20.55,99.45,0,1,0,1,0,1,0,0,1,0,0,20.55,0.0,16.575,3.070375816549757,4.609660091260944,1
0,1,1,15,1,0,0,0,0,0,0,0,0,1,20.0,288.05,1,1,0,1,0,1,0,0,1,2,0,0.0,0.0,18.003125,3.044522437723423,5.666599683528485,0
0,1,1,30,1,0,0,0,0,0,0,0,2,0,19.7,599.25,0,0,0,1,0,0,1,0,1,3,0,39.4,0.0,19.330645161290324,3.0301337002713233,6.397346235101363,0
0,1,0,55,1,1,1,1,0,1,0,0,1,1,66.05,3462.1,0,0,0,0,1,0,0,1,5,4,0,66.05,0.0,61.823214285714286,4.205438609727688,8.149919420682004,0
0,1,0,25,0,0,0,0,0,0,1,0,0,1,34.0,853.0,1,0,0,0,0,0,0,1,1,3,0,0.0,0.0,32.80769230769231,3.5553480614894135,6.74993119378857,0
1,1,0,10,1,0,0,1,1,1,1,0,0,1,92.5,934.1,1,1,1,0,0,0,1,0,5,1,1,0.0,92.5,84.91818181818182,4.537961436294641,6.8406534754414015,0
0,1,1,44,0,0,1,1,1,1,0,1,2,1,54.05,2375.2,0,1,0,0,1,0,0,1,5,4,0,108.1,0.0,52.78222222222222,4.008241863168689,7.773257852024187,0
0,0,0,47,1,0,1,1,0,1,0,0,1,1,58.9,2813.05,0,0,0,0,0,0,1,0,4,4,0,58.9,0.0,58.60520833333334,4.092676505121403,7.942380005817831,0
0,1,1,13,1,0,0,0,0,0,1,1,0,0,88.35,1222.8,1,0,1,0,0,1,0,0,3,2,0,0.0,88.35,87.34285714285714,4.492561241605437,7.10971605102844,0
0,1,1,49,1,1,0,1,1,1,1,1,2,1,107.95,5293.2,1,0,1,0,0,0,0,1,7,4,1,215.9,107.95,105.86399999999999,4.690889061390629,8.574367160690755,0
0,1,0,64,1,0,1,0,0,1,1,1,1,1,96.9,6314.35,0,0,1,0,0,0,1,0,5,4,1,96.9,96.9,97.14384615384616,4.583946549536464,8.750738456843377,0
0,0,0,1,1,0,0,0,0,0,0,0,0,0,19.1,19.1,0,1,0,1,0,0,1,0,1,0,0,0.0,0.0,9.55,3.0007198150650303,3.0007198150650303,1
0,0,0,20,1,0,0,0,0,1,0,0,0,0,50.0,1003.05,0,1,0,0,0,0,1,0,2,2,0,0.0,0.0,47.76428571428571,3.9318256327243257,6.911797099808469,0
0,1,0,37,0,0,1,0,0,1,1,0,2,0,45.4,1593.1,0,0,0,0,0,1,0,0,3,4,0,90.8,0.0,41.92368421052631,3.8372994592322094,7.374064592639601,0
0,1,1,30,1,1,0,0,0,0,1,0,0,0,85.45,2509.95,0,1,1,0,0,1,0,0,3,3,0,0.0,85.45,80.96612903225805,4.4595662121293,7.828416446573827,0
0,0,0,38,1,1,1,1,1,0,1,1,1,0,84.1,3187.65,0,0,0,0,0,0,0,1,7,4,0,84.1,0.0,81.73461538461538,4.443827035579329,8.067352908713396,0
1,0,0,1,1,1,0,0,0,0,0,0,0,1,74.45,74.45,1,0,1,0,0,0,1,0,2,0,0,0.0,74.45,37.225,4.323470185213858,4.323470185213858,1
0,0,0,37,1,0,0,0,0,0,1,1,0,1,64.75,2345.2,1,0,0,0,0,1,0,0,3,4,0,0.0,0.0,61.715789473684204,4.185859671057874,7.7605522770716195,0
0,1,0,52,0,0,1,1,1,1,1,1,2,0,66.25,3330.1,0,0,0,0,1,0,0,1,6,4,0,132.5,0.0,62.83207547169811,4.208417018481948,8.111057858757768,0
0,0,1,71,1,0,1,1,1,1,1,0,2,1,76.9,5522.7,0,1,0,0,1,0,0,1,6,4,0,153.8,0.0,76.70416666666667,4.355425952876702,8.616803204582302,0
0,0,0,26,1,0,0,1,1,0,1,0,0,0,89.8,2335.3,1,1,1,0,0,1,0,0,4,3,0,0.0,89.8,86.4925925925926,4.508659285607248,7.756323760359912,0
0,0,0,66,1,1,1,1,1,0,0,1,2,1,74.6,4798.4,0,1,0,0,1,0,0,1,6,4,0,149.2,0.0,71.61791044776119,4.3254562831854875,8.476246189082831,0
0,1,0,72,1,1,1,1,1,1,1,1,2,1,116.95,8594.4,0,1,1,0,1,0,0,1,8,4,1,233.9,116.95,117.73150684931507,4.770260805853684,9.05898245541934,0
0,0,1,25,0,0,1,0,0,0,1,0,1,1,40.65,970.55,0,1,0,0,1,0,0,1,2,3,0,40.65,0.0,37.32884615384615,3.7293013686128518,6.878892734297036,0
0,1,1,69,1,1,1,1,1,1,1,1,2,1,114.35,7665.8,0,1,1,0,0,0,0,1,8,4,1,228.7,114.35,109.51142857142857,4.747970984619762,8.944654597396298,0
0,1,1,53,1,1,1,1,0,0,0,1,2,0,69.7,3686.05,0,1,0,0,0,0,0,1,5,4,0,139.4,0.0,68.2601851851852,4.258445572902527,8.212581959303028,0
0,0,0,12,1,0,0,0,1,0,1,1,1,0,95.5,1115.15,1,0,1,0,0,0,1,0,4,1,1,95.5,95.5,85.78076923076924,4.56954300834494,7.01764054251138,0
0,0,0,26,1,0,0,0,1,1,1,1,0,1,98.65,2537.0,0,1,1,0,0,1,0,0,5,3,1,0.0,98.65,93.96296296296296,4.6016640466588035,7.839131648274333,0
0,0,0,21,1,0,0,0,1,0,0,1,0,0,61.65,1393.6,0,1,0,0,0,0,1,0,3,2,0,0.0,0.0,63.345454545454544,4.137563681342077,7.24036291478691,0
0,0,1,1,1,0,0,0,0,0,1,1,0,1,89.35,89.35,0,0,1,0,0,1,0,0,3,0,0,0.0,89.35,44.675,4.503691017038237,4.503691017038237,1
0,0,0,48,1,1,1,0,0,1,0,1,0,1,95.4,4445.3,0,1,1,0,0,1,0,0,5,4,1,0.0,95.4,90.7204081632653,4.5685062016165,8.399827568630979,0
0,1,0,26,0,0,1,0,1,0,0,0,1,0,35.4,978.6,0,0,0,0,1,0,0,1,2,3,0,35.4,0.0,36.24444444444445,3.594568774642695,6.887144325078013,0
0,1,0,60,1,0,0,0,0,0,0,0,2,0,19.95,1258.15,0,1,0,1,0,0,1,0,1,4,0,39.9,0.0,20.625409836065575,3.0421386463681466,7.138192169123812,0
0,0,0,18,1,0,0,0,0,0,0,0,0,0,19.25,331.35,0,1,0,1,0,0,1,0,1,2,0,0.0,0.0,17.439473684210526,3.0081547935525483,5.806188630487591,0
1,0,0,10,0,0,0,0,0,1,0,0,0,1,29.65,291.4,1,0,0,0,0,1,0,0,1,1,0,0.0,0.0,26.49090909090909,3.4226326623822203,5.678122727875623,0
0,1,1,5,1,1,1,0,1,0,0,0,0,1,84.5,453.75,1,1,1,0,0,1,0,0,4,0,0,0.0,84.5,75.625,4.448516375942715,6.119747817398232,1
0,0,1,4,1,0,0,0,0,0,0,0,1,1,20.4,84.75,0,0,0,1,0,0,1,0,1,0,0,20.4,0.0,16.95,3.0633909220278057,4.45143608604605,1
0,1,1,65,1,1,0,0,0,0,0,0,2,0,24.75,1715.1,0,1,0,1,1,0,0,1,2,4,0,49.5,0.0,25.986363636363635,3.248434627109745,7.447809553408257,0
0,1,1,70,1,1,0,0,0,0,0,0,2,0,25.35,1715.15,0,1,0,1,0,0,1,0,2,4,0,50.7,0.0,24.157042253521126,3.2714682749873716,7.447838688815063,0
0,0,0,18,1,1,0,0,1,0,0,1,0,1,90.7,1597.25,1,1,1,0,1,0,0,1,4,2,1,0.0,90.7,84.0657894736842,4.51852237926242,7.376664559646836,0
0,0,1,62,1,0,0,0,0,0,0,0,2,0,20.0,1250.1,0,1,0,1,0,0,0,1,1,4,0,40.0,0.0,19.84285714285714,3.044522437723423,7.131778443323355,0
0,1,1,66,1,0,1,0,0,0,1,0,2,1,59.75,3996.8,0,0,0,0,0,1,0,0,3,4,0,119.5,0.0,59.65373134328358,4.1067670822206574,8.293499488796547,0
0,1,1,65,1,1,1,1,0,1,1,1,2,1,82.5,5215.1,0,0,0,0,0,0,0,1,7,4,0,165.0,0.0,79.01666666666667,4.42484663185681,8.559505275201854,0
1,0,0,3,1,0,0,0,0,0,0,0,0,1,70.3,235.5,1,0,1,0,0,1,0,0,1,0,0,0.0,70.3,58.875,4.26689632742025,5.465948207931988,1
0,0,0,34,1,0,0,0,0,0,0,0,0,0,20.35,673.2,0,0,0,1,0,0,1,0,1,3,0,0.0,0.0,19.234285714285715,3.0610517396746335,6.51352680279996,0
0,1,1,16,1,1,0,0,1,0,1,0,0,1,90.8,1442.2,0,1,1,0,0,0,0,1,4,2,1,0.0,90.8,84.83529411764707,4.519612297626445,7.274618149308359,0
0,0,0,54,1,1,1,0,1,0,1,1,1,1,103.95,5639.05,1,0,1,0,0,0,0,1,6,4,1,103.95,103.95,102.52818181818182,4.653484046266642,8.637648209701036,0
1,0,0,50,1,1,0,0,1,1,1,1,0,1,104.95,5222.35,0,0,1,0,0,1,0,0,6,4,1,0.0,104.95,102.39901960784314,4.662967284714308,8.560894237487332,0
0,1,0,71,1,0,0,1,1,1,1,1,2,1,105.25,7291.75,0,1,1,0,0,1,0,0,6,4,1,210.5,105.25,101.27430555555556,4.665794807804526,8.894635982950636,0
0,0,0,10,1,1,0,0,0,0,0,0,0,1,74.75,799.65,1,0,1,0,0,1,0,0,2,1,0,0.0,74.75,72.69545454545454,4.327438444389479,6.6854238977684854,0
0,0,0,1,1,0,0,0,0,1,0,0,0,1,50.8,50.8,1,0,0,0,0,1,0,0,2,0,0,0.0,0.0,25.4,3.9473901492654373,3.9473901492654373,1
0,0,0,18,1,1,0,0,0,0,0,0,1,0,23.75,424.5,0,1,0,1,0,0,1,0,2,2,0,23.75,0.0,22.342105263157894,3.2088254890146994,6.053264948013429,0
0,0,0,4,1,0,0,0,0,1,1,0,0,1,61.3,249.4,0,1,0,0,0,1,0,0,3,0,0,0.0,0.0,49.88,4.131961425793407,5.523059639225943,1
0,1,1,58,1,1,1,0,1,1,1,0,2,0,75.8,4415.75,0,0,0,0,0,0,1,0,6,4,0,151.6,0.0,74.84322033898304,4.341204640153626,8.39315941049279,0
0,1,0,56,1,1,1,0,0,0,1,1,1,1,98.0,5270.6,0,0,1,0,0,1,0,0,5,4,1,98.0,98.0,92.46666666666667,4.59511985013459,8.570089200769734,0
0,0,0,2,1,0,0,0,0,0,1,0,0,1,80.25,144.55,1,1,1,0,0,1,0,0,2,0,0,0.0,80.25,48.18333333333334,4.3975308212098465,4.980519670191632,1
0,1,0,32,1,1,0,0,1,0,0,0,0,1,78.9,2447.95,1,1,1,0,0,1,0,0,3,3,0,0.0,78.9,74.18030303030302,4.380775852772229,7.803414640247219,0
0,1,1,56,0,0,1,1,0,1,1,0,1,1,52.0,2884.9,0,1,0,0,0,0,1,0,4,4,0,52.0,0.0,50.612280701754386,3.970291913552122,7.96759208869884,0
0,0,0,36,1,1,0,0,0,0,0,1,0,1,84.75,3050.15,1,1,1,0,0,1,0,0,3,3,0,0.0,84.75,82.43648648648649,4.45143608604605,8.023273847716606,0
0,0,0,4,1,1,0,0,0,1,1,0,0,1,64.4,253.0,0,0,0,0,0,0,1,0,4,0,0,0.0,0.0,50.6,4.180522258463153,5.537334267018537,1
0,0,0,53,1,1,0,0,0,0,1,0,0,0,85.45,4517.25,1,1,1,0,0,0,0,1,3,4,0,0.0,85.45,83.65277777777777,4.4595662121293,8.415880029715748,0
0,0,0,10,1,0,0,0,0,0,0,0,0,1,45.8,436.2,0,1,0,0,1,0,0,1,1,1,0,0.0,0.0,39.654545454545456,3.845883202923601,6.080390756302384,0
0,0,0,4,0,0,0,0,0,1,0,0,0,0,30.5,118.4,0,1,0,0,0,1,0,0,1,0,0,0.0,0.0,23.68,3.449987545831587,4.782479200958502,1
0,1,1,1,1,0,0,0,0,0,0,0,0,0,19.9,19.9,1,1,0,1,0,0,1,0,1,0,0,0.0,0.0,9.95,3.039749158970765,3.039749158970765,1
0,1,0,51,1,0,0,0,0,0,0,0,0,0,69.15,3649.6,0,0,1,0,0,0,1,0,1,4,0,0.0,69.15,70.18461538461538,4.25063580654847,8.202646816628684,0
1,0,0,12,1,1,0,0,1,0,1,1,0,1,99.45,1200.15,1,1,1,0,0,1,0,0,5,1,1,0.0,99.45,92.31923076923077,4.609660091260944,7.091034710201204,0
0,0,0,6,0,0,0,0,0,1,1,1,1,1,49.25,255.6,0,0,0,0,0,0,1,0,3,0,0,49.25,0.0,36.51428571428571,3.917010546939185,5.547518452181536,1
0,1,1,63,0,0,0,1,1,1,0,0,2,0,39.35,2395.05,0,1,0,0,0,0,0,1,3,4,0,78.7,0.0,37.42265625,3.6975913947159578,7.7815768271311265,0
0,0,0,1,1,0,0,0,0,0,0,0,0,1,70.6,70.6,1,0,1,0,0,1,0,0,1,0,0,0.0,70.6,35.3,4.2710950739666,4.2710950739666,1
0,1,0,48,1,1,0,1,0,1,1,1,0,1,105.1,5083.55,0,0,1,0,1,0,0,1,6,4,1,0.0,105.1,103.74591836734695,4.664382045619937,8.533961808991474,0
0,0,0,5,1,0,0,0,0,0,1,0,0,1,81.0,389.6,1,0,1,0,1,0,0,1,2,0,0,0.0,81.0,64.93333333333334,4.406719247264253,5.967684018442578,1
0,0,1,35,1,0,0,0,0,0,0,0,1,1,20.1,644.5,0,0,0,1,1,0,0,1,1,3,0,20.1,0.0,17.90277777777778,3.0492730404820207,6.470025210286697,0
0,0,0,6,1,0,0,1,0,0,1,0,0,1,84.85,523.5,1,1,1,0,0,1,0,0,3,0,0,0.0,84.85,74.78571428571429,4.4526015873434845,6.262445427836352,1
0,0,0,2,1,0,0,0,0,0,0,0,0,0,19.75,39.3,0,1,0,1,0,0,1,0,1,0,0,0.0,0.0,13.1,3.0325462466767075,3.696351468952637,1
0,0,0,50,1,0,0,0,0,0,0,0,1,0,19.75,989.05,0,0,0,1,0,0,0,1,1,4,0,19.75,0.0,19.39313725490196,3.0325462466767075,6.897755446903804,0
0,0,0,33,1,0,0,0,0,0,0,0,0,1,70.4,2406.1,0,0,1,0,0,0,0,1,1,3,0,0.0,70.4,70.76764705882353,4.268297869345539,7.786177982412396,0
0,0,0,31,1,0,0,0,0,0,0,0,2,0,20.45,638.55,0,1,0,1,0,0,1,0,1,3,0,40.9,0.0,19.9546875,3.065724645374026,6.460764804045402,0
0,1,1,9,1,0,0,0,0,0,0,0,2,0,20.35,191.1,0,0,0,1,0,0,1,0,1,1,0,40.7,0.0,19.11,3.0610517396746335,5.258016069774511,0
0,1,1,54,1,1,0,1,1,1,1,1,0,1,86.2,4524.05,0,0,0,0,0,1,0,0,7,4,0,0.0,0.0,82.25545454545455,4.468204330914934,8.417383905796736,0
0,0,0,46,1,0,1,1,1,0,1,0,1,1,95.65,4664.2,0,0,1,0,1,0,0,1,5,4,1,95.65,95.65,99.23829787234042,4.57109620565434,8.447885984816894,0
0,0,1,34,1,1,1,1,0,0,1,1,1,1,103.8,3470.8,0,1,1,0,0,1,0,0,6,3,1,103.8,103.8,99.16571428571429,4.6520537718869415,8.15242847043445,0
0,1,1,71,1,1,1,0,0,0,1,1,2,1,97.2,6910.3,0,1,1,0,0,1,0,0,5,4,1,194.4,97.2,95.97638888888889,4.58700621536042,8.840913032207272,0
0,1,1,63,1,0,1,1,1,1,0,0,2,0,63.55,4014.2,0,0,0,0,0,0,1,0,5,4,0,127.1,0.0,62.721875,4.167440117292651,8.297842438340723,0
0,0,0,51,1,1,0,0,0,0,0,0,2,0,24.95,1288.0,0,0,0,1,0,0,0,1,2,4,0,49.9,0.0,24.76923076923077,3.2561716096118976,7.161622002939187,0
1,0,0,26,1,1,0,1,0,0,1,0,0,1,89.15,2277.65,1,0,1,0,0,1,0,0,4,3,0,0.0,89.15,84.35740740740741,4.501474949649326,7.731338441321782,0
0,1,0,64,1,0,1,0,1,0,1,1,2,1,99.0,6375.8,0,0,1,0,0,0,0,1,5,4,1,198.0,99.0,98.08923076923077,4.605170185988092,8.760421683113714,0
1,1,0,1,0,0,0,0,0,0,0,0,0,1,24.8,24.8,1,0,0,0,0,1,0,0,0,0,0,0.0,0.0,12.4,3.250374491927572,3.250374491927572,1
1,1,0,61,1,1,0,1,0,1,0,0,1,1,85.55,5251.75,0,1,1,0,0,0,0,1,4,4,0,85.55,85.55,84.70564516129032,4.4607222816222185,8.566507027969159,0
0,0,0,15,1,0,0,0,1,0,1,1,0,1,94.0,1505.45,0,0,1,0,1,0,0,1,4,2,1,0.0,94.0,94.090625,4.553876891600541,7.317511168507457,0
0,0,0,64,1,1,0,1,0,1,1,1,1,1,105.65,6903.1,1,1,1,0,1,0,0,1,6,4,1,105.65,105.65,106.20153846153846,4.669552444917359,8.83987071701526,0
0,0,0,18,1,1,0,0,0,0,0,0,0,1,50.3,913.3,0,0,0,0,0,1,0,0,2,2,0,0.0,0.0,48.06842105263158,3.937690752176724,6.818158745170381,0
0,1,1,57,1,0,0,1,0,0,1,1,1,1,95.0,5535.8,0,0,1,0,0,1,0,0,4,4,1,95.0,95.0,95.4448275862069,4.564348191467836,8.619171995527653,0
0,1,1,14,1,0,1,1,0,0,0,1,2,1,61.4,815.55,0,1,0,0,0,0,0,1,4,2,0,122.8,0.0,54.37,4.133565275375382,6.705088147522752,0
1,0,0,18,1,1,0,1,0,0,0,0,0,1,80.55,1411.65,0,1,1,0,1,0,0,1,3,2,0,0.0,80.55,74.29736842105264,4.401216329067023,7.253222652072605,0
1,1,0,72,1,1,1,0,0,0,0,0,2,0,78.5,5602.25,0,0,1,0,0,0,0,1,3,4,0,157.0,78.5,76.7431506849315,4.375757021660286,8.63110206552402,0
0,1,0,70,1,1,1,1,1,1,1,1,2,0,114.3,8244.3,0,1,1,0,1,0,0,1,8,4,1,228.6,114.3,116.11690140845069,4.747537427275013,9.017398620020051,0
0,0,0,38,1,0,0,0,0,0,0,0,2,0,20.05,741.5,0,0,0,1,0,0,1,0,1,4,0,40.1,0.0,19.012820512820515,3.0469005601283903,6.610022870676855,0
0,1,1,68,1,0,1,1,1,1,0,0,2,0,62.65,4375.8,0,1,0,0,1,0,0,1,5,4,0,125.3,0.0,63.41739130434783,4.153399325003416,8.384073142749616,0
0,0,0,13,1,0,0,0,0,0,0,1,0,1,80.85,1008.7,1,1,1,0,0,1,0,0,2,2,0,0.0,80.85,72.05,4.404888303817144,6.917408536010275,0
1,1,0,65,1,1,1,1,0,0,1,0,2,1,92.7,5968.4,0,1,1,0,1,0,0,1,5,4,1,185.4,92.7,90.43030303030302,4.540098189244376,8.694401698823368,0
0,0,0,30,1,1,0,0,1,0,1,1,0,0,100.45,3096.9,0,0,1,0,0,1,0,0,5,3,1,0.0,100.45,99.9,4.619566066271823,8.038479741566233,0
0,1,0,51,1,1,0,0,0,1,1,1,2,1,75.2,3901.25,0,1,0,0,0,0,0,1,5,4,0,150.4,0.0,75.02403846153847,4.333361462692601,8.269308588838523,0
0,0,0,31,1,1,1,0,1,0,0,0,0,1,84.75,2613.4,0,0,1,0,1,0,0,1,4,3,0,0.0,84.75,81.66875,4.45143608604605,7.868789904665684,0
0,1,0,9,1,0,0,0,0,0,1,1,0,0,89.45,853.1,1,0,1,0,0,1,0,0,3,1,0,0.0,89.45,85.31,4.504797211841304,6.750048282952101,0
0,1,1,72,1,1,1,1,1,1,0,1,2,1,79.5,5661.7,0,0,0,0,0,0,0,1,7,4,0,159.0,0.0,77.55753424657534,4.388257184424518,8.64165608925585,0
0,0,0,10,1,1,0,0,0,0,1,1,0,1,72.15,794.25,1,1,0,0,1,0,0,1,4,1,0,0.0,0.0,72.20454545454545,4.292512127466133,6.678656530629254,0
0,0,0,37,1,0,0,0,0,0,0,0,1,1,19.8,695.05,0,0,0,1,0,1,0,0,1,4,0,19.8,0.0,18.29078947368421,3.0349529867072724,6.545421496834576,0
0,0,0,2,1,0,0,0,1,1,1,1,0,0,76.4,160.8,1,0,0,0,0,1,0,0,5,0,0,0.0,0.0,53.6,4.3489867805956814,5.086361004624392,1
0,0,0,55,1,0,1,1,0,0,1,1,1,1,100.9,5552.05,0,1,1,0,0,0,1,0,5,4,1,100.9,100.9,99.14375,4.623991940228679,8.622102605342976,0
0,0,1,33,1,1,1,0,1,0,0,1,0,1,95.3,3275.15,0,1,1,0,0,0,0,1,5,3,1,0.0,95.3,96.32794117647059,4.56746831880408,8.09442423147053,0
0,1,1,46,1,0,0,0,1,1,0,1,1,0,90.95,4236.6,0,0,1,0,0,0,0,1,4,4,1,90.95,90.95,90.1404255319149,4.52124495105033,8.351752350230317,0
0,0,1,1,1,0,1,0,0,1,0,0,0,0,54.5,54.5,0,0,0,0,0,1,0,0,3,0,0,0.0,0.0,27.25,4.0163830207523885,4.0163830207523885,1
1,0,0,20,1,1,0,0,0,0,0,1,0,1,61.6,1174.35,1,0,0,0,0,0,1,0,3,2,0,0.0,0.0,55.921428571428564,4.136765278106052,7.069321254563527,0
0,1,0,9,1,0,0,1,1,0,0,0,0,1,79.9,741.7,1,1,1,0,0,1,0,0,3,1,0,0.0,79.9,74.17,4.393213824064446,6.61029219467525,0
1,0,0,32,1,1,0,0,0,0,1,1,0,1,96.15,3019.25,1,1,1,0,1,0,0,1,4,3,1,0.0,96.15,91.49242424242425,4.576256175823449,8.013094888399673,0
0,1,1,19,1,0,0,0,1,0,0,0,0,1,49.6,962.9,0,0,0,0,0,0,0,1,2,2,0,0.0,0.0,48.144999999999996,3.92395157629342,6.870987554789923,0
0,1,0,70,1,1,1,0,1,1,0,0,2,0,65.3,4759.75,1,0,0,0,1,0,0,1,5,4,0,130.6,0.0,67.03873239436619,4.194189897191817,8.468160497838927,0
0,0,1,61,1,1,0,0,0,0,0,0,2,1,25.0,1498.35,0,0,0,1,1,0,0,1,2,4,0,50.0,0.0,24.166935483870965,3.258096538021482,7.312786959840947,0
0,0,0,26,1,0,0,0,0,0,0,0,0,0,45.45,1233.15,0,1,0,0,0,1,0,0,1,3,0,0.0,0.0,45.672222222222224,3.8383764652598478,7.118137752993733,0
0,1,0,45,1,1,0,1,1,0,1,1,0,1,107.75,4882.8,0,1,1,0,0,0,0,1,6,4,1,0.0,107.75,106.14782608695653,4.689051669968793,8.49367888435117,0
0,1,1,62,1,1,0,0,1,0,1,0,2,1,89.1,5411.65,0,1,1,0,1,0,0,1,4,4,0,178.2,89.1,85.89920634920634,4.500920164614292,8.596494085552596,0
0,0,0,1,1,0,0,0,0,0,0,0,0,0,19.65,19.65,1,1,0,1,0,0,1,0,1,0,0,0.0,0.0,9.825,3.027715319407042,3.027715319407042,1
0,0,0,3,1,0,0,0,0,0,0,0,0,0,44.75,148.05,0,0,0,0,0,0,1,0,1,0,0,0.0,0.0,37.0125,3.82319179172153,5.00428182012408,1
0,1,1,41,1,1,1,1,1,0,0,1,1,1,101.6,3930.55,0,0,1,0,0,0,0,1,6,4,1,101.6,101.6,93.58452380952382,4.630837932736669,8.276789029142892,0
0,1,1,67,1,0,0,1,1,1,1,1,2,0,103.15,6895.5,0,1,1,0,0,0,0,1,6,4,1,206.3,103.15,101.40441176470588,4.645832167706981,8.838769315515574,0
0,0,0,1,1,1,0,0,0,0,1,0,0,1,84.65,84.65,1,1,1,0,0,0,1,0,3,0,0,0.0,84.65,42.325,4.450269224770129,4.450269224770129,1
0,1,0,71,1,1,1,1,0,0,1,0,1,0,95.65,6856.95,0,0,1,0,0,0,1,0,5,4,1,95.65,95.65,95.23541666666667,4.57109620565434,8.833163842240966,0
0,1,1,37,1,0,1,1,0,0,1,1,1,0,75.1,2658.8,0,0,0,0,0,0,0,1,5,4,0,75.1,0.0,69.96842105263158,4.33204826486764,7.886006210979063,0
0,1,0,60,1,0,1,1,0,1,0,0,2,1,61.35,3766.2,0,1,0,0,0,0,1,0,4,4,0,122.7,0.0,61.74098360655737,4.132763672126045,8.234087298929344,0
1,1,0,1,1,0,0,0,0,0,0,0,0,1,69.55,69.55,1,0,1,0,0,1,0,0,1,0,0,0.0,69.55,34.775,4.256321678298823,4.256321678298823,1
0,0,0,6,1,0,0,0,0,0,0,0,0,0,19.7,129.55,0,0,0,1,1,0,0,1,1,0,0,0.0,0.0,18.50714285714286,3.0301337002713233,4.871756295145138,1
0,0,0,13,0,0,0,1,0,0,0,0,0,1,31.05,347.25,1,0,0,0,0,1,0,0,1,2,0,0.0,0.0,24.803571428571427,3.467297183366679,5.852920612659915,0
0,1,1,11,1,0,1,0,0,0,0,0,0,0,51.0,581.7,0,0,0,0,0,0,0,1,2,1,0,0.0,0.0,48.475,3.9512437185814275,6.367672474149028,0
0,0,0,7,1,0,1,0,0,0,0,0,0,1,51.0,354.05,1,1,0,0,0,0,1,0,2,1,0,0.0,0.0,44.25625,3.9512437185814275,5.8722586246281026,0
0,1,1,10,1,0,0,0,0,0,1,1,0,1,88.85,929.45,0,0,1,0,0,1,0,0,3,1,0,0.0,88.85,84.49545454545455,4.498141613229568,6.835668340087237,0
0,1,0,34,1,0,0,0,0,0,0,0,2,0,20.05,679.0,0,1,0,1,1,0,0,1,1,3,0,40.1,0.0,19.4,3.0469005601283903,6.522092798170152,0
0,0,0,62,1,0,1,0,0,1,0,1,2,1,65.1,3846.75,0,0,0,0,0,0,1,0,4,4,0,130.2,0.0,61.05952380952381,4.191168746857641,8.255243840860063,0
0,1,0,64,1,1,0,1,0,1,0,1,1,1,70.15,4480.7,0,1,0,0,0,0,1,0,5,4,0,70.15,0.0,68.93384615384615,4.264790324535862,8.40775771771638,0
0,1,1,1,1,0,0,0,0,0,0,0,0,1,44.35,44.35,1,0,0,0,0,0,0,1,1,0,0,0.0,0.0,22.175,3.814410176561146,3.814410176561146,1
0,0,0,25,1,0,0,0,0,0,0,0,2,1,20.75,499.4,0,1,0,1,0,0,1,0,1,3,0,41.5,0.0,19.207692307692305,3.079613757534693,6.215407778592756,0
0,0,0,26,1,0,0,1,1,0,0,0,1,1,56.05,1553.2,0,0,0,0,0,0,1,0,3,3,0,56.05,0.0,57.525925925925925,4.0439280763080845,7.348716222775142,0
0,0,1,10,1,0,0,0,0,0,0,0,1,1,19.95,219.5,0,1,0,1,0,0,0,1,1,1,0,19.95,0.0,19.954545454545453,3.0421386463681466,5.395897694886901,0
0,0,0,53,1,1,1,1,1,0,1,0,1,0,98.6,5311.85,0,0,1,0,0,0,1,0,6,4,1,98.6,98.6,98.3675925925926,4.601162164590552,8.577883693415467,0
0,0,0,7,1,0,0,0,0,0,1,0,0,1,79.7,586.05,1,0,1,0,0,1,0,0,2,1,0,0.0,79.7,73.25625,4.390738575275903,6.375109995076221,0
0,0,0,33,1,0,0,1,1,0,0,0,0,1,79.0,2576.8,0,1,1,0,1,0,0,1,3,3,0,0.0,79.0,75.78823529411765,4.382026634673881,7.854691600970679,0
1,1,0,71,1,0,0,1,1,0,0,1,2,0,89.45,6435.25,0,0,1,0,1,0,0,1,4,4,0,178.9,89.45,89.37847222222223,4.504797211841304,8.769701351360352,0
0,0,0,29,1,1,0,0,0,0,0,0,0,1,74.2,1993.25,0,0,1,0,0,1,0,0,2,3,0,0.0,74.2,66.44166666666666,4.320151230955794,7.598023318791239,0
0,1,1,24,1,1,1,0,0,1,1,1,0,0,81.0,1923.85,0,1,0,0,0,0,0,1,6,2,0,0.0,0.0,76.954,4.406719247264253,7.56260332160788,0
0,1,1,20,1,0,0,0,1,0,0,0,0,1,49.6,939.8,0,1,0,0,0,1,0,0,2,2,0,0.0,0.0,44.75238095238095,3.92395157629342,6.8467305771443625,0
0,0,0,1,1,1,0,0,0,0,1,0,0,1,84.6,84.6,0,0,1,0,0,1,0,0,3,0,0,0.0,84.6,42.3,4.449685283147696,4.449685283147696,1
0,0,1,54,1,1,0,1,0,0,0,0,0,1,55.0,3092.65,1,1,0,0,1,0,0,1,3,4,0,0.0,0.0,56.230000000000004,4.02535169073515,8.03710690256227,0
1,0,0,5,1,0,0,0,1,0,1,0,0,1,84.85,415.55,1,0,1,0,0,0,1,0,3,0,0,0.0,84.85,69.25833333333334,4.4526015873434845,6.032006502420918,1
0,1,1,72,1,1,1,0,1,1,1,1,2,1,84.2,5986.55,0,0,0,0,0,0,0,1,7,4,0,168.4,0.0,82.00753424657535,4.44500143383527,8.697437592414992,0
0,1,0,52,1,0,1,1,1,1,1,1,2,1,106.3,5487.0,0,1,1,0,0,1,0,0,7,4,1,212.6,106.3,103.52830188679245,4.675628649636653,8.610319169405722,0
0,0,0,9,1,0,0,0,0,0,0,0,0,0,69.05,651.5,0,0,1,0,0,1,0,0,1,1,0,0.0,69.05,65.15,4.249209272783016,6.480811139196849,0
0,0,0,1,1,0,0,0,0,0,0,0,0,1,45.4,45.4,0,0,0,0,0,0,1,0,1,0,0,0.0,0.0,22.7,3.8372994592322094,3.8372994592322094,1
1,0,0,1,1,1,0,0,0,0,0,0,0,1,73.65,73.65,1,1,1,0,0,1,0,0,2,0,0,0.0,73.65,36.825,4.312810523985199,4.312810523985199,1
0,1,1,33,1,0,0,0,1,1,1,1,1,1,73.9,2405.05,1,1,0,0,0,0,1,0,5,3,0,73.9,0.0,70.73676470588236,4.316153890523174,7.785741677698578,0
0,1,0,55,1,1,0,0,1,0,0,0,0,1,77.75,4458.15,1,0,1,0,0,1,0,0,3,4,0,0.0,77.75,79.60982142857142,4.366278277705742,8.402713443891228,0
0,1,1,69,1,1,0,0,0,1,1,1,2,1,99.35,6856.45,0,1,1,0,0,1,0,0,5,4,1,198.7,99.35,97.94928571428571,4.608664075242347,8.833090931498264,0
0,0,0,1,1,0,1,0,0,0,0,0,0,1,50.75,50.75,0,1,0,0,0,0,1,0,2,0,0,0.0,0.0,25.375,3.9464244321454784,3.9464244321454784,1
0,0,0,54,1,1,1,0,1,1,1,1,2,0,87.1,4735.2,0,1,0,0,0,0,0,1,7,4,0,174.2,0.0,86.09454545454545,4.478472532942134,8.462990405401921,0
0,0,1,33,1,0,0,0,0,0,0,0,1,1,20.15,682.15,0,1,0,1,0,0,1,0,1,3,0,20.15,0.0,20.063235294117646,3.0516399054922867,6.526714454784496,0
1,1,0,45,1,1,0,1,1,1,1,0,1,1,98.7,4525.8,0,1,1,0,0,0,0,1,6,4,1,98.7,98.7,98.38695652173914,4.602165676967792,8.417770567091786,0
0,0,1,11,0,0,0,0,0,0,0,0,0,0,25.2,321.05,0,0,0,0,0,1,0,0,0,1,0,0.0,0.0,26.754166666666666,3.265759410767051,5.7747068129929,0
0,0,0,6,1,0,1,1,0,0,0,0,0,1,55.7,335.65,0,1,0,0,0,0,0,1,3,0,0,0.0,0.0,47.949999999999996,4.037774210733707,5.81904381499129,1
0,0,0,21,1,0,1,0,1,0,1,0,0,0,65.35,1424.4,0,1,0,0,0,0,0,1,4,2,0,0.0,0.0,64.74545454545455,4.194943760778217,7.26220775506777,0
0,1,1,65,1,1,0,0,0,0,0,0,2,1,25.3,1748.55,0,0,0,1,0,0,0,1,2,4,0,50.6,0.0,26.493181818181817,3.269568939183719,7.467113890993524,0
1,1,0,6,1,1,0,0,0,0,0,1,0,1,84.35,474.9,1,0,1,0,0,1,0,0,3,0,0,0.0,84.35,67.84285714285714,4.4467604492404496,6.165207748127065,1
0,0,0,8,1,0,1,0,0,0,1,0,0,0,84.95,668.4,1,0,1,0,0,1,0,0,3,1,0,0.0,84.95,74.26666666666667,4.453765731828859,6.506381788777226,0
0,0,0,11,1,0,0,0,0,1,0,0,0,1,73.85,926.25,1,1,1,0,0,1,0,0,2,1,0,0.0,73.85,77.1875,4.3154861108656375,6.8322232163697,0
0,1,1,43,1,1,0,0,0,0,0,0,2,0,24.25,1077.95,0,1,0,1,0,0,1,0,2,4,0,48.5,0.0,24.498863636363637,3.228826155721369,6.983743624981475,0
0,1,1,49,0,0,0,1,0,0,1,1,1,1,51.8,2541.25,1,1,0,0,0,0,0,1,3,4,0,51.8,0.0,50.825,3.966511190712216,7.8408047946712465,0
1,1,0,1,1,0,0,0,0,0,0,0,0,0,46.0,46.0,1,0,0,0,0,1,0,0,1,0,0,0.0,0.0,23.0,3.8501476017100584,3.8501476017100584,1
1,0,0,15,1,0,0,0,0,0,0,1,0,1,79.4,1156.1,1,1,1,0,0,1,0,0,2,2,0,0.0,79.4,72.25625,4.387014176184921,7.0536721538822915,0
0,1,1,60,1,0,1,1,1,0,0,0,2,0,60.5,3694.45,0,1,0,0,0,0,0,1,4,4,0,121.0,0.0,60.56475409836065,4.119037174812473,8.21485761216453,0
0,0,0,17,0,0,0,0,0,0,0,0,0,0,25.1,382.8,0,1,0,0,1,0,0,1,0,2,0,0.0,0.0,21.266666666666666,3.261935314328648,5.950121583573599,0
1,1,0,16,1,0,0,0,0,0,0,0,0,1,71.8,1167.8,1,1,1,0,0,0,0,1,1,2,0,0.0,71.8,68.69411764705882,4.28771595520264,7.06373286043649,0
0,1,1,35,1,0,0,0,0,0,0,0,1,0,20.05,746.75,0,1,0,1,0,0,0,1,1,3,0,20.05,0.0,20.743055555555557,3.0469005601283903,6.617068697510057,0
1,1,0,44,1,1,0,1,0,0,0,1,1,0,88.4,3912.9,1,1,1,0,0,0,1,0,4,4,0,88.4,88.4,86.95333333333333,4.493120682179469,8.272289598319464,0
0,1,1,12,0,0,0,0,0,1,0,0,1,0,30.25,368.85,0,0,0,0,1,0,0,1,1,1,0,30.25,0.0,28.373076923076926,3.4420193761824107,5.913097518033877,0
0,0,0,1,1,0,0,0,0,0,0,0,0,0,20.2,20.2,0,1,0,1,0,0,1,0,1,0,0,0.0,0.0,10.1,3.054001181677967,3.054001181677967,1
0,0,0,28,1,0,1,1,0,1,0,0,1,1,59.9,1654.7,0,0,0,0,0,1,0,0,4,3,0,59.9,0.0,57.05862068965517,4.109233174715851,7.4119791591135655,0
0,1,0,70,1,1,0,0,0,0,0,0,2,0,25.15,1940.85,0,1,0,1,0,0,0,1,2,4,0,50.3,0.0,27.335915492957746,3.263849190510932,7.571396405909305,0
0,0,1,5,1,0,0,0,0,0,0,0,0,0,46.0,221.7,1,0,0,0,0,0,1,0,1,0,0,0.0,0.0,36.949999999999996,3.8501476017100584,5.405825574263322,1
0,0,0,18,1,0,0,1,1,0,1,1,0,0,101.3,1794.65,0,1,1,0,1,0,0,1,5,2,1,0.0,101.3,94.45526315789475,4.627909672957581,7.493122352365488,0
0,1,0,70,1,1,1,0,0,1,1,1,2,1,76.95,5289.8,0,1,0,0,1,0,0,1,6,4,0,153.9,0.0,74.50422535211268,4.356067595503785,8.573724742151892,0
0,1,1,9,1,1,0,1,0,0,0,0,0,1,55.3,501.2,0,0,0,0,0,0,1,0,3,1,0,0.0,0.0,50.12,4.030694535145645,6.218998446723485,0
1,0,0,67,1,0,1,1,0,1,1,0,2,1,92.45,6140.85,0,0,1,0,0,0,0,1,5,4,1,184.9,92.45,90.30661764705883,4.537426533901572,8.722881278690172,0
0,0,0,1,1,0,1,0,0,0,0,0,0,1,48.45,48.45,0,0,0,0,0,0,0,1,2,0,0,0.0,0.0,24.225,3.900962058068721,3.900962058068721,1
0,1,1,18,1,0,0,0,0,0,0,0,2,0,19.35,309.25,0,0,0,1,0,0,1,0,1,2,0,38.7,0.0,16.276315789473685,3.013080911888604,5.737378424084716,0
0,0,0,4,1,1,0,0,0,0,0,0,0,0,51.75,201.1,1,1,0,0,1,0,0,1,2,0,0,0.0,0.0,40.22,3.965563772356176,5.308762624409575,1
1,1,1,71,1,0,1,1,1,0,0,0,1,1,86.7,6179.35,0,1,1,0,0,0,0,1,4,4,0,86.7,86.7,85.82430555555555,4.473921899378137,8.729130183152282,0
0,1,1,30,1,1,1,1,0,0,1,0,0,1,94.4,2838.7,1,1,1,0,0,1,0,0,5,3,1,0.0,94.4,91.57096774193548,4.558078578454241,7.951453691772792,0
0,1,0,1,1,0,1,0,1,0,0,0,0,0,55.7,55.7,0,1,0,0,0,0,1,0,3,0,0,0.0,0.0,27.85,4.037774210733707,4.037774210733707,1
0,0,0,55,1,1,1,0,1,0,0,0,1,1,84.25,4589.85,0,0,1,0,1,0,0,1,4,4,0,84.25,84.25,81.96160714285715,4.445588116163626,8.431820471095117,0
0,0,0,59,1,0,0,0,1,1,1,0,0,1,64.65,3735.45,0,1,0,0,0,1,0,0,4,4,0,0.0,0.0,62.2575,4.184337600748806,8.225891241774054,0
0,0,0,1,1,0,0,0,0,0,0,0,0,1,70.15,70.15,1,0,1,0,0,0,1,0,1,0,0,0.0,70.15,35.075,4.264790324535862,4.264790324535862,1
0,1,0,7,1,0,0,0,0,0,0,0,0,1,69.2,477.55,0,0,1,0,0,0,0,1,1,1,0,0.0,69.2,59.69375,4.251348311031766,6.1707606986419155,0
0,1,1,45,1,0,1,0,0,1,0,0,2,0,54.65,2553.7,0,1,0,0,0,0,0,1,3,4,0,109.3,0.0,55.51521739130435,4.019082077721554,7.8456900789141635,0
0,1,1,54,1,1,0,0,0,0,0,0,1,1,24.75,1342.15,0,0,0,1,0,0,0,1,2,4,0,24.75,0.0,24.402727272727276,3.248434627109745,7.202772880532065,0
0,1,1,51,1,1,0,0,0,0,0,0,1,1,23.95,1216.35,0,1,0,1,0,0,1,0,2,4,0,23.95,0.0,23.39134615384615,3.2168738221975275,7.104431644081176,0
1,1,0,72,1,1,0,1,1,0,1,1,1,0,105.0,7578.05,0,0,1,0,1,0,0,1,6,4,1,105.0,105.0,103.80890410958904,4.663439094112067,8.933143140966676,0
0,1,0,44,1,0,1,1,0,1,0,0,1,1,59.85,2603.95,0,1,0,0,0,0,0,1,4,4,0,59.85,0.0,57.86555555555555,4.108411819433536,7.8651687601452975,0
0,0,0,2,1,0,0,0,0,0,0,0,0,0,20.05,42.7,0,1,0,1,0,0,1,0,1,0,0,0.0,0.0,14.233333333333334,3.0469005601283903,3.7773481021015445,1
0,0,0,66,1,1,0,0,1,0,1,0,1,1,92.15,6056.9,0,0,1,0,0,0,0,1,4,4,1,92.15,92.15,90.40149253731343,4.5342110970475975,8.709118484352887,0
0,1,1,68,0,0,1,1,0,0,1,0,1,0,44.8,2983.65,0,1,0,0,0,0,1,0,3,4,0,44.8,0.0,43.24130434782609,3.824284091120139,8.001237766020717,0
0,0,0,31,1,0,0,0,0,0,0,0,2,0,20.9,689.35,0,0,0,1,1,0,0,1,1,3,0,41.8,0.0,21.5421875,3.086486636822455,6.537198715362162,0
1,0,0,21,1,1,0,0,0,0,1,1,0,1,95.4,2025.1,0,0,1,0,0,0,0,1,4,2,1,0.0,95.4,92.05,4.5685062016165,7.613868041932106,0
0,0,1,21,1,1,1,0,0,0,0,0,0,0,80.35,1747.2,0,1,1,0,0,1,0,0,3,2,0,0.0,80.35,79.41818181818182,4.3987608336650466,7.466341966146388,0
0,1,1,55,1,1,1,0,1,1,1,1,2,1,85.1,4657.95,0,0,0,0,0,0,0,1,7,4,0,170.2,0.0,83.17767857142857,4.455509411433685,8.446545379842489,0
0,0,0,9,0,0,0,0,0,0,1,0,0,1,34.7,296.1,1,1,0,0,1,0,0,1,1,1,0,0.0,0.0,29.610000000000003,3.5751506887855933,5.694068782468562,0
1,1,0,71,1,1,1,1,1,1,1,1,2,1,115.05,8016.6,0,1,1,0,0,0,0,1,8,4,1,230.1,115.05,111.34166666666667,4.754021132720446,8.989394404205461,0
0,0,0,1,1,0,0,0,0,0,0,1,0,1,81.1,81.1,1,0,1,0,0,1,0,0,2,0,0,0.0,81.1,40.55,4.407938016458383,4.407938016458383,1
0,1,1,22,1,0,0,0,0,0,0,0,1,0,19.95,433.5,0,1,0,1,0,0,1,0,1,2,0,19.95,0.0,18.847826086956523,3.0421386463681466,6.074195944705447,0
0,1,1,1,1,0,0,0,0,0,0,0,0,0,20.55,20.55,1,0,0,1,0,0,1,0,1,0,0,0.0,0.0,10.275,3.070375816549757,3.070375816549757,1
0,0,0,61,1,1,0,0,1,1,1,1,2,1,106.6,6428.4,1,0,1,0,0,1,0,0,6,4,1,213.2,106.6,103.68387096774192,4.678420647727684,8.768636500280573,0
0,1,0,67,1,1,0,1,1,1,1,1,2,0,86.15,5883.85,0,0,0,0,0,0,0,1,7,4,0,172.3,0.0,86.52720588235294,4.46763077196603,8.680136530839377,0
1,0,0,14,1,0,1,1,0,0,0,0,0,0,78.85,1043.8,0,0,1,0,0,1,0,0,3,2,0,0.0,78.85,69.58666666666666,4.380149874661021,6.951580758522167,0
0,1,0,59,1,1,1,1,1,1,1,0,0,1,106.75,6252.9,1,1,1,0,0,1,0,0,7,4,1,0.0,106.75,104.21499999999999,4.6798137289838575,8.7409605481234,0
1,1,0,21,1,0,0,0,1,0,1,0,0,0,86.55,1857.25,0,1,1,0,0,0,0,1,3,2,0,0.0,86.55,84.42045454545455,4.472210058731861,7.5273904636054025,0
0,0,0,4,0,0,1,1,0,1,0,0,0,0,42.4,146.4,0,1,0,0,0,0,1,0,3,0,0,0.0,0.0,29.28,3.770459441106359,4.993149979755236,1
0,0,0,3,1,0,0,0,0,0,1,1,0,1,89.45,240.45,1,0,1,0,0,1,0,0,3,0,0,0.0,89.45,60.1125,4.504797211841304,5.486662412319551,1
0,1,0,70,1,1,0,0,0,0,0,0,2,0,24.25,1724.15,0,1,0,1,0,0,0,1,2,4,0,48.5,0.0,24.28380281690141,3.228826155721369,7.4530692822067,0
0,0,0,3,1,0,0,1,0,1,1,1,0,1,97.9,315.3,1,0,1,0,0,1,0,0,5,0,1,0.0,97.9,78.825,4.594109238628667,5.756691130311603,1
1,0,0,21,1,0,0,0,0,0,0,0,1,0,20.5,429.55,0,1,0,1,0,0,0,1,1,2,0,20.5,0.0,19.525000000000002,3.068052935133617,6.0650634611421745,0
0,0,0,20,1,0,0,0,0,0,0,0,0,1,19.6,356.15,0,1,0,1,1,0,0,1,1,2,0,0.0,0.0,16.95952380952381,3.0252910757955354,5.878155861600981,0
0,1,1,22,1,0,0,0,0,0,0,0,1,0,20.25,488.25,0,1,0,1,0,0,0,1,1,2,0,20.25,0.0,21.22826086956522,3.056356895370426,6.192873606276185,0
0,0,0,1,1,0,0,0,0,0,0,1,0,1,55.7,55.7,1,1,0,0,0,0,1,0,2,0,0,0.0,0.0,27.85,4.037774210733707,4.037774210733707,1
0,0,0,63,1,0,0,0,0,0,0,0,2,1,20.6,1298.7,0,0,0,1,0,0,1,0,1,4,0,41.2,0.0,20.2921875,3.0726933146901194,7.169888747587542,0
0,1,1,70,1,0,0,0,0,0,0,0,2,0,19.8,1378.75,0,0,0,1,0,0,0,1,1,4,0,39.6,0.0,19.419014084507044,3.0349529867072724,7.229657602319611,0
0,0,0,13,1,0,0,1,1,0,0,0,0,1,79.8,973.45,1,1,1,0,0,1,0,0,3,2,0,0.0,79.8,69.53214285714286,4.39197696552705,6.881873209268033,0
0,0,0,5,1,0,0,0,0,0,1,0,0,0,80.2,384.25,0,0,1,0,0,1,0,0,2,0,0,0.0,80.2,64.04166666666667,4.396915247167632,5.9538924742002255,1
0,1,1,72,1,1,1,1,1,1,1,1,2,1,116.4,8543.25,0,0,1,0,1,0,0,1,8,4,1,232.8,116.4,117.03082191780823,4.765586907393996,9.053013821071527,0
0,0,0,13,0,0,0,1,0,0,0,0,0,1,31.65,389.95,0,0,0,0,0,1,0,0,1,2,0,0.0,0.0,27.853571428571428,3.48584485572244,5.968579674570523,0
0,1,0,61,1,0,0,1,1,1,0,1,0,0,94.15,5731.85,0,1,1,0,1,0,0,1,5,4,1,0.0,94.15,92.4491935483871,4.555454593742159,8.653968068254212,0
0,0,0,1,1,0,0,0,0,0,0,0,0,0,20.65,20.65,0,1,0,1,0,1,0,0,1,0,0,0.0,0.0,10.325,3.075005454448499,3.075005454448499,1
1,1,0,56,1,1,0,0,0,1,0,0,0,1,76.85,4275.75,0,0,1,0,0,0,0,1,3,4,0,0.0,76.85,75.01315789473684,4.354783898280007,8.360948654332402,0
0,0,0,4,1,0,0,0,0,0,0,0,0,0,20.15,84.5,0,0,0,1,0,0,1,0,1,0,0,0.0,0.0,16.9,3.0516399054922867,4.448516375942715,1
0,0,0,35,1,1,1,0,0,0,0,0,2,0,55.25,1924.1,0,1,0,0,0,0,1,0,3,3,0,110.5,0.0,53.44722222222222,4.029806041084529,7.562733193424579,0
0,1,0,18,0,0,0,0,1,0,1,0,0,1,39.05,669.85,1,0,0,0,0,1,0,0,2,2,0,0.0,0.0,35.25526315789474,3.6901286735143684,6.5085455650364805,0
0,1,0,72,1,1,0,1,1,0,1,1,2,0,82.15,5784.3,0,1,0,0,0,0,0,1,6,4,0,164.3,0.0,79.23698630136987,4.420646205638937,8.66307549653729,0
1,0,0,49,1,1,1,1,1,1,0,1,1,0,103.0,5166.2,0,0,1,0,0,0,0,1,7,4,1,103.0,103.0,103.324,4.6443908991413725,8.550086234718263,0
0,1,0,44,1,1,1,1,1,1,0,0,0,1,95.1,4060.55,0,0,1,0,1,0,0,1,6,4,1,0.0,95.1,90.23444444444445,4.565389315976247,8.309319953137871,0
1,1,0,3,1,0,0,0,0,1,1,0,0,1,83.9,267.4,1,0,1,0,0,0,1,0,3,0,0,0.0,83.9,66.85,4.441474093317302,5.592478405097527,1
0,1,1,37,1,1,0,1,1,0,0,1,0,1,95.15,3532.85,0,0,1,0,0,1,0,0,5,4,1,0.0,95.15,92.96973684210526,4.565909472034789,8.170143207157103,0
0,1,0,61,1,1,0,1,1,0,1,1,1,1,79.8,4914.8,0,1,0,0,0,1,0,0,6,4,0,79.8,0.0,79.2709677419355,4.39197696552705,8.500209786375825,0
0,1,0,70,1,1,1,0,1,1,0,1,2,1,74.8,5315.8,0,1,0,0,1,0,0,1,6,4,0,149.6,0.0,74.87042253521128,4.328098292648326,8.57862689760033,0
1,0,0,1,1,0,0,0,0,0,0,0,0,1,69.85,69.85,1,0,1,0,0,1,0,0,1,0,0,0.0,69.85,34.925,4.260564966136689,4.260564966136689,1
0,0,0,41,1,0,0,0,0,0,0,0,0,0,20.45,775.6,0,0,0,1,0,1,0,0,1,4,0,0.0,0.0,18.46666666666667,3.065724645374026,6.654925417297567,0
0,1,1,70,1,1,1,1,1,1,0,1,1,0,78.35,5445.95,0,1,0,0,0,0,0,1,7,4,0,78.35,0.0,76.70352112676056,4.373868446972418,8.602811097976756,0
0,0,0,1,1,0,0,0,0,0,1,0,0,1,53.55,53.55,1,0,0,0,0,0,1,0,2,0,0,0.0,0.0,26.775,3.9991177122790798,3.9991177122790798,1
0,0,0,51,1,0,0,0,0,0,0,0,1,0,19.1,1007.8,0,1,0,1,0,1,0,0,1,4,0,19.1,0.0,19.38076923076923,3.0007198150650303,6.916516784650709,0
0,1,1,42,1,0,0,0,0,0,0,0,2,0,20.0,833.55,0,0,0,1,0,0,1,0,1,4,0,40.0,0.0,19.384883720930233,3.044522437723423,6.726892657424426,0
0,1,1,70,1,1,1,1,1,1,0,0,2,0,93.9,6579.05,1,0,1,0,0,0,0,1,6,4,1,187.8,93.9,92.66267605633803,4.552823705615882,8.791797623074688,0
0,0,0,48,1,0,0,0,0,0,0,0,1,0,19.95,1004.5,0,1,0,1,0,0,0,1,1,4,0,19.95,0.0,20.5,3.0421386463681466,6.913240209212707,0
0,1,1,68,1,1,1,1,1,1,1,1,2,1,113.15,7856.0,1,1,1,0,0,1,0,0,8,4,1,226.3,113.15,113.85507246376811,4.737513372975805,8.969160133175821,0
0,0,0,48,1,1,0,0,0,0,0,0,2,0,24.0,1183.05,0,0,0,1,1,0,0,1,2,4,0,48.0,0.0,24.143877551020406,3.2188758248682006,7.076696044282031,0
1,1,0,26,1,0,0,1,0,0,0,1,0,0,84.95,2169.75,1,0,1,0,0,1,0,0,3,3,0,0.0,84.95,80.36111111111111,4.453765731828859,7.682828008940755,0
0,1,0,11,1,1,0,1,0,0,0,0,0,1,80.5,896.9,1,1,1,0,0,0,0,1,3,1,0,0.0,80.5,74.74166666666666,4.400603020246817,6.800058703526763,0
0,0,0,1,1,0,0,0,0,0,0,0,0,1,19.3,19.3,1,1,0,1,0,0,1,0,1,0,0,0.0,0.0,9.65,3.0106208860477417,3.0106208860477417,1
0,0,0,27,1,0,0,0,0,0,0,0,1,0,19.15,501.35,0,0,0,1,0,0,1,0,1,3,0,19.15,0.0,17.905357142857145,3.0032042883926917,6.219297087908323,0
1,0,0,46,1,0,0,1,1,0,1,0,1,1,91.3,4126.35,0,0,1,0,0,0,0,1,4,4,1,91.3,91.3,87.79468085106383,4.525044141508807,8.325390833522766,0
0,0,0,1,1,0,0,0,1,0,0,0,0,1,49.65,49.65,1,1,0,0,0,0,1,0,2,0,0,0.0,0.0,24.825,3.9249392306946924,3.9249392306946924,1
0,0,0,46,1,0,0,0,1,1,0,0,2,0,54.35,2460.15,1,0,0,0,1,0,0,1,3,4,0,108.7,0.0,52.3436170212766,4.013676659154646,7.808383999366624,0
0,1,1,25,1,0,0,0,0,0,0,0,0,1,19.15,477.6,0,1,0,1,0,0,1,0,1,3,0,0.0,0.0,18.36923076923077,3.0032042883926917,6.170865175474273,0
0,0,0,4,1,0,0,0,0,0,1,1,0,1,88.45,370.65,1,1,1,0,0,1,0,0,3,0,0,0.0,88.45,74.13,4.493679809954728,5.917952551171302,1
0,0,0,13,1,0,0,0,0,0,0,0,2,0,19.75,265.75,0,1,0,1,0,0,1,0,1,2,0,39.5,0.0,18.982142857142858,3.0325462466767075,5.586311890181863,0
0,1,0,31,1,0,1,1,1,1,0,1,1,1,75.5,2424.45,0,1,0,0,1,0,0,1,6,3,0,75.5,0.0,75.7640625,4.33729074083249,7.793772353166465,0
0,1,1,23,1,1,0,0,0,0,1,0,0,1,83.75,1849.95,0,0,1,0,0,1,0,0,3,2,0,0.0,83.75,77.08125,4.43970574626056,7.52345429978294,0
0,0,0,2,1,0,0,0,0,0,0,0,0,0,19.4,61.05,0,0,0,1,0,0,1,0,1,0,0,0.0,0.0,20.349999999999998,3.0155349008501706,4.127940511650616,1
0,0,0,65,1,1,0,0,0,0,0,0,2,0,26.5,1698.55,0,0,0,1,0,0,0,1,2,4,0,53.0,0.0,25.73560606060606,3.3141860046725258,7.438118789121169,0
1,0,0,22,1,1,0,0,0,1,1,0,0,1,90.5,1910.6,1,1,1,0,0,0,0,1,4,2,1,0.0,90.5,83.0695652173913,4.516338972281476,7.555695866704003,0
0,1,1,55,1,0,0,0,0,0,0,0,1,0,19.15,998.1,0,0,0,1,1,0,0,1,1,4,0,19.15,0.0,17.823214285714286,3.0032042883926917,6.906854873738973,0
0,1,0,9,1,0,0,1,1,1,1,0,0,1,94.85,890.6,1,1,1,0,0,0,1,0,5,1,1,0.0,94.85,89.06,4.562784469491653,6.793017601511714,0
0,1,1,7,1,0,0,0,0,0,0,0,0,1,69.95,529.5,1,1,1,0,0,0,0,1,1,1,0,0.0,69.95,66.1875,4.261975403606051,6.2738199580540375,0
0,1,1,35,0,0,0,0,0,1,1,0,1,0,40.9,1383.6,0,0,0,0,0,0,1,0,2,3,0,40.9,0.0,38.43333333333333,3.735285826928092,7.233166568243925,0
0,0,0,6,1,0,1,0,1,1,1,1,2,1,80.25,493.4,0,1,0,0,0,0,1,0,6,0,0,160.5,0.0,70.48571428571428,4.3975308212098465,6.203344906143481,1
0,0,0,1,1,0,1,0,0,0,0,0,0,1,48.6,48.6,1,0,0,0,1,0,0,1,2,0,0,0.0,0.0,24.3,3.903990833730882,3.903990833730882,1
0,0,0,17,1,0,0,0,0,0,0,0,0,1,70.8,1207.0,0,1,1,0,0,1,0,0,1,2,0,0.0,70.8,67.05555555555556,4.273884476054178,7.0967213784947605,0
0,1,1,10,1,0,0,0,1,0,1,0,0,0,60.2,563.5,0,1,0,0,0,0,1,0,3,1,0,0.0,0.0,51.22727272727273,4.11414718951828,6.335940383589716,0
0,0,1,15,1,0,0,0,1,1,0,0,1,0,55.2,864.55,0,1,0,0,1,0,0,1,3,2,0,55.2,0.0,54.034375,4.028916756899646,6.763365143022739,0
1,0,0,40,0,0,1,1,0,0,1,1,0,1,55.8,2109.35,1,0,0,0,0,1,0,0,4,4,0,0.0,0.0,51.447560975609754,4.039536325727106,7.6546090894913315,0
0,1,1,13,1,0,1,0,0,1,0,0,1,0,54.15,701.05,0,0,0,0,0,0,0,1,3,2,0,54.15,0.0,50.074999999999996,4.0100567456995115,6.554004626560651,0
0,1,0,29,1,1,0,1,0,0,0,0,0,1,80.15,2265.25,1,1,1,0,0,0,0,1,3,3,0,0.0,80.15,75.50833333333334,4.396299293960601,7.7258817620690605,0
0,0,0,3,1,1,0,0,0,0,0,0,0,1,75.5,220.6,1,0,1,0,0,1,0,0,2,0,0,0.0,75.5,55.15,4.33729074083249,5.400873954873129,1
1,1,0,58,1,1,0,0,0,1,1,1,0,1,100.4,5749.8,0,0,1,0,0,0,0,1,5,4,1,0.0,100.4,97.4542372881356,4.619073091157083,8.657094254548438,0
0,0,0,45,1,0,1,1,0,1,0,0,1,1,62.55,2796.45,0,0,0,0,1,0,0,1,4,4,0,62.55,0.0,60.792391304347824,4.151826997635463,7.936463566925371,0
0,1,1,72,1,1,1,1,1,1,0,0,2,1,70.45,5165.7,0,0,0,0,0,0,0,1,6,4,0,140.9,0.0,70.76301369863013,4.268997904375876,8.54998946583132,0
0,1,1,68,1,1,1,1,0,0,0,0,1,1,85.5,5696.6,0,1,1,0,0,0,0,1,4,4,0,85.5,85.5,82.55942028985508,4.460144413937834,8.647800312523513,0
0,0,0,1,1,0,0,0,0,0,0,0,0,1,20.2,20.2,1,1,0,1,0,0,0,1,1,0,0,0.0,0.0,10.1,3.054001181677967,3.054001181677967,1
0,1,1,38,1,0,1,1,0,0,0,0,0,0,54.5,2076.05,0,0,0,0,0,1,0,0,3,4,0,0.0,0.0,53.23205128205129,4.0163830207523885,7.638703896768833,0
0,0,0,2,1,0,0,0,0,0,0,0,0,0,20.75,44.2,0,1,0,1,0,0,1,0,1,0,0,0.0,0.0,14.733333333333334,3.079613757534693,3.8110970868381857,1
0,0,0,11,1,0,0,0,0,0,0,0,0,0,20.35,215.25,0,1,0,1,0,0,1,0,1,1,0,0.0,0.0,17.9375,3.0610517396746335,5.376435145811989,0
1,1,0,20,1,0,0,0,0,0,1,1,1,1,91.0,1859.5,0,0,1,0,0,0,0,1,3,2,1,91.0,91.0,88.54761904761905,4.5217885770490405,7.528600547786677,0
0,1,0,72,1,1,0,1,1,0,1,1,2,1,104.8,7470.1,0,1,1,0,0,0,0,1,6,4,1,209.6,104.8,102.33013698630137,4.661550519424199,8.918797522975233,0
0,1,0,3,1,1,0,0,0,0,0,0,0,1,74.75,229.5,1,0,1,0,1,0,0,1,2,0,0,0.0,74.75,57.375,4.327438444389479,5.440250862436703,1
0,0,0,23,1,1,0,0,1,1,1,1,0,1,104.05,2470.1,1,1,1,0,0,0,1,0,6,2,1,0.0,104.05,102.92083333333333,4.654436427291009,7.812418674615313,0
0,0,0,40,1,0,0,0,0,1,0,0,0,1,51.1,2092.9,0,1,0,0,0,1,0,0,2,4,0,0.0,0.0,51.046341463414635,3.9531649487593215,7.646783634798271,0
1,1,0,62,1,1,0,1,0,0,0,1,0,1,89.8,5629.55,0,1,1,0,0,0,0,1,4,4,0,0.0,89.8,89.35793650793651,4.508659285607248,8.635962407303673,0
0,0,1,22,1,0,0,0,0,0,0,0,0,1,20.55,469.85,0,0,0,1,0,1,0,0,1,2,0,0.0,0.0,20.428260869565218,3.070375816549757,6.1545395719560725,0
0,0,0,11,1,0,1,0,1,0,0,1,0,0,64.05,733.95,0,0,0,0,0,0,0,1,4,1,0,0.0,0.0,61.1625,4.1751562049585145,6.599802469687996,0
1,1,0,7,1,1,0,0,0,0,0,0,0,1,74.85,485.25,0,1,1,0,0,1,0,0,2,1,0,0.0,74.85,60.65625,4.328757705794541,6.1867228949326565,0
0,0,0,13,1,1,1,1,0,0,1,0,0,1,96.65,1244.5,1,0,1,0,0,1,0,0,5,2,1,0.0,96.65,88.89285714285714,4.581389657322688,7.127292334702235,0
1,0,0,1,1,0,0,0,0,0,0,0,0,0,20.05,20.05,1,1,0,1,0,0,1,0,1,0,0,0.0,0.0,10.025,3.0469005601283903,3.0469005601283903,1
0,0,0,39,1,1,0,1,1,0,1,1,0,1,103.45,3994.45,1,0,1,0,0,1,0,0,6,4,1,0.0,103.45,99.86125,4.648708488002574,8.292911492657877,0
0,1,0,3,0,0,0,0,0,0,0,0,0,0,25.0,78.25,0,1,0,0,0,0,1,0,0,0,0,0.0,0.0,19.5625,3.258096538021482,4.37260741275739,1
0,0,0,58,1,0,0,0,0,0,0,0,2,0,20.3,1131.5,0,1,0,1,1,0,0,1,1,4,0,40.6,0.0,19.177966101694917,3.0587070727153796,7.032182857357189,0
0,0,1,6,1,1,0,0,0,0,0,0,0,0,26.35,184.05,0,1,0,1,0,0,1,0,2,0,0,0.0,0.0,26.292857142857144,3.3087165288679903,5.220626058832165,1
0,1,1,1,1,0,0,0,0,0,0,0,0,1,19.9,19.9,1,0,0,1,0,1,0,0,1,0,0,0.0,0.0,9.95,3.039749158970765,3.039749158970765,1
0,1,0,22,1,0,0,1,1,0,0,0,0,1,54.7,1178.75,0,0,0,0,0,0,1,0,3,2,0,0.0,0.0,51.25,4.019980146933238,7.073057830606497,0
0,1,0,14,0,0,0,0,0,0,1,1,0,0,46.35,667.7,1,1,0,0,0,1,0,0,2,2,0,0.0,0.0,44.513333333333335,3.8575668196320874,6.505335529059933,0
0,1,1,64,1,1,0,0,1,0,0,1,1,0,90.25,5629.15,0,1,1,0,1,0,0,1,4,4,1,90.25,90.25,86.60230769230769,4.513602992462601,8.635891363762832,0
0,0,0,1,1,0,0,0,0,0,0,0,0,0,19.95,19.95,1,1,0,1,0,1,0,0,1,0,0,0.0,0.0,9.975,3.0421386463681466,3.0421386463681466,1
0,0,0,6,1,0,0,0,0,0,0,0,0,0,20.65,109.3,0,1,0,1,0,0,1,0,1,0,0,0.0,0.0,15.614285714285714,3.075005454448499,4.703203926259457,1
0,0,0,1,1,0,0,0,0,0,0,1,0,0,79.6,79.6,1,1,1,0,0,1,0,0,2,0,0,0.0,79.6,39.8,4.389498649512583,4.389498649512583,1
0,0,1,39,1,1,0,0,0,0,0,0,1,0,25.45,958.45,0,1,0,1,0,0,0,1,2,4,0,25.45,0.0,23.96125,3.2752561583043085,6.866360203615751,0
0,0,0,20,1,0,0,0,0,0,0,0,1,0,19.5,403.15,0,0,0,1,0,0,1,0,1,2,0,19.5,0.0,19.197619047619046,3.0204248861443626,6.0017860961798535,0
0,0,0,1,1,0,0,0,0,1,0,0,0,1,75.9,75.9,1,1,1,0,0,1,0,0,2,0,0,0.0,75.9,37.95,4.3425058765115985,4.3425058765115985,1
0,1,0,1,1,0,0,0,1,0,0,0,0,0,76.2,76.2,1,1,1,0,0,1,0,0,2,0,0,0.0,76.2,38.1,4.3463994570307305,4.3463994570307305,1
0,1,0,64,1,1,1,0,0,0,1,0,1,1,66.15,4392.5,0,1,0,0,1,0,0,1,4,4,0,66.15,0.0,67.57692307692308,4.206928922969246,8.387881454935897,0
0,0,1,1,1,0,0,0,0,0,0,0,0,0,19.25,19.25,1,1,0,1,0,0,1,0,1,0,0,0.0,0.0,9.625,3.0081547935525483,3.0081547935525483,1
0,1,0,46,1,0,0,1,0,0,1,1,0,1,69.1,3168.0,0,0,0,0,1,0,0,1,4,4,0,0.0,0.0,67.40425531914893,4.249922794040544,8.06117135969092,0
1,1,1,28,0,0,0,1,0,0,0,1,1,1,39.1,1096.6,0,0,0,0,0,1,0,0,2,3,0,39.1,0.0,37.813793103448276,3.6913763343125234,7.000881256971621,0
0,1,0,33,1,0,0,0,0,0,0,0,0,0,20.05,669.45,0,0,0,1,0,0,1,0,1,3,0,0.0,0.0,19.689705882352943,3.0469005601283903,6.5079491287256515,0
0,1,1,39,1,0,1,1,1,0,0,0,1,0,59.8,2343.85,0,1,0,0,0,1,0,0,4,4,0,59.8,0.0,58.59625,4.107589788972121,7.759976712949614,0
0,1,0,42,1,1,0,0,1,1,0,0,0,1,84.3,3588.4,1,0,1,0,0,1,0,0,4,4,0,0.0,84.3,83.45116279069768,4.446174454497633,8.185740336595176,0
0,0,0,1,1,0,0,1,0,0,0,0,0,1,48.6,48.6,0,0,0,0,0,1,0,0,2,0,0,0.0,0.0,24.3,3.903990833730882,3.903990833730882,1
0,0,0,7,1,0,0,0,0,0,1,0,0,1,79.0,522.95,1,0,1,0,0,1,0,0,2,1,0,0.0,79.0,65.36875,4.382026634673881,6.261396259920951,0
1,1,0,70,1,0,1,1,1,0,1,1,2,0,105.35,7511.9,0,1,1,0,1,0,0,1,6,4,1,210.7,105.35,105.80140845070422,4.666735541646246,8.924376822018367,0
0,0,0,65,1,1,0,0,0,0,0,0,2,1,25.1,1725.0,0,1,0,1,0,0,0,1,2,4,0,50.2,0.0,26.136363636363637,3.261935314328648,7.453561871643373,0
0,0,0,1,1,0,1,0,0,0,0,0,0,0,49.75,49.75,0,1,0,0,0,1,0,0,2,0,0,0.0,0.0,24.875,3.926911617921897,3.926911617921897,1
0,1,0,18,1,1,0,0,0,0,1,1,0,1,94.75,1691.9,0,1,1,0,0,1,0,0,4,2,1,0.0,94.75,89.04736842105264,4.561740628060756,7.434198313643204,0
0,1,0,24,1,1,0,0,0,0,1,1,0,1,93.0,2248.05,0,1,1,0,0,1,0,0,4,2,1,0.0,93.0,89.92200000000001,4.543294782270004,7.718263183815343,0
0,0,0,63,1,1,1,0,1,1,0,1,2,1,71.9,4479.2,0,1,0,0,0,0,0,1,6,4,0,143.8,0.0,69.9875,4.289088639014612,8.407422967269712,0
0,0,1,44,1,1,0,1,0,0,1,1,1,1,77.55,3471.1,0,0,0,0,0,0,1,0,5,4,0,77.55,0.0,77.13555555555556,4.36373536470163,8.152514877208793,0
0,0,0,4,1,0,0,0,0,0,0,0,0,1,19.85,63.0,0,1,0,1,0,1,0,0,1,0,0,0.0,0.0,12.6,3.0373539482448106,4.1588830833596715,1
0,0,0,1,1,0,0,0,0,0,0,0,0,1,70.25,70.25,1,0,1,0,0,1,0,0,1,0,0,0.0,70.25,35.125,4.26619481914876,4.26619481914876,1
0,1,1,37,1,1,0,0,0,0,1,1,0,1,95.25,3314.15,0,0,1,0,0,1,0,0,4,4,1,0.0,95.25,87.21447368421053,4.566948973167894,8.106258150465042,0
1,0,0,10,1,0,0,0,1,0,0,1,0,1,84.6,865.55,1,0,1,0,1,0,0,1,3,1,0,0.0,84.6,78.68636363636364,4.449685283147696,6.764519810895385,0
0,0,0,34,0,0,0,0,0,0,0,0,0,1,25.05,852.7,0,1,0,0,0,0,0,1,0,3,0,0.0,0.0,24.362857142857145,3.260017768199376,6.749579844016261,0
0,1,0,35,0,0,1,0,1,0,1,1,1,0,53.15,1930.9,0,1,0,0,1,0,0,1,4,3,0,53.15,0.0,53.63611111111111,3.9917579734469997,7.566259253598508,0
0,1,0,4,1,0,0,0,0,0,0,0,0,0,20.15,91.4,0,0,0,1,0,1,0,0,1,0,0,0.0,0.0,18.28,3.0516399054922867,4.526126978647638,1
1,1,0,39,1,1,0,0,0,1,1,1,0,1,101.25,3949.15,0,0,1,0,0,1,0,0,5,4,1,0.0,101.25,98.72875,4.627420794922911,8.281508831857693,0
1,1,0,43,1,0,0,1,1,0,1,1,1,1,100.55,4304.0,0,1,1,0,0,0,0,1,5,4,1,100.55,100.55,97.81818181818181,4.620551288026394,8.367532416861831,0
0,1,1,17,1,1,0,0,0,0,0,0,0,0,24.1,409.9,1,0,0,1,0,0,1,0,2,2,0,0.0,0.0,22.772222222222222,3.2228678461377385,6.018349875889364,0
0,1,0,61,1,1,0,0,0,0,0,0,2,0,25.3,1554.9,0,0,0,1,0,0,0,1,2,4,0,50.6,0.0,25.07903225806452,3.269568939183719,7.349809435320917,0
0,1,0,49,1,1,1,1,1,0,0,1,1,0,71.8,3472.05,0,0,0,0,0,1,0,0,6,4,0,71.8,0.0,69.441,4.28771595520264,8.152788449415564,0
0,0,0,4,1,0,0,0,0,0,0,0,1,0,19.7,117.8,0,1,0,1,0,0,1,0,1,0,0,19.7,0.0,23.56,3.0301337002713233,4.777441406928545,1
0,1,1,64,0,0,0,1,1,1,0,1,2,0,49.85,3210.35,0,0,0,0,0,1,0,0,4,4,0,99.7,0.0,49.39,3.928880122494569,8.07444668846084,0
0,0,0,3,1,0,0,0,0,0,0,0,0,1,69.6,207.4,0,1,1,0,0,0,1,0,1,0,0,0.0,69.6,51.85,4.257030144499196,5.339459309879212,1
0,1,1,1,1,0,0,0,0,0,0,0,0,0,19.75,19.75,0,1,0,1,0,1,0,0,1,0,0,0.0,0.0,9.875,3.0325462466767075,3.0325462466767075,1
0,1,0,40,1,0,0,1,1,0,0,0,1,0,80.8,3132.75,0,1,1,0,0,1,0,0,3,4,0,80.8,80.8,76.40853658536585,4.404277243608702,8.049985649472504,0
0,0,1,1,1,0,1,1,0,1,0,0,0,1,60.0,60.0,1,0,0,0,0,1,0,0,4,0,0,0.0,0.0,30.0,4.110873864173311,4.110873864173311,1
0,0,0,8,1,1,0,0,0,0,0,1,0,1,86.55,649.65,1,1,1,0,0,1,0,0,3,1,0,0.0,86.55,72.18333333333334,4.472210058731861,6.477971863222766,0
1,1,0,1,1,0,0,0,0,0,0,0,0,1,20.85,20.85,1,0,0,1,0,0,1,0,1,0,0,0.0,0.0,10.425,3.084200921541599,3.084200921541599,1
1,1,0,34,1,0,0,0,1,1,1,0,1,0,64.2,2106.3,0,0,0,0,0,0,0,1,4,3,0,64.2,0.0,60.18000000000001,4.177459468932607,7.6531627862031675,0
0,1,0,1,0,0,0,0,0,0,0,1,0,0,35.0,35.0,0,0,0,0,0,1,0,0,1,0,0,0.0,0.0,17.5,3.58351893845611,3.58351893845611,1
0,0,0,39,0,0,0,0,1,0,1,1,0,1,50.75,2011.4,1,0,0,0,0,1,0,0,3,4,0,0.0,0.0,50.285000000000004,3.9464244321454784,7.607083318617163,0
1,1,0,58,1,0,1,1,0,1,1,1,1,1,105.5,6205.5,1,0,1,0,1,0,0,1,6,4,1,105.5,105.5,105.17796610169492,4.66814498514948,8.733352408956003,0
0,1,1,45,1,0,0,0,0,0,0,0,2,0,19.2,903.7,0,1,0,1,0,1,0,0,1,4,0,38.4,0.0,19.645652173913046,3.005682604407159,6.807603397031696,0
1,0,0,6,1,0,1,0,0,0,1,0,0,1,85.15,503.6,1,1,1,0,0,0,0,1,3,0,0,0.0,85.15,71.94285714285715,4.456089962973938,6.223766036206958,1
0,0,0,43,1,0,1,1,1,1,0,0,1,1,90.65,3882.3,0,1,1,0,1,0,0,1,5,4,1,90.65,90.65,88.23409090909091,4.517976974285714,8.26444058659791,0
0,1,1,41,1,0,0,0,0,0,0,0,2,1,20.0,879.8,0,1,0,1,0,0,1,0,1,4,0,40.0,0.0,20.947619047619046,3.044522437723423,6.78083058540847,0
0,0,0,5,1,0,0,1,0,0,0,0,0,1,74.65,383.65,0,1,1,0,0,1,0,0,2,0,0,0.0,74.65,63.94166666666666,4.326117440234365,5.952333829904943,1
0,0,0,72,0,0,1,0,1,1,1,1,2,1,61.2,4390.25,0,1,0,0,1,0,0,1,5,4,0,122.4,0.0,60.14041095890411,4.130354999745133,8.387369203580036,0
0,0,0,4,1,0,0,0,0,0,0,0,1,0,19.95,68.2,0,1,0,1,0,0,1,0,1,0,0,19.95,0.0,13.64,3.0421386463681466,4.237000862623624,1
0,1,1,9,1,0,0,1,0,1,0,0,0,0,54.8,452.8,0,1,0,0,0,0,1,0,3,1,0,0.0,0.0,45.28,4.021773869387265,6.117656572345742,0
1,1,0,72,1,1,0,0,1,0,1,1,2,1,73.45,5329.0,0,1,0,0,1,0,0,1,5,4,0,146.9,0.0,73.0,4.310127759130018,8.58110651715989,0
0,1,0,33,1,0,0,0,0,1,0,0,1,1,51.45,1758.9,0,0,0,0,0,0,1,0,2,3,0,51.45,0.0,51.73235294117647,3.9598603348423063,7.4730122682361655,0
0,1,0,72,1,1,1,0,0,0,0,0,2,0,80.45,5737.6,0,0,1,0,0,0,0,1,3,4,0,160.9,80.45,78.59726027397261,4.399989335048054,8.65497055712555,0
0,1,0,22,1,0,1,0,0,1,0,0,0,1,54.2,1152.7,1,1,0,0,0,1,0,0,3,2,0,0.0,0.0,50.11739130434783,4.01096295328305,7.050729447933244,0
0,1,0,70,1,1,0,1,1,1,1,1,1,1,109.5,7674.55,1,0,1,0,0,1,0,0,7,4,1,109.5,109.5,108.09225352112676,4.705015520957808,8.94579523112564,0
0,1,1,21,1,1,0,1,1,0,1,1,0,0,104.4,2157.95,1,1,1,0,0,1,0,0,6,2,1,0.0,104.4,98.08863636363635,4.657762636107262,7.677377271376789,0
0,0,0,15,1,0,0,0,1,0,1,0,0,0,85.3,1219.85,0,1,1,0,0,1,0,0,3,2,0,0.0,85.3,76.240625,4.457829598089382,7.10730261644116,0
1,1,0,29,1,1,0,0,0,1,0,0,0,1,79.3,2414.55,0,1,1,0,0,1,0,0,3,3,0,0.0,79.3,80.485,4.385769620952716,7.789682283428332,0
0,1,1,15,1,0,0,1,1,1,1,1,0,0,76.5,1155.6,0,0,0,0,0,0,0,1,6,2,0,0.0,0.0,72.225,4.350277936359301,7.053239945724118,0
1,1,1,71,1,1,1,1,0,0,1,1,0,1,105.1,7548.1,1,1,1,0,1,0,0,1,6,4,1,0.0,105.1,104.83472222222223,4.664382045619937,8.92918362983954,0
1,0,0,72,1,1,0,0,0,0,0,0,2,0,25.4,1809.35,0,1,0,1,0,0,0,1,2,4,0,50.8,0.0,24.785616438356165,3.2733640101522705,7.501275475732016,0
0,1,0,19,1,1,0,0,0,0,1,0,0,1,86.85,1564.4,0,0,1,0,0,1,0,0,3,2,0,0.0,86.85,78.22,4.4756308146331065,7.355896661370738,0
0,0,0,1,1,0,0,0,0,0,0,0,0,0,19.65,19.65,0,1,0,1,0,0,1,0,1,0,0,0.0,0.0,9.825,3.027715319407042,3.027715319407042,1
0,0,0,1,1,0,0,1,0,0,0,0,0,1,75.7,75.7,1,0,1,0,0,1,0,0,2,0,0,0.0,75.7,37.85,4.33990170837321,4.33990170837321,1
0,0,0,2,1,0,0,0,0,0,0,0,0,0,45.55,84.4,0,0,0,0,0,1,0,0,1,0,0,0.0,0.0,28.133333333333336,3.840527003723076,4.447346100794524,1
1,1,1,11,1,1,0,0,1,0,0,0,0,1,78.1,864.85,0,0,1,0,1,0,0,1,3,1,0,0.0,78.1,72.07083333333334,4.370712874773608,6.76371168339816,0
0,0,0,12,1,0,0,0,0,0,0,0,1,0,19.3,228.75,0,0,0,1,0,0,1,0,1,1,0,19.3,0.0,17.596153846153847,3.0106208860477417,5.436991761235796,0
0,1,0,70,1,1,0,1,1,1,1,1,2,1,110.5,7752.05,0,0,1,0,0,1,0,0,7,4,1,221.0,110.5,109.1838028169014,4.7140245909001735,8.955841593314634,0
1,1,0,20,1,1,0,0,1,0,1,0,0,0,90.8,1951.0,1,0,1,0,0,1,0,0,4,2,1,0.0,90.8,92.9047619047619,4.519612297626445,7.5766097669730375,0
0,0,0,23,1,0,0,0,0,0,0,0,0,1,20.3,470.6,0,0,0,1,0,0,0,1,1,2,0,0.0,0.0,19.608333333333334,3.0587070727153796,6.156131168663216,0
1,0,0,49,1,1,1,1,1,1,0,1,2,0,81.35,4060.9,0,1,0,0,1,0,0,1,7,4,0,162.7,0.0,81.218,4.410978456623649,8.309406123422718,0
0,1,1,4,1,1,0,1,0,0,1,1,0,1,97.95,384.5,1,0,1,0,0,1,0,0,5,0,1,0.0,97.95,76.9,4.594614672048575,5.954541193003384,1
0,0,0,32,1,1,1,1,0,1,1,1,0,1,108.15,3432.9,1,1,1,0,1,0,0,1,7,3,1,0.0,108.15,104.02727272727273,4.692723082995953,8.141451920474294,0
0,0,1,2,1,0,0,0,0,0,0,1,0,1,55.3,108.65,0,1,0,0,0,1,0,0,2,0,0,0.0,0.0,36.21666666666667,4.030694535145645,4.697293474863897,1
1,1,0,69,0,0,1,1,0,0,1,1,2,0,56.55,3952.65,0,1,0,0,1,0,0,1,4,4,0,113.1,0.0,56.46642857142857,4.0526541351678915,8.282394481856118,0
0,0,0,6,1,0,0,0,0,0,1,0,0,1,80.5,463.05,1,1,1,0,1,0,0,1,2,0,0,0.0,80.5,66.15,4.400603020246817,6.139992305041402,1
0,1,1,24,1,0,0,0,0,0,0,0,2,1,19.7,494.05,0,0,0,1,0,0,1,0,1,2,0,39.4,0.0,19.762,3.0301337002713233,6.204658767568524,0
0,0,0,32,1,1,0,1,1,0,1,1,1,1,104.05,3416.85,0,0,1,0,1,0,0,1,6,3,1,104.05,104.05,103.54090909090908,4.654436427291009,8.1367669773995,0
0,0,0,27,1,0,1,1,0,0,0,0,2,0,52.85,1498.65,0,0,0,0,0,0,0,1,3,3,0,105.7,0.0,53.52321428571429,3.9862024036023977,7.312987026530511,0
1,1,0,27,1,1,1,0,0,1,1,1,0,1,104.3,2867.75,1,0,1,0,0,0,0,1,6,3,1,0.0,104.3,102.41964285714286,4.6568134191399295,7.9616316738088555,0
0,0,0,58,1,1,0,0,0,1,0,0,0,0,80.65,4807.35,0,1,1,0,0,0,0,1,3,4,0,0.0,80.65,81.48050847457628,4.402441819416474,8.478109268906689,0
0,0,0,1,1,0,0,0,0,0,0,0,0,1,71.35,71.35,1,1,1,0,0,0,1,0,1,0,0,0.0,71.35,35.675,4.281515453077493,4.281515453077493,1
0,1,1,18,1,1,0,0,0,0,0,0,2,1,24.65,471.35,0,0,0,1,1,0,0,1,2,2,0,49.3,0.0,24.807894736842105,3.2445435716167785,6.157720236215144,0
0,1,1,47,1,0,0,0,0,0,0,0,2,1,21.3,1041.8,0,0,0,1,0,0,0,1,1,4,0,42.6,0.0,21.704166666666666,3.104586678466073,6.949664682059346,0
0,1,1,70,1,1,0,1,1,1,1,1,2,1,110.2,7689.8,0,0,1,0,0,1,0,0,7,4,1,220.4,110.2,108.30704225352113,4.711330381816482,8.947780088298181,0
0,0,0,13,1,1,0,1,1,1,0,0,0,0,89.4,1132.35,1,0,1,0,0,1,0,0,5,2,0,0.0,89.4,80.88214285714285,4.504244267398131,7.032933127710366,0
0,1,1,36,1,0,1,0,0,0,0,0,0,0,51.05,1815.0,0,0,0,0,1,0,0,1,2,3,0,0.0,0.0,49.054054054054056,3.952204795060978,7.504391559161238,0
0,0,0,67,1,0,0,0,0,0,0,0,2,1,19.8,1311.3,0,1,0,1,0,0,1,0,1,4,0,39.6,0.0,19.283823529411762,3.0349529867072724,7.179536601902241,0
0,0,0,10,1,0,0,0,0,0,0,0,0,1,19.9,199.45,0,0,0,1,0,0,1,0,1,1,0,0.0,0.0,18.13181818181818,3.039749158970765,5.300564839088516,0
1,0,0,19,1,0,1,0,0,0,0,1,0,1,87.3,1637.3,0,1,1,0,0,1,0,0,3,2,0,0.0,87.3,81.865,4.480740107609915,7.401414397826217,0
0,1,1,71,1,0,0,0,0,0,0,0,2,0,19.85,1326.35,0,0,0,1,0,0,0,1,1,4,0,39.7,0.0,18.421527777777776,3.0373539482448106,7.190939752381468,0
0,1,1,72,1,1,1,1,1,1,1,1,2,1,89.4,6376.55,0,1,0,0,0,0,1,0,8,4,0,178.8,0.0,87.35000000000001,4.504244267398131,8.760539290047953,0
0,1,1,48,1,0,0,0,0,0,0,0,2,0,20.0,935.9,0,0,0,1,0,0,1,0,1,4,0,40.0,0.0,19.099999999999998,3.044522437723423,6.8425765529571425,0
0,0,0,1,1,0,0,0,0,0,0,0,0,0,20.05,20.05,0,1,0,1,0,0,1,0,1,0,0,0.0,0.0,10.025,3.0469005601283903,3.0469005601283903,1
0,1,1,18,1,0,1,0,1,1,1,1,0,0,83.25,1611.15,0,1,0,0,0,1,0,0,6,2,0,0.0,0.0,84.79736842105264,4.433788569232471,7.385323970846676,0
0,0,0,1,1,0,0,0,0,0,0,0,0,0,20.6,20.6,1,1,0,1,0,0,1,0,1,0,0,0.0,0.0,10.3,3.0726933146901194,3.0726933146901194,1
1,1,0,67,1,1,0,1,0,1,1,1,2,0,102.9,6989.7,0,1,1,0,0,0,0,1,6,4,1,205.8,102.9,102.78970588235293,4.6434288981051814,8.852335973275391,0
0,1,1,69,0,0,1,0,1,1,0,0,2,0,39.1,2779.5,0,1,0,0,0,0,1,0,3,4,0,78.2,0.0,39.707142857142856,3.6913763343125234,7.930386046627619,0
0,0,0,19,1,1,0,1,0,0,1,1,0,1,99.95,1931.75,1,1,1,0,0,1,0,0,5,2,1,0.0,99.95,96.5875,4.614625344758847,7.566699138200584,0
1,1,0,72,1,1,1,1,1,1,1,1,2,1,114.5,8331.95,0,1,1,0,0,0,1,0,8,4,1,229.0,114.5,114.13630136986302,4.749270529961848,9.027972814124196,0
1,0,0,38,1,0,0,0,0,0,0,0,2,0,20.2,735.9,0,0,0,1,0,0,1,0,1,4,0,40.4,0.0,18.869230769230768,3.054001181677967,6.602452197772954,0
1,1,0,40,1,0,0,0,0,0,0,1,1,0,55.8,2283.3,0,1,0,0,0,1,0,0,2,4,0,55.8,0.0,55.69024390243903,4.039536325727106,7.733814910661824,0
0,1,1,61,1,1,0,0,0,0,0,0,2,1,24.2,1445.2,0,0,0,1,0,0,1,0,2,4,0,48.4,0.0,23.309677419354838,3.2268439945173775,7.2766947057408515,0
0,0,0,10,1,1,0,1,0,0,0,0,0,1,81.0,818.05,1,0,1,0,1,0,0,1,3,1,0,0.0,81.0,74.36818181818181,4.406719247264253,6.708145132050641,0
0,1,0,32,1,1,1,0,0,1,1,0,1,1,72.8,2333.05,0,1,0,0,1,0,0,1,5,3,0,72.8,0.0,70.69848484848485,4.301358731606427,7.755360235067772,0
0,0,0,21,1,1,0,1,0,0,1,1,0,1,99.85,1992.55,0,0,1,0,1,0,0,1,5,2,1,0.0,99.85,90.57045454545454,4.613634264400221,7.597672248021797,0
1,0,0,59,1,1,0,0,1,0,1,1,1,1,99.5,5890.0,0,0,1,0,0,1,0,0,5,4,1,99.5,99.5,98.16666666666667,4.61015772749913,8.681181041521688,0
1,1,0,13,1,0,0,0,0,0,0,0,0,1,70.15,916.75,1,0,1,0,0,1,0,0,1,2,0,0.0,70.15,65.48214285714286,4.264790324535862,6.821925022376944,0
0,0,0,47,1,0,0,0,0,0,0,0,2,0,20.25,1029.8,0,0,0,1,1,0,0,1,1,4,0,40.5,0.0,21.454166666666666,3.056356895370426,6.93809047877821,0
0,1,1,69,1,1,0,0,0,0,0,0,2,1,26.0,1796.55,0,1,0,1,0,0,0,1,2,4,0,52.0,0.0,25.665,3.295836866004329,7.494179905620015,0
0,0,0,2,1,0,0,0,0,0,0,0,0,1,19.9,33.7,0,1,0,1,1,0,0,1,1,0,0,0.0,0.0,11.233333333333334,3.039749158970765,3.5467396869528134,1
0,1,1,22,1,0,0,0,0,0,0,0,0,0,19.05,454.05,0,0,0,1,0,0,0,1,1,2,0,0.0,0.0,19.741304347826087,2.998229153752578,6.120407303023365,0
1,1,0,15,1,1,1,0,1,0,1,0,0,1,96.5,1392.25,0,1,1,0,0,1,0,0,5,2,1,0.0,96.5,87.015625,4.579852378003801,7.239394426449646,0
0,0,0,53,1,0,0,0,0,0,0,0,2,0,19.85,1049.6,0,0,0,1,1,0,0,1,1,4,0,39.7,0.0,19.437037037037037,3.0373539482448106,6.957116708519861,0
1,1,0,28,1,1,0,0,0,0,0,0,0,0,25.7,734.6,0,0,0,1,0,0,1,0,2,3,0,0.0,0.0,25.33103448275862,3.2846635654062037,6.6006864927301665,0
0,0,0,22,1,0,0,0,0,0,0,0,1,0,20.3,475.1,0,1,0,1,0,0,1,0,1,2,0,20.3,0.0,20.656521739130437,3.0587070727153796,6.1656279162004735,0
0,0,0,1,1,0,0,0,0,0,0,0,0,1,70.15,70.15,1,0,1,0,0,0,1,0,1,0,0,0.0,70.15,35.075,4.264790324535862,4.264790324535862,1
1,1,0,16,1,0,0,0,1,1,0,1,0,1,91.55,1540.05,0,1,1,0,0,1,0,0,4,2,1,0.0,91.55,90.59117647058824,4.527749039019507,7.340219281257076,0
0,1,1,48,0,0,1,1,0,1,0,0,2,0,39.4,1978.65,0,0,0,0,0,0,1,0,3,4,0,78.8,0.0,40.38061224489796,3.6988297849671046,7.590675340386566,0
1,1,0,30,1,1,1,1,1,1,1,0,0,1,105.7,3181.8,0,1,1,0,0,0,0,1,7,3,1,0.0,105.7,102.63870967741936,4.670021158307708,8.06551659150338,0
0,0,0,3,1,0,0,0,0,0,0,0,0,1,70.25,229.7,0,0,1,0,0,1,0,0,1,0,0,0.0,70.25,57.425,4.26619481914876,5.441118165179708,1
1,0,0,57,1,1,1,0,0,1,0,1,2,0,93.75,5625.55,0,1,1,0,0,1,0,0,5,4,1,187.5,93.75,96.99224137931034,4.5512418439625355,8.635251744669718,0
1,1,0,68,1,1,1,1,0,0,0,1,1,1,96.55,6581.9,1,0,1,0,1,0,0,1,5,4,1,96.55,96.55,95.38985507246376,4.5803650670691205,8.792230656709933,0
0,1,0,23,1,0,0,0,0,1,1,0,1,0,60.0,1347.15,0,0,0,0,0,0,0,1,3,2,0,60.0,0.0,56.13125,4.110873864173311,7.2064885612459335,0
0,1,0,65,1,0,0,0,0,1,1,0,2,1,59.8,3808.2,0,0,0,0,1,0,0,1,3,4,0,119.6,0.0,57.699999999999996,4.107589788972121,8.24517447231989,0
0,1,0,44,1,0,0,0,0,0,1,1,1,1,90.65,3974.15,0,1,1,0,0,0,0,1,3,4,1,90.65,90.65,88.31444444444445,4.517976974285714,8.28781776222551,0
0,1,1,71,1,1,1,1,1,0,1,1,2,1,109.0,7661.8,0,0,1,0,0,0,0,1,7,4,1,218.0,109.0,106.41388888888889,4.700480365792417,8.944132731190946,0
0,1,0,37,1,1,1,0,1,1,0,0,1,0,68.1,2479.25,0,0,0,0,1,0,0,1,5,4,0,68.1,0.0,65.24342105263158,4.235554730773624,7.816114640530012,0
0,0,0,12,1,0,0,0,0,0,0,0,0,0,20.4,266.6,0,0,0,1,0,0,1,0,1,1,0,0.0,0.0,20.50769230769231,3.0633909220278057,5.589493328254074,0
0,1,1,69,1,1,0,1,1,1,1,1,2,1,81.95,5601.4,0,1,0,0,0,0,0,1,7,4,0,163.9,0.0,80.02,4.418238016636454,8.630950356341307,0
0,0,0,35,1,0,1,1,1,0,0,0,0,0,60.55,1982.6,0,0,0,0,0,1,0,0,4,3,0,0.0,0.0,55.07222222222222,4.1198498526304625,7.592668654614979,0
0,0,0,5,1,0,0,1,0,1,0,1,0,1,65.6,339.9,0,1,0,0,0,0,0,1,4,0,0,0.0,0.0,56.65,4.198704577546343,5.831589179143857,1
0,1,1,58,1,1,0,0,0,0,1,0,2,0,82.5,4828.05,0,1,1,0,0,0,0,1,3,4,0,165.0,82.5,81.8313559322034,4.42484663185681,8.482405039930521,0
0,1,0,72,1,1,1,1,1,1,0,1,2,1,82.3,5980.55,0,1,0,0,0,0,0,1,7,4,0,164.6,0.0,81.92534246575343,4.422448549172797,8.696435010683269,0
0,1,0,72,1,1,1,1,1,1,0,0,2,0,68.15,4808.7,0,1,0,0,0,0,1,0,6,4,0,136.3,0.0,65.87260273972602,4.236278058110767,8.478389991092344,0
0,0,0,1,1,0,0,0,0,0,0,0,0,0,20.3,20.3,0,0,0,1,1,0,0,1,1,0,0,0.0,0.0,10.15,3.0587070727153796,3.0587070727153796,1
0,0,0,39,1,0,1,0,1,1,1,0,1,1,95.55,3692.85,1,0,1,0,0,1,0,0,5,4,1,95.55,95.55,92.32124999999999,4.570061008874523,8.214424553545985,0
0,1,1,53,1,0,0,0,0,0,0,0,1,0,20.2,1068.15,0,1,0,1,1,0,0,1,1,4,0,20.2,0.0,19.78055555555556,3.054001181677967,6.974619219235644,0
0,0,0,27,1,0,0,0,1,1,0,1,0,1,89.2,2383.6,0,0,1,0,0,1,0,0,4,3,0,0.0,89.2,85.12857142857142,4.502029427068578,7.7767866743720315,0
1,0,0,1,1,0,0,0,0,0,0,0,0,1,69.65,69.65,1,0,1,0,0,1,0,0,1,0,0,0.0,69.65,34.825,4.257738109130536,4.257738109130536,1
1,0,0,1,1,0,0,0,0,0,1,1,0,1,89.3,89.3,1,0,1,0,0,1,0,0,3,0,0,0.0,89.3,44.65,4.5031374604229395,4.5031374604229395,1
0,1,0,18,1,0,1,0,0,0,0,0,0,0,74.8,1438.05,0,0,1,0,0,1,0,0,2,2,0,0.0,74.8,75.68684210526315,4.328098292648326,7.27173845263536,0
0,1,1,46,1,0,0,0,0,0,0,0,2,1,20.2,917.45,0,1,0,1,0,0,1,0,1,4,0,40.4,0.0,19.52021276595745,3.054001181677967,6.822687466592074,0
0,1,0,72,1,1,1,0,1,1,1,1,2,1,84.4,6096.45,0,0,0,0,1,0,0,1,7,4,0,168.8,0.0,83.51301369863013,4.447346100794524,8.715625929974454,0
0,0,0,36,1,0,0,0,1,1,0,1,0,1,87.55,3078.1,1,0,1,0,0,1,0,0,4,3,0,0.0,87.55,83.19189189189188,4.4835673642288425,8.032392625474397,0
0,1,0,4,0,0,0,0,0,0,0,0,0,1,25.15,99.95,0,0,0,0,0,1,0,0,0,0,0,0.0,0.0,19.990000000000002,3.263849190510932,4.614625344758847,1
0,0,0,25,1,0,0,0,0,0,0,0,2,0,19.8,475.2,0,0,0,1,1,0,0,1,1,3,0,39.6,0.0,18.276923076923076,3.0349529867072724,6.165837934052762,0
0,1,1,40,0,0,0,1,0,0,1,1,0,1,50.85,2036.55,0,0,0,0,0,1,0,0,3,4,0,0.0,0.0,49.671951219512195,3.948354934675536,7.61950338469122,0
0,1,0,63,1,1,0,1,1,0,1,1,0,1,102.4,6444.05,0,1,1,0,0,1,0,0,6,4,1,0.0,102.4,100.68828125,4.638604962074329,8.771067673295097,0
1,0,0,15,1,0,1,0,1,1,0,1,0,1,96.3,1426.75,1,0,1,0,0,0,1,0,5,2,1,0.0,96.3,89.171875,4.577798989191959,7.263855057544973,0
0,0,0,14,1,1,0,1,0,0,0,0,0,1,55.5,767.55,0,1,0,0,1,0,0,1,3,2,0,0.0,0.0,51.169999999999995,4.034240638152395,6.644505622670941,0
1,1,0,72,1,1,0,1,1,1,1,1,2,1,109.75,7932.5,0,1,1,0,0,0,0,1,7,4,1,219.5,109.75,108.66438356164383,4.707275408925245,8.978849579174144,0
0,0,0,39,1,1,1,1,0,0,1,1,0,1,106.4,4040.65,0,1,1,0,0,1,0,0,6,4,1,0.0,106.4,101.01625,4.676560182074764,8.304408303417732,0
0,1,1,47,0,0,1,1,1,0,1,1,2,1,60.0,2768.65,0,0,0,0,1,0,0,1,5,4,0,120.0,0.0,57.68020833333333,4.110873864173311,7.926476237407458,0
0,1,0,19,1,1,1,1,0,1,0,0,0,1,88.8,1672.35,0,1,1,0,1,0,0,1,5,2,0,0.0,88.8,83.61749999999999,4.497584975308154,7.422582884127426,0
0,0,0,5,1,1,0,0,0,0,1,0,0,1,85.2,474.8,1,0,1,0,0,1,0,0,3,0,0,0.0,85.2,79.13333333333334,4.456670177669648,6.164997597868857,1
0,0,0,13,0,0,0,0,0,0,0,1,0,1,35.1,446.1,1,0,0,0,0,1,0,0,1,2,0,0.0,0.0,31.864285714285717,3.586292865338835,6.102782283239935,0
0,0,0,17,1,1,0,0,1,0,0,0,0,0,80.05,1345.65,0,0,1,0,0,0,0,1,3,2,0,0.0,80.05,74.75833333333334,4.395066248181685,7.2053753059728765,0
1,1,0,34,1,1,0,0,0,0,0,0,0,1,75.55,2425.4,0,1,1,0,0,1,0,0,2,3,0,0.0,75.55,69.29714285714286,4.337944122103693,7.794163956374371,0
0,0,0,42,1,0,0,1,0,0,0,0,0,1,49.55,2077.95,0,0,0,0,0,1,0,0,2,4,0,0.0,0.0,48.32441860465116,3.9229629454664803,7.639618237544757,0
0,1,0,5,1,1,0,1,0,0,0,0,0,1,81.3,416.3,1,1,1,0,0,1,0,0,3,0,0,0.0,81.3,69.38333333333334,4.410371107683024,6.033805387597507,1
0,1,1,71,1,1,0,0,0,0,0,0,2,0,23.9,1663.5,0,0,0,1,1,0,0,1,2,4,0,47.8,0.0,23.104166666666668,3.214867803470662,7.41728005701508,0
1,1,0,19,1,0,1,0,1,0,1,0,0,0,66.4,1286.05,0,1,0,0,0,0,0,1,4,2,0,0.0,0.0,64.3025,4.210645017918261,7.1601080568803335,0
0,0,1,2,1,0,0,0,0,0,0,0,0,1,19.6,35.85,1,0,0,1,0,1,0,0,1,0,0,0.0,0.0,11.950000000000001,3.0252910757955354,3.6068556186353455,1
0,0,0,57,1,0,0,0,0,0,0,0,2,0,18.8,1094.35,0,1,0,1,1,0,0,1,1,4,0,37.6,0.0,18.86810344827586,2.9856819377004897,6.998829225881509,0
0,1,0,72,1,1,0,1,1,1,1,1,2,1,108.4,7719.5,0,1,1,0,0,1,0,0,7,4,1,216.8,108.4,105.74657534246575,4.695010889987881,8.951634407760919,0
0,0,0,6,1,0,0,1,0,0,0,1,0,1,85.95,514.6,0,0,1,0,0,0,1,0,3,0,0,0.0,85.95,73.51428571428572,4.465333240800292,6.245331271065032,1
0,1,1,17,1,1,0,0,0,0,0,1,0,1,85.45,1451.6,1,0,1,0,0,1,0,0,3,2,0,0.0,85.45,80.64444444444445,4.4595662121293,7.281110333172068,0
0,1,0,61,1,1,0,1,1,0,1,1,2,0,80.9,4932.5,0,1,0,0,0,0,0,1,6,4,0,161.8,0.0,79.55645161290323,4.405498990859024,8.503803954297222,0
0,1,1,1,1,0,0,0,0,0,0,0,0,1,71.0,71.0,1,1,1,0,0,1,0,0,1,0,0,0.0,71.0,35.5,4.276666119016055,4.276666119016055,1
0,1,1,48,1,1,1,1,1,1,1,1,2,0,111.8,5443.65,0,1,1,0,1,0,0,1,8,4,1,223.6,111.8,111.09489795918367,4.725616339063959,8.60238875414588,0
0,0,0,16,1,0,0,0,0,0,0,0,0,1,20.6,330.25,0,1,0,1,1,0,0,1,1,2,0,0.0,0.0,19.426470588235293,3.0726933146901194,5.802873377300432,0
1,0,0,9,1,1,0,0,0,0,0,1,0,1,85.05,746.5,1,1,1,0,0,1,0,0,3,1,0,0.0,85.05,74.65,4.454928522657548,6.616734305264841,0
0,0,0,3,1,0,0,0,0,0,0,0,0,0,44.6,122.7,0,0,0,0,0,1,0,0,1,0,0,0.0,0.0,30.675,3.8199077165203406,4.8178592793984425,1
0,0,1,1,1,0,0,0,0,0,0,0,0,1,44.4,44.4,1,1,0,0,0,1,0,0,1,0,0,0.0,0.0,22.2,3.8155121050473024,3.8155121050473024,1
0,0,0,65,1,1,0,1,1,0,1,1,2,0,105.1,6631.85,0,1,1,0,1,0,0,1,6,4,1,210.2,105.1,100.48257575757576,4.664382045619937,8.799789855068132,0
0,1,1,70,1,1,1,1,1,1,1,1,2,1,115.15,8250.0,0,0,1,0,1,0,0,1,8,4,1,230.3,115.15,116.19718309859155,4.754882459216418,9.018089684104343,0
0,1,0,60,1,0,1,0,0,0,1,0,1,1,59.8,3561.15,0,1,0,0,0,0,1,0,3,4,0,59.8,0.0,58.37950819672131,4.107589788972121,8.178119574136455,0
0,1,0,69,1,1,0,0,0,0,0,0,1,1,26.3,1763.55,0,0,0,1,0,1,0,0,2,4,0,26.3,0.0,25.193571428571428,3.3068867021909143,7.475650979353125,0
1,0,0,35,1,0,0,0,0,0,0,0,0,0,70.55,2419.0,0,0,1,0,0,1,0,0,1,3,0,0.0,70.55,67.19444444444444,4.27039650600246,7.791522819150732,0
0,0,0,22,1,0,0,0,0,0,0,0,0,1,20.05,470.2,0,0,0,1,0,0,1,0,1,2,0,0.0,0.0,20.443478260869565,3.0469005601283903,6.155282632337377,0
0,1,1,66,1,1,0,1,1,0,1,1,2,0,79.85,5234.95,0,1,0,0,0,0,0,1,6,4,0,159.7,0.0,78.13358208955223,4.392595586023115,8.563303577709942,0
1,1,0,1,1,0,0,0,0,0,0,0,0,1,70.3,70.3,1,1,1,0,0,1,0,0,1,0,0,0.0,70.3,35.15,4.26689632742025,4.26689632742025,1
0,1,0,1,1,0,0,0,0,0,1,0,0,1,79.35,79.35,1,0,1,0,0,0,0,1,2,0,0,0.0,79.35,39.675,4.386392092183521,4.386392092183521,1
0,1,1,34,1,1,0,0,1,0,0,1,0,1,90.05,3097.0,0,1,1,0,1,0,0,1,4,3,1,0.0,90.05,88.48571428571428,4.511408806173617,8.038512020976814,0
0,1,1,72,1,1,0,0,0,0,0,0,2,0,24.45,1709.1,0,0,0,1,0,0,0,1,2,4,0,48.9,0.0,23.412328767123288,3.2367157429965316,7.444307127319008,0
0,1,1,31,0,0,1,0,1,1,1,1,1,0,59.95,1848.8,0,1,0,0,0,1,0,0,5,3,0,59.95,0.0,57.775,4.110053855927281,7.52283280412016,0
0,0,1,30,1,1,0,0,0,0,0,0,1,0,25.35,723.3,0,1,0,1,0,0,0,1,2,3,0,25.35,0.0,23.33225806451613,3.2714682749873716,6.5852056712012805,0
0,0,0,9,1,0,0,0,0,0,1,1,0,1,90.8,809.75,1,0,1,0,0,0,0,1,3,1,1,0.0,90.8,80.975,4.519612297626445,6.697959745187427,0
0,1,1,20,1,0,0,0,0,0,0,0,0,1,70.45,1470.95,1,1,1,0,0,1,0,0,1,2,0,0.0,70.45,70.04523809523809,4.268997904375876,7.294343331320612,0
1,1,0,19,0,0,0,1,1,0,0,0,0,1,34.3,577.15,0,1,0,0,1,0,0,1,2,2,0,0.0,0.0,28.857499999999998,3.563882963939251,6.359833350574971,0
0,1,0,65,1,1,1,0,1,0,1,1,0,1,105.05,6914.95,0,0,1,0,0,1,0,0,6,4,1,0.0,105.05,104.77196969696969,4.663910681010692,8.841585617164554,0
0,1,1,30,1,0,0,0,0,0,0,0,2,0,19.3,602.9,0,0,0,1,0,0,1,0,1,3,0,38.6,0.0,19.448387096774194,3.0106208860477417,6.403408621313855,0
0,0,0,6,1,0,0,0,0,0,0,0,1,0,19.15,124.4,0,1,0,1,0,0,1,0,1,0,0,19.15,0.0,17.771428571428572,3.0032042883926917,4.83150862819882,1
0,0,0,2,0,0,0,1,0,0,1,1,0,0,51.4,96.8,0,0,0,0,0,1,0,0,3,0,0,0.0,0.0,32.266666666666666,3.9589065913269965,4.582924577040772,1
0,1,1,53,1,1,1,0,0,1,0,1,0,0,71.85,3827.9,0,1,0,0,0,1,0,0,5,4,0,0.0,0.0,70.88703703703703,4.288402532641213,8.250332834656755,0
1,1,0,7,1,1,0,0,0,0,0,0,0,1,75.4,533.05,0,1,1,0,0,1,0,0,2,1,0,0.0,75.4,66.63125,4.335982696172475,6.280489467535705,0
0,1,1,61,1,0,1,0,0,0,0,0,1,1,49.7,2961.4,0,0,0,0,0,0,0,1,2,4,0,49.7,0.0,47.76451612903226,3.9259259105971376,7.993755029599403,0
1,0,0,70,0,0,0,0,0,0,1,1,1,1,45.25,3264.45,1,1,0,0,0,1,0,0,2,4,0,45.25,0.0,45.97816901408451,3.834061463958434,8.091152857634613,0
0,0,0,13,1,1,1,0,1,0,1,1,0,1,78.75,995.35,0,0,0,0,0,1,0,0,6,2,0,0.0,0.0,71.09642857142858,4.378896741664954,6.9040986014785934,0
1,1,0,35,1,1,0,0,1,0,0,0,1,1,81.6,2815.25,0,1,1,0,0,0,0,1,3,3,0,81.6,81.6,78.20138888888889,4.414009680526933,7.943161491746454,0
0,1,0,2,1,0,0,0,0,0,0,0,0,1,70.4,154.8,0,0,1,0,1,0,0,1,1,0,0,0.0,70.4,51.6,4.268297869345539,5.048573133436648,1
0,0,0,3,1,1,0,0,0,0,0,0,0,1,75.8,246.3,1,0,1,0,0,1,0,0,2,0,0,0.0,75.8,61.575,4.341204640153626,5.510602174527371,1
0,0,0,3,1,1,0,0,0,0,0,0,0,0,76.1,257.6,0,0,1,0,0,1,0,0,2,0,0,0.0,76.1,64.4,4.345103280569283,5.555282466337757,1
0,0,0,62,1,1,0,0,0,0,1,1,1,1,94.0,5757.2,0,0,1,0,0,0,0,1,4,4,1,94.0,94.0,91.38412698412698,4.553876891600541,8.658380204851637,0
0,1,1,72,1,1,1,1,1,1,0,1,2,0,103.95,7517.7,0,1,1,0,1,0,0,1,7,4,1,207.9,103.95,102.98219178082192,4.653484046266642,8.925148529659314,0
0,1,0,63,1,0,0,0,0,0,0,0,2,1,19.95,1234.8,0,1,0,1,0,0,0,1,1,4,0,39.9,0.0,19.29375,3.0421386463681466,7.119473812626879,0
1,0,0,20,1,0,0,0,0,0,0,0,0,0,71.3,1389.2,1,1,1,0,1,0,0,1,1,2,0,0.0,71.3,66.15238095238095,4.280824129164719,7.237202900666386,0
1,0,0,35,1,1,1,1,1,1,1,1,1,1,110.8,3836.3,0,0,1,0,0,0,0,1,8,3,1,110.8,110.8,106.5638888888889,4.716711560720999,8.252524273273457,0
1,1,0,21,1,0,0,0,0,0,0,0,0,1,69.1,1474.75,1,1,1,0,0,1,0,0,1,2,0,0.0,69.1,67.0340909090909,4.249922794040544,7.296921614120799,0
0,1,0,62,1,1,1,1,0,0,0,1,1,0,96.1,6001.45,0,1,1,0,0,1,0,0,5,4,1,96.1,96.1,95.2611111111111,4.575741375297279,8.699922998198158,0
0,0,0,15,1,1,0,0,0,0,0,0,0,1,48.8,720.1,0,0,0,0,0,0,1,0,2,2,0,0.0,0.0,45.00625,3.9080149840306073,6.5807778239227135,0
0,0,0,55,1,0,1,0,0,0,0,0,0,1,50.55,2832.75,0,0,0,0,1,0,0,1,2,4,0,0.0,0.0,50.58482142857143,3.942552210462969,7.949356201821739,0
0,0,0,11,1,0,0,0,0,0,0,0,0,1,44.65,472.25,0,0,0,0,0,0,1,0,1,1,0,0.0,0.0,39.354166666666664,3.8210036070409776,6.159623790089432,0
0,1,1,17,1,1,0,0,1,0,1,0,0,0,88.25,1460.65,1,0,1,0,0,1,0,0,4,2,0,0.0,88.25,81.14722222222223,4.491441420659749,7.287321213564613,0
0,0,0,61,1,0,0,0,0,0,0,0,1,0,19.45,1336.35,0,0,0,1,0,0,0,1,1,4,0,19.45,0.0,21.554032258064513,3.017982882488811,7.198445322948222,0
0,1,0,71,1,1,1,1,1,1,1,1,2,0,89.3,6388.65,0,0,0,0,1,0,0,1,8,4,0,178.6,0.0,88.73124999999999,4.5031374604229395,8.762434772788538,0
0,0,0,2,1,0,0,0,0,0,0,0,0,0,70.0,153.05,1,0,1,0,0,0,0,1,1,0,0,0.0,70.0,51.01666666666667,4.2626798770413155,5.037277225042677,1
0,0,0,35,1,0,0,0,0,0,0,0,2,0,19.25,677.9,0,1,0,1,0,0,1,0,1,3,0,38.5,0.0,18.830555555555556,3.0081547935525483,6.520473841307601,0
0,0,0,17,1,0,0,0,0,0,0,0,0,0,70.5,1165.6,0,0,1,0,0,0,0,1,1,2,0,0.0,70.5,64.75555555555555,4.269697449699962,7.0618488143195375,0
0,0,0,21,1,1,0,0,0,0,1,1,0,1,97.35,2119.5,1,0,1,0,0,1,0,0,4,2,1,0.0,97.35,96.3409090909091,4.5885325448350684,7.659407188914646,0
0,1,0,47,1,0,0,0,0,0,0,0,2,0,19.65,921.55,0,0,0,1,0,0,0,1,1,4,0,39.3,0.0,19.198958333333334,3.027715319407042,6.827141574987891,0
0,1,0,3,1,0,0,0,0,0,0,0,0,0,20.85,72.0,0,0,0,1,0,0,1,0,1,0,0,0.0,0.0,18.0,3.084200921541599,4.290459441148391,1
0,0,0,3,1,0,0,0,0,0,0,0,0,1,19.65,68.35,0,1,0,1,0,0,1,0,1,0,0,0.0,0.0,17.0875,3.027715319407042,4.239166146760841,1
1,1,0,44,1,0,0,0,0,0,0,0,2,1,19.35,847.25,0,1,0,1,1,0,0,1,1,4,0,38.7,0.0,18.82777777777778,3.013080911888604,6.743175403664339,0
0,0,0,1,1,0,0,0,0,0,0,0,0,1,44.0,44.0,0,0,0,0,0,0,1,0,1,0,0,0.0,0.0,22.0,3.8066624897703196,3.8066624897703196,1
0,1,1,44,1,1,0,1,1,0,0,1,1,0,94.4,4295.35,0,0,1,0,0,1,0,0,5,4,1,94.4,94.4,95.45222222222223,4.558078578454241,8.365521104006048,0
0,1,1,5,1,1,0,0,0,0,0,0,0,1,25.9,135.0,1,1,0,1,0,0,0,1,2,0,0,0.0,0.0,22.5,3.292126286607793,4.912654885736052,1
0,0,0,24,1,1,1,0,0,0,0,0,0,1,55.65,1400.55,1,1,0,0,0,0,0,1,3,2,0,0.0,0.0,56.022,4.036891987474015,7.24533404602983,0
0,0,1,1,1,0,0,0,0,0,0,0,0,1,69.65,69.65,1,0,1,0,0,1,0,0,1,0,0,0.0,69.65,34.825,4.257738109130536,4.257738109130536,1
0,0,0,18,1,0,1,0,0,0,0,0,0,1,75.4,1380.4,0,0,1,0,0,1,0,0,2,2,0,0.0,75.4,72.65263157894738,4.335982696172475,7.230852756654873,0
0,0,0,10,1,1,0,0,1,0,1,1,0,1,100.6,1060.2,1,0,1,0,0,1,0,0,5,1,1,0.0,100.6,96.38181818181819,4.6210435351443815,6.967155622263585,0
0,1,0,65,1,0,1,1,1,0,0,1,2,0,71.0,4386.2,0,0,0,0,0,0,0,1,5,4,0,142.0,0.0,66.45757575757575,4.276666119016055,8.386446489367994,0
1,0,0,1,1,0,0,1,0,0,0,1,0,1,86.0,86.0,1,0,1,0,0,1,0,0,3,0,0,0.0,86.0,43.0,4.465908118654584,4.465908118654584,1
0,0,0,53,1,1,1,0,1,0,1,1,1,1,106.95,5785.5,1,0,1,0,1,0,0,1,6,4,1,106.95,106.95,107.13888888888889,4.681668156960816,8.663282897288132,0
0,0,0,3,1,0,0,0,0,0,0,0,1,0,21.2,52.05,0,1,0,1,0,0,1,0,1,0,0,21.2,0.0,13.0125,3.100092288878234,3.971234865059992,1
0,1,0,33,1,0,1,1,0,1,0,0,2,1,61.05,2018.4,0,1,0,0,0,0,1,0,4,3,0,122.1,0.0,59.36470588235294,4.127940511650616,7.610555716570221,0
0,0,0,3,0,0,0,1,0,0,0,0,0,1,29.6,79.45,1,1,0,0,0,1,0,0,1,0,0,0.0,0.0,19.8625,3.4210000089583352,4.387635873438392,1
0,0,0,34,1,0,1,0,1,1,1,1,1,1,79.95,2727.3,0,0,0,0,0,0,0,1,6,3,0,79.95,0.0,77.92285714285715,4.393831680123644,7.911433983591508,0
0,1,1,14,1,0,0,0,0,0,0,0,2,1,19.7,263.65,0,0,0,1,0,0,1,0,1,2,0,39.4,0.0,17.576666666666664,3.0301337002713233,5.578408198303997,0
0,0,0,13,1,0,0,0,0,0,0,0,0,1,20.3,275.4,0,0,0,1,0,0,1,0,1,2,0,0.0,0.0,19.67142857142857,3.0587070727153796,5.621849091893515,0
1,1,0,46,0,0,0,1,1,1,1,1,1,1,59.9,2816.65,1,1,0,0,0,0,0,1,5,4,0,59.9,0.0,59.92872340425532,4.109233174715851,7.943658483183582,0
0,1,1,23,1,1,0,0,0,0,0,0,1,0,24.35,538.5,0,1,0,1,0,0,1,0,2,2,0,24.35,0.0,22.4375,3.232778730037192,6.290642784698189,0
0,1,1,47,1,0,0,0,0,0,0,0,2,0,19.75,948.9,0,0,0,1,0,0,1,0,1,4,0,39.5,0.0,19.76875,3.0325462466767075,6.856356715896137,0
0,0,1,17,1,0,1,0,0,0,0,0,0,1,50.3,846.8,0,1,0,0,0,0,1,0,2,2,0,0.0,0.0,47.044444444444444,3.937690752176724,6.742644758918536,0
0,1,1,49,1,1,0,0,0,0,1,1,0,1,95.6,4783.5,1,0,1,0,0,1,0,0,4,4,1,0.0,95.6,95.67,4.570578741218473,8.473136805219317,0
1,1,0,59,0,0,0,1,0,0,1,1,0,1,50.25,2997.45,0,1,0,0,0,1,0,0,3,4,0,0.0,0.0,49.957499999999996,3.9367156180185177,8.005850767465367,0
0,0,0,69,1,1,1,0,1,1,1,1,2,1,85.35,5897.4,0,0,0,0,1,0,0,1,7,4,0,170.7,0.0,84.24857142857142,4.458408804592688,8.682436406675441,0
0,0,0,11,0,0,0,0,1,0,1,0,1,1,41.6,470.6,1,1,0,0,0,1,0,0,2,1,0,41.6,0.0,39.21666666666667,3.751854253275325,6.156131168663216,0
0,0,0,10,1,0,1,0,0,0,0,0,0,1,51.65,524.5,0,1,0,0,0,0,1,0,2,1,0,0.0,0.0,47.68181818181818,3.9636662385799846,6.264350190317006,0
0,1,1,12,1,1,0,0,0,0,0,0,2,1,24.0,269.65,0,1,0,1,0,0,0,1,2,1,0,48.0,0.0,20.74230769230769,3.2188758248682006,5.600826473242987,0
0,0,0,45,1,1,0,1,0,0,1,1,0,1,100.85,4740.0,1,1,1,0,1,0,0,1,5,4,1,0.0,100.85,103.04347826086956,4.623501142672815,8.464003362902119,0
0,1,1,39,1,0,0,0,1,0,1,0,0,1,59.85,2341.5,0,0,0,0,0,0,1,0,3,4,0,0.0,0.0,58.5375,4.108411819433536,7.758974014112577,0
1,1,0,71,1,1,0,0,0,0,0,0,2,0,25.45,1789.65,0,1,0,1,1,0,0,1,2,4,0,50.9,0.0,24.856250000000003,3.2752561583043085,7.490333961411227,0
0,1,1,71,1,1,0,0,0,0,0,0,2,0,23.9,1626.4,0,1,0,1,1,0,0,1,2,4,0,47.8,0.0,22.58888888888889,3.214867803470662,7.394738928262557,0
0,1,1,33,1,1,0,0,0,0,0,0,1,0,24.15,800.3,0,0,0,1,1,0,0,1,2,3,0,24.15,0.0,23.538235294117644,3.224857896545748,6.686235408784025,0
1,0,0,67,1,1,0,0,0,0,0,0,0,1,75.7,5060.85,0,1,1,0,0,0,1,0,2,4,0,0.0,75.7,74.42426470588236,4.33990170837321,8.529487308109715,0
0,1,1,37,0,0,1,1,1,0,0,0,0,0,40.2,1448.8,1,1,0,0,0,0,0,1,3,4,0,0.0,0.0,38.126315789473686,3.7184382563554808,7.279180894866777,0
0,1,1,49,1,1,0,0,0,0,1,0,0,0,84.5,4254.85,1,1,1,0,0,1,0,0,3,4,0,0.0,84.5,85.09700000000001,4.448516375942715,8.356049786039481,0
0,1,0,9,1,0,0,1,0,0,0,0,0,0,50.85,466.6,0,0,0,0,0,0,1,0,2,1,0,0.0,0.0,46.660000000000004,3.948354934675536,6.147613229597914,0
0,1,0,52,1,1,1,0,1,1,0,0,2,1,91.6,4627.8,0,1,1,0,1,0,0,1,5,4,1,183.2,91.6,87.31698113207547,4.528289141652134,8.440052934221871,0
0,0,0,70,1,1,0,1,0,0,1,1,1,0,98.9,6838.6,0,0,1,0,0,1,0,0,5,4,1,98.9,98.9,96.31830985915494,4.604169685654508,8.830484529374438,0
0,0,0,1,1,0,0,1,0,0,0,1,0,1,85.0,85.0,0,1,1,0,0,1,0,0,3,0,0,0.0,85.0,42.5,4.454347296253507,4.454347296253507,1
1,0,0,14,1,1,0,1,0,0,0,0,0,1,78.95,1101.85,1,0,1,0,0,1,0,0,3,2,0,0.0,78.95,73.45666666666666,4.381401439279963,7.005653017258597,0
0,0,0,1,1,0,0,0,0,0,0,0,0,1,44.3,44.3,0,1,0,0,0,0,1,0,1,0,0,0.0,0.0,22.15,3.8133070324889884,3.8133070324889884,1
0,0,0,1,1,0,0,0,0,0,0,0,0,0,20.2,20.2,1,1,0,1,0,0,1,0,1,0,0,0.0,0.0,10.1,3.054001181677967,3.054001181677967,1
0,0,0,52,1,1,0,1,0,0,0,0,1,1,80.2,4297.6,0,0,1,0,0,0,1,0,3,4,0,80.2,80.2,81.0867924528302,4.396915247167632,8.366044667273176,0
0,0,0,6,1,0,0,0,1,0,1,0,0,0,60.9,414.1,0,1,0,0,0,0,1,0,3,0,0,0.0,0.0,59.15714285714286,4.12552017969055,6.028519455058993,1
0,1,0,7,0,0,1,1,0,0,0,0,0,0,34.2,256.6,0,1,0,0,0,0,1,0,2,1,0,0.0,0.0,32.075,3.5610460826040513,5.551407994230199,0
1,0,0,47,1,1,0,1,1,0,0,0,0,1,85.2,3969.35,1,0,1,0,0,0,0,1,4,4,0,0.0,85.2,82.69479166666666,4.456670177669648,8.286609531004332,0
0,0,0,26,1,0,1,0,1,1,0,0,1,1,87.15,2274.1,0,0,1,0,1,0,0,1,4,3,0,87.15,87.15,84.22592592592592,4.4790399088438795,7.729779286462969,0
0,1,1,25,1,0,1,0,0,1,0,0,0,0,54.3,1296.8,0,1,0,0,0,1,0,0,3,3,0,0.0,0.0,49.87692307692308,4.012772908528289,7.168425802187068,0
0,0,0,69,1,0,0,0,0,0,0,0,2,1,19.1,1268.85,0,1,0,1,0,0,1,0,1,4,0,38.2,0.0,18.12642857142857,3.0007198150650303,7.146654062240853,0
0,0,0,72,1,1,1,1,1,1,1,1,2,1,112.75,8192.6,0,0,1,0,1,0,0,1,8,4,1,225.5,112.75,112.22739726027397,4.7340030578310595,9.011108640708287,0
0,0,0,4,1,0,0,0,0,0,0,0,0,1,19.95,59.25,0,1,0,1,0,0,1,0,1,0,0,0.0,0.0,11.85,3.0421386463681466,4.098502572370764,1
0,1,1,59,1,0,0,0,0,0,0,0,2,0,19.5,1147.85,0,1,0,1,0,0,1,0,1,4,0,39.0,0.0,19.13083333333333,3.0204248861443626,7.046516721023712,0
0,0,0,67,1,0,1,0,1,0,0,1,2,0,65.55,4361.55,0,1,0,0,0,0,0,1,4,4,0,131.1,0.0,64.14044117647059,4.197953544841121,8.380812027763055,0
1,0,0,26,1,0,0,0,0,0,0,1,0,1,78.8,2006.1,0,0,1,0,0,1,0,0,2,3,0,0.0,78.8,74.3,4.379523504455763,7.604446173165448,0
0,0,0,27,1,0,0,1,1,1,1,1,1,0,78.2,2078.95,0,0,0,0,0,0,1,0,6,3,0,78.2,0.0,74.24821428571428,4.37197629882038,7.640099133944896,0
0,1,1,72,1,1,1,0,1,0,1,1,2,0,105.25,7609.75,0,1,1,0,0,0,0,1,6,4,1,210.5,105.25,104.2431506849315,4.665794807804526,8.937317000533062,0
0,0,0,6,1,0,0,0,1,1,0,1,0,1,89.25,487.05,0,0,1,0,0,1,0,0,4,0,0,0.0,89.25,69.57857142857144,4.502583597212991,6.1904178596209745,1
0,1,1,62,1,0,0,0,0,0,0,0,2,0,20.65,1218.45,0,1,0,1,1,0,0,1,1,4,0,41.3,0.0,19.340476190476192,3.075005454448499,7.106155216405431,0
0,0,0,20,1,1,0,1,0,1,1,0,1,1,68.7,1416.2,0,1,0,0,0,1,0,0,5,2,0,68.7,0.0,67.43809523809524,4.244200317766478,7.256438372991317,0
0,0,0,6,1,0,1,0,1,1,1,1,0,0,78.65,483.3,0,1,0,0,1,0,0,1,6,0,0,0.0,0.0,69.04285714285714,4.3776420363560575,6.182704549409183,1
0,0,0,51,1,1,0,0,0,0,0,0,2,0,24.75,1234.6,0,1,0,1,0,0,1,0,2,4,0,49.5,0.0,23.74230769230769,3.248434627109745,7.119311961044427,0
0,1,1,61,1,0,0,0,0,0,0,0,2,0,19.75,1311.6,0,0,0,1,1,0,0,1,1,4,0,39.5,0.0,21.154838709677417,3.0325462466767075,7.179765182039622,0
1,1,0,62,1,1,1,1,1,0,0,0,0,1,89.1,5618.3,0,1,1,0,0,1,0,0,5,4,0,0.0,89.1,89.17936507936508,4.500920164614292,8.633962379969956,0
0,0,0,72,1,1,1,0,0,1,0,0,2,1,84.7,6185.15,0,0,1,0,0,0,0,1,4,4,0,169.4,84.7,84.72808219178081,4.450852825603734,8.730068201253648,0
1,1,0,13,1,0,0,1,1,0,1,1,0,1,98.0,1237.85,1,1,1,0,0,1,0,0,5,2,1,0.0,98.0,88.41785714285713,4.59511985013459,7.121938808924836,0
0,1,0,5,1,0,0,0,1,0,1,1,0,1,94.45,498.1,1,1,1,0,0,1,0,0,4,0,1,0.0,94.45,83.01666666666667,4.558602550171757,6.2128064764755635,1
1,0,0,3,1,1,0,1,1,0,1,1,0,1,105.0,294.45,1,1,1,0,0,1,0,0,6,0,1,0.0,105.0,73.6125,4.663439094112067,5.688499617791684,1
1,1,0,26,1,1,0,1,1,0,0,1,0,1,93.85,2381.55,1,0,1,0,0,1,0,0,5,3,1,0.0,93.85,88.20555555555556,4.552296696381023,7.775926621667013,0
1,0,0,13,1,0,0,1,0,0,1,0,0,1,59.9,788.35,0,1,0,0,0,1,0,0,3,2,0,0.0,0.0,56.31071428571429,4.109233174715851,6.671209821977736,0
0,1,1,38,1,0,0,0,0,0,0,0,2,1,19.95,756.4,0,0,0,1,0,0,1,0,1,4,0,39.9,0.0,19.394871794871793,3.0421386463681466,6.629891515467694,0
1,1,0,8,1,1,0,0,0,0,0,1,0,1,84.0,613.4,1,0,1,0,0,1,0,0,3,1,0,0.0,84.0,68.15555555555555,4.442651256490317,6.420646181833463,0
1,1,1,34,1,1,0,1,1,1,1,1,0,1,108.9,3625.2,0,1,1,0,0,1,0,0,7,3,1,0.0,108.9,103.57714285714285,4.699570861409576,8.195940546991709,0
0,0,0,18,0,0,1,0,1,0,0,0,0,0,33.6,550.35,0,1,0,0,0,0,1,0,2,2,0,0.0,0.0,28.96578947368421,3.543853682063679,6.312369816204687,0
0,1,1,56,1,0,0,1,1,1,0,0,1,1,85.85,4793.8,0,1,1,0,0,0,1,0,4,4,0,85.85,85.85,84.10175438596491,4.464182492687114,8.475287276332946,0
0,0,0,36,0,0,0,1,0,1,0,0,0,1,34.85,1267.2,0,0,0,0,0,0,0,1,2,3,0,0.0,0.0,34.24864864864865,3.5793435670456293,7.145353851265932,0
0,1,0,9,0,0,0,0,1,0,1,1,0,1,48.75,442.2,1,0,0,0,0,1,0,0,3,1,0,0.0,0.0,44.22,3.907010463604602,6.094021135433074,0
0,0,0,1,1,0,0,0,1,0,1,0,0,1,84.85,84.85,1,1,1,0,0,1,0,0,3,0,0,0.0,84.85,42.425,4.4526015873434845,4.4526015873434845,1
0,0,0,12,1,0,1,0,0,1,0,0,0,0,56.65,654.85,1,1,0,0,0,0,1,0,3,1,0,0.0,0.0,50.37307692307692,4.054390246715068,6.485932104261154,0
1,1,1,57,1,0,0,1,1,1,1,0,0,1,95.3,5567.45,0,0,1,0,1,0,0,1,5,4,1,0.0,95.3,95.99051724137931,4.56746831880408,8.624872017714097,0
0,0,0,42,1,0,1,1,1,1,0,1,1,0,73.9,3160.55,1,0,0,0,1,0,0,1,6,4,0,73.9,0.0,73.50116279069768,4.316153890523174,8.058817692651166,0
0,1,1,33,1,1,0,0,0,0,0,0,2,1,24.5,740.3,1,0,0,1,0,0,1,0,2,3,0,49.0,0.0,21.773529411764706,3.2386784521643803,6.608405401662674,0
0,1,0,70,1,0,1,1,0,1,0,0,2,0,84.6,5706.2,0,1,1,0,0,0,0,1,4,4,0,169.2,84.6,80.36901408450704,4.449685283147696,8.649483814604627,0
0,0,0,68,0,0,0,1,0,1,0,1,0,0,44.95,3085.35,0,0,0,0,0,1,0,0,3,4,0,0.0,0.0,44.71521739130435,3.827553848801696,8.03474444191656,0
0,0,1,1,0,0,0,0,0,0,0,0,0,1,24.7,24.7,0,1,0,0,0,1,0,0,0,0,0,0.0,0.0,12.35,3.246490991901174,3.246490991901174,1
0,0,0,37,1,1,0,0,0,1,1,1,0,0,100.3,3541.4,0,0,1,0,1,0,0,1,5,4,1,0.0,100.3,93.19473684210527,4.618086411254637,8.172559742514318,0
0,0,1,4,1,1,0,0,0,0,0,0,0,1,25.45,84.2,0,0,0,1,0,0,1,0,2,0,0,0.0,0.0,16.84,3.2752561583043085,4.44500143383527,1
0,0,0,1,1,0,1,0,0,0,0,0,0,1,50.7,50.7,0,1,0,0,0,0,1,0,2,0,0,0.0,0.0,25.35,3.9454577815143836,3.9454577815143836,1
0,0,0,20,0,0,1,1,1,1,1,0,0,1,55.0,1165.55,0,1,0,0,1,0,0,1,5,2,0,0.0,0.0,55.50238095238095,4.02535169073515,7.061805953809062,0
0,1,1,72,1,0,1,1,0,1,1,0,2,0,68.4,4855.35,0,1,0,0,0,0,0,1,5,4,0,136.8,0.0,66.51164383561644,4.239886867512759,8.488042405924537,0
0,0,0,31,1,1,0,0,1,0,0,1,0,1,89.9,2806.9,1,0,1,0,0,1,0,0,4,3,1,0.0,89.9,87.715625,4.509760001183433,7.940192151975948,0
1,1,0,18,1,0,0,0,0,0,0,1,0,0,78.55,1422.65,1,1,1,0,0,1,0,0,2,2,0,0.0,78.55,74.8763157894737,4.376385754783795,7.260979275244611,0
0,1,0,11,1,0,0,0,0,0,1,0,0,1,55.05,608.15,0,1,0,0,0,0,0,1,2,1,0,0.0,0.0,50.67916666666667,4.026244149518169,6.412064542800416,0
0,1,1,33,1,0,0,0,0,0,0,0,2,0,19.8,641.35,0,0,0,1,1,0,0,1,1,3,0,39.6,0.0,18.863235294117647,3.0349529867072724,6.465133326477619,0
1,0,0,62,1,1,0,0,0,0,1,0,1,0,84.45,4959.15,0,0,1,0,0,1,0,0,3,4,0,84.45,84.45,78.71666666666665,4.4479314095616,8.509191261197179,0
0,0,0,1,0,0,0,0,1,1,0,0,0,0,35.9,35.9,0,0,0,0,0,0,1,0,2,0,0,0.0,0.0,17.95,3.6082115510464816,3.6082115510464816,1
0,1,0,16,1,0,1,1,0,0,0,0,0,0,80.75,1321.3,0,1,1,0,0,0,0,1,3,2,0,0.0,80.75,77.7235294117647,4.403665809777363,7.187127923562777,0
0,1,1,22,1,1,0,0,1,1,1,1,1,1,78.65,1663.75,0,1,0,0,0,0,1,0,6,2,0,78.65,0.0,72.33695652173913,4.3776420363560575,7.417430240990732,0
0,1,1,49,1,0,1,0,1,1,0,0,0,0,61.75,3024.15,0,0,0,0,0,0,0,1,4,4,0,0.0,0.0,60.483000000000004,4.139158578011894,8.014715956012418,0
0,1,1,36,1,0,1,0,1,0,0,1,1,1,63.7,2188.5,0,1,0,0,1,0,0,1,4,3,0,63.7,0.0,59.148648648648646,4.169761201506855,7.6914284862414535,0
0,1,0,42,1,1,0,1,1,1,0,1,0,1,99.45,4138.05,1,1,1,0,0,1,0,0,6,4,1,0.0,99.45,96.23372093023256,4.609660091260944,8.32822157188838,0
1,0,0,4,0,0,0,0,0,0,0,0,0,1,25.2,102.5,1,1,0,0,0,0,0,1,0,0,0,0.0,0.0,20.5,3.265759410767051,4.639571612705423,1
0,0,0,12,1,1,0,0,0,1,1,1,1,0,74.05,872.65,1,0,0,0,0,0,1,0,5,1,0,74.05,0.0,67.12692307692308,4.318154558079471,6.772679837785048,0
0,0,0,31,1,0,1,0,1,1,0,0,0,0,87.6,2724.25,0,0,1,0,0,1,0,0,4,3,0,0.0,87.6,85.1328125,4.484131857611035,7.910315446008468,0
0,1,0,5,1,1,1,0,0,0,0,1,0,1,89.15,413.25,0,1,1,0,0,1,0,0,4,0,0,0.0,89.15,68.875,4.501474949649326,6.026469656306673,1
0,1,1,66,1,0,0,0,0,0,0,0,2,0,20.0,1374.2,0,1,0,1,1,0,0,1,1,4,0,40.0,0.0,20.51044776119403,3.044522437723423,7.226354454068639,0
1,0,0,15,1,1,0,0,0,1,0,0,0,0,55.0,757.1,1,0,0,0,1,0,0,1,3,2,0,0.0,0.0,47.31875,4.02535169073515,6.630815303062258,0
0,0,0,64,1,1,0,1,1,0,1,1,2,1,104.4,6692.65,0,1,1,0,0,0,0,1,6,4,1,208.8,104.4,102.96384615384615,4.657762636107262,8.808914594775409,0
0,1,1,10,1,0,0,0,0,0,0,0,0,1,20.05,218.5,0,1,0,1,1,0,0,1,1,1,0,0.0,0.0,19.863636363636363,3.0469005601283903,5.391352232515226,0
0,1,1,7,1,0,0,1,0,1,1,0,0,1,89.75,608.8,1,1,1,0,0,1,0,0,4,1,0,0.0,89.75,76.1,4.5081084731449605,6.413131034554154,0
0,0,0,29,0,0,0,1,0,1,0,0,0,0,34.3,1004.75,0,1,0,0,0,1,0,0,2,3,0,0.0,0.0,33.49166666666667,3.563882963939251,6.9134888108298975,0
0,0,0,57,1,0,0,0,0,0,0,0,2,0,20.65,1125.6,0,1,0,1,0,0,0,1,1,4,0,41.3,0.0,19.406896551724138,3.075005454448499,7.0269595264606135,0
0,0,0,46,1,1,1,1,0,0,0,0,0,0,84.25,3847.6,0,0,1,0,0,0,1,0,4,4,0,0.0,84.25,81.86382978723404,4.445588116163626,8.255464724786458,0
0,0,0,53,1,0,0,0,0,0,0,0,2,0,19.65,978.0,0,1,0,1,0,0,0,1,1,4,0,39.3,0.0,18.11111111111111,3.027715319407042,6.88653164253051,0
0,0,0,17,1,0,1,1,0,1,1,1,1,0,79.85,1387.35,0,0,0,0,1,0,0,1,6,2,0,79.85,0.0,77.07499999999999,4.392595586023115,7.235871270662697,0
0,1,1,38,1,0,0,0,0,0,0,0,2,1,20.2,746.05,0,0,0,1,0,0,1,0,1,4,0,40.4,0.0,19.129487179487178,3.054001181677967,6.616132117297094,0
0,0,0,15,1,0,0,0,0,0,0,0,1,0,19.8,304.6,0,1,0,1,0,0,1,0,1,2,0,19.8,0.0,19.0375,3.0349529867072724,5.722277057292366,0
0,0,0,22,0,0,0,1,0,0,1,1,0,1,50.35,1098.85,0,0,0,0,0,1,0,0,3,2,0,0.0,0.0,47.77608695652174,3.9386649363745674,7.002929085851732,0
0,1,0,14,1,1,0,0,0,0,0,1,0,1,85.15,1139.2,1,1,1,0,0,1,0,0,3,2,0,0.0,85.15,75.94666666666667,4.456089962973938,7.038958964597482,0
0,1,0,57,1,1,0,1,1,1,1,0,1,0,74.6,4368.95,0,0,0,0,0,0,0,1,6,4,0,74.6,0.0,75.32672413793104,4.3254562831854875,8.382506846376582,0
1,0,0,11,1,0,0,0,0,0,0,1,0,1,79.15,827.7,0,1,1,0,1,0,0,1,2,1,0,0.0,79.15,68.97500000000001,4.383899879055562,6.719858207854997,0
0,1,1,1,1,0,0,0,0,0,0,0,2,0,20.35,20.35,0,0,0,1,0,0,1,0,1,0,0,40.7,0.0,10.175,3.0610517396746335,3.0610517396746335,1
0,1,1,12,1,0,0,0,0,0,0,0,2,0,21.05,262.05,0,1,0,1,0,0,0,1,1,1,0,42.1,0.0,20.157692307692308,3.093312601892855,5.572344128176816,0
1,1,0,3,1,1,0,0,0,0,1,1,0,1,94.6,279.55,1,1,1,0,0,1,0,0,4,0,1,0.0,94.6,69.8875,4.560172820057356,5.636751962196981,1
0,0,1,36,1,0,0,1,0,0,1,1,0,1,94.7,3512.5,0,1,1,0,0,1,0,0,4,3,1,0.0,94.7,94.93243243243244,4.5612182984589085,8.164367970632252,0
0,0,0,16,1,0,1,0,0,0,1,1,0,1,94.25,1483.25,1,1,1,0,0,1,0,0,4,2,1,0.0,94.25,87.25,4.55650501400681,7.302664873150785,0
0,1,1,65,1,1,1,1,1,0,0,1,1,0,72.45,4653.85,1,1,0,0,1,0,0,1,6,4,0,72.45,0.0,70.51287878787879,4.296604902619887,8.4456649657763,0
0,0,0,2,1,0,0,1,0,0,0,0,0,0,74.95,151.75,0,1,1,0,0,1,0,0,2,0,0,0.0,74.95,50.583333333333336,4.330075229041782,5.028802598051705,1
0,0,0,42,1,1,1,0,1,0,1,1,0,1,105.2,4400.75,1,0,1,0,0,1,0,0,6,4,1,0.0,105.2,102.34302325581395,4.665324108807838,8.389757468106554,0
0,1,1,72,1,0,1,1,1,1,1,1,2,0,111.95,8033.1,0,1,1,0,0,0,0,1,7,4,1,223.9,111.95,110.04246575342466,4.726945242914012,8.991450261941589,0
0,0,0,62,1,0,0,0,0,0,0,0,2,0,19.85,1253.65,0,1,0,1,0,0,0,1,1,4,0,39.7,0.0,19.899206349206352,3.0373539482448106,7.13461192820823,0
0,0,0,6,1,1,0,1,0,0,1,0,0,1,89.75,552.65,0,0,1,0,0,1,0,0,4,0,0,0.0,89.75,78.95,4.5081084731449605,6.316532718144117,1
0,1,0,48,1,0,0,0,0,0,0,0,2,1,20.05,1036.0,0,1,0,1,0,0,1,0,1,4,0,40.1,0.0,21.142857142857142,3.0469005601283903,6.9440872082295275,0
0,0,0,35,1,1,1,0,1,1,1,1,2,1,108.95,4025.5,0,1,1,0,0,1,0,0,7,3,1,217.9,108.95,111.81944444444444,4.70002571700077,8.3006527912356,0
0,0,1,52,1,0,0,0,0,0,0,0,1,0,19.65,928.4,0,1,0,1,1,0,0,1,1,4,0,19.65,0.0,17.516981132075472,3.027715319407042,6.834539216650878,0
0,0,0,1,0,0,0,0,0,0,0,0,0,1,24.9,24.9,0,0,0,0,0,0,1,0,0,0,0,0.0,0.0,12.45,3.254242968705492,3.254242968705492,1
0,1,0,6,1,1,0,0,0,0,1,0,0,1,82.85,460.25,1,1,1,0,0,1,0,0,3,0,0,0.0,82.85,65.75,4.429029488269218,6.133940195354737,1
0,1,0,71,1,1,1,1,1,1,1,1,2,0,93.2,6506.15,0,0,0,0,1,0,0,1,8,4,1,186.4,0.0,90.36319444444445,4.545420181582317,8.780656851327029,0
0,1,1,67,1,0,1,1,1,0,0,0,1,0,84.8,5598.3,0,0,1,0,0,0,0,1,4,4,0,84.8,84.8,82.32794117647059,4.4520190064939165,8.63039686891009,0
1,0,0,60,1,1,1,1,0,0,0,1,1,1,71.75,4374.55,0,1,0,0,0,1,0,0,5,4,0,71.75,0.0,71.71393442622951,4.287028906051602,8.38378750517605,0
0,1,1,23,0,0,0,0,0,1,0,0,0,1,30.35,678.75,0,1,0,0,0,0,0,1,1,2,0,0.0,0.0,28.28125,3.4452142670789296,6.52172508351258,0
0,0,1,39,0,0,0,0,1,1,1,1,1,0,54.85,2191.7,0,1,0,0,0,0,0,1,4,4,0,54.85,0.0,54.7925,4.02266952551521,7.692888940154456,0
0,1,1,15,1,0,0,0,0,0,0,0,1,1,19.5,239.75,0,1,0,1,0,0,1,0,1,2,0,19.5,0.0,14.984375,3.0204248861443626,5.483759050678235,0
1,1,0,53,1,1,0,1,1,0,1,1,0,1,103.85,5485.5,1,1,1,0,0,1,0,0,6,4,1,0.0,103.85,101.58333333333333,4.652530757347929,8.610045808430854,0
0,1,1,24,1,1,0,0,0,0,0,0,2,0,24.2,609.05,0,1,0,1,0,0,1,0,2,2,0,48.4,0.0,24.362,3.2268439945173775,6.413540921021343,0
0,1,1,37,1,0,0,0,0,0,0,0,0,0,19.35,683.75,0,0,0,1,0,1,0,0,1,4,0,0.0,0.0,17.99342105263158,3.013080911888604,6.529053808143187,0
0,1,1,5,1,0,0,1,0,0,0,1,0,1,83.6,404.2,1,0,1,0,0,1,0,0,3,0,0,0.0,83.6,67.36666666666666,4.437934266612178,6.004380772374528,1
1,1,0,50,1,1,0,0,0,1,1,1,1,1,100.65,5189.75,0,0,1,0,0,1,0,0,5,4,1,100.65,100.65,101.75980392156863,4.621535540074356,8.554633474390082,0
0,0,0,54,1,0,0,0,1,0,1,1,1,1,94.1,5060.9,0,0,1,0,1,0,0,1,4,4,1,94.1,94.1,92.01636363636364,4.554928969551344,8.529497185872401,0
0,0,0,3,1,0,1,0,0,0,0,0,0,1,74.55,233.65,0,0,1,0,0,1,0,0,2,0,0,0.0,74.55,58.4125,4.3247946887187485,5.458095042240426,1
0,0,0,68,1,1,0,1,1,1,1,1,1,0,108.45,7176.55,1,1,1,0,0,1,0,0,7,4,1,108.45,108.45,104.00797101449275,4.695467823968872,8.878713378184818,0
0,0,0,5,1,0,0,0,1,1,0,0,0,0,56.15,291.45,0,1,0,0,0,1,0,0,3,0,0,0.0,0.0,48.574999999999996,4.04567939024082,5.678293711889035,1
0,0,0,33,1,0,0,0,0,0,0,0,2,0,20.35,689.75,0,1,0,1,0,0,1,0,1,3,0,40.7,0.0,20.28676470588235,3.0610517396746335,6.537777963803526,0
0,0,0,41,1,1,0,1,1,0,1,1,1,1,80.55,3263.9,0,0,0,0,0,1,0,0,6,4,0,80.55,0.0,77.71190476190476,4.401216329067023,8.090984413370126,0
0,1,1,34,0,0,1,0,1,1,1,1,1,0,61.25,1993.2,0,0,0,0,0,0,1,0,5,3,0,61.25,0.0,56.94857142857143,4.131158535344817,7.597998246394693,0
0,1,1,13,1,0,0,0,0,0,0,0,0,1,20.45,254.5,0,0,0,1,0,0,1,0,1,2,0,0.0,0.0,18.178571428571427,3.065724645374026,5.543222409643759,0
0,0,0,20,1,0,0,0,0,0,0,0,0,1,18.9,347.65,0,0,0,1,1,0,0,1,1,2,0,0.0,0.0,16.554761904761904,2.990719731730447,5.85406855366702,0
1,0,0,51,1,0,0,0,0,0,0,0,2,0,19.6,967.9,0,0,0,1,1,0,0,1,1,4,0,39.2,0.0,18.61346153846154,3.0252910757955354,6.876161407390958,0
0,1,0,3,1,1,0,1,0,0,0,1,0,1,91.5,242.95,1,0,1,0,1,0,0,1,4,0,1,0.0,91.5,60.7375,4.52720864451838,5.496963286261846,1
0,0,1,41,1,0,0,0,0,0,0,0,0,0,45.2,1841.9,0,0,0,0,0,0,0,1,1,4,0,0.0,0.0,43.85476190476191,3.832979798087693,7.519095696837992,0
0,0,0,13,1,0,0,0,0,0,0,0,0,0,19.45,232.1,0,0,0,1,1,0,0,1,1,2,0,0.0,0.0,16.57857142857143,3.017982882488811,5.4514675460417115,0
0,1,1,35,1,1,0,0,0,0,0,0,2,0,25.45,809.25,0,1,0,1,0,0,0,1,2,3,0,50.9,0.0,22.479166666666668,3.2752561583043085,6.697342842021657,0
0,1,0,12,1,0,1,0,0,1,0,0,0,0,80.85,866.45,1,1,1,0,0,0,0,1,3,1,0,0.0,80.85,66.65,4.404888303817144,6.765557873272337,0
0,0,0,4,1,0,1,1,0,1,0,1,0,1,94.9,360.55,0,1,1,0,0,0,1,0,5,0,1,0.0,94.9,72.11,4.563305981889393,5.890400344620961,1
0,0,0,43,0,0,0,0,1,0,1,1,0,1,49.05,2076.2,1,0,0,0,0,0,0,1,3,4,0,0.0,0.0,47.18636363636363,3.9130225057612296,7.638776111970164,0
1,1,1,12,0,0,0,0,0,1,0,0,0,1,29.3,355.9,0,0,0,0,0,0,1,0,1,1,0,0.0,0.0,27.376923076923074,3.4111477125153233,5.877455630496114,0
1,1,0,68,1,1,0,1,1,0,1,1,0,1,105.3,7299.65,1,1,1,0,0,1,0,0,6,4,1,0.0,105.3,105.79202898550724,4.666265285347902,8.89571866426845,0
1,0,0,25,1,1,0,1,0,0,1,0,0,1,88.95,2291.2,1,1,1,0,0,1,0,0,4,3,0,0.0,88.95,88.12307692307692,4.499253960396542,7.737267334062599,0
0,0,0,7,1,0,0,0,0,0,0,0,1,0,20.25,129.15,0,0,0,1,0,0,1,0,1,1,0,20.25,0.0,16.14375,3.056356895370426,4.868687631440574,0
1,1,0,66,1,1,0,1,1,1,1,1,1,1,110.85,7491.75,1,1,1,0,0,1,0,0,7,4,1,110.85,110.85,111.81716417910448,4.717158687936139,8.921691165334195,0
0,1,0,53,1,0,1,1,1,1,1,1,1,0,110.5,5835.5,0,0,1,0,0,1,0,0,7,4,1,110.5,110.5,108.06481481481481,4.7140245909001735,8.671886581092718,0
1,0,0,63,1,1,1,1,1,0,1,1,0,1,109.4,7031.45,0,1,1,0,0,0,0,1,7,4,1,0.0,109.4,109.86640625,4.704110133842995,8.858290430491598,0
0,1,1,70,1,1,1,1,1,1,1,1,2,1,114.2,7723.9,1,0,1,0,0,0,0,1,8,4,1,228.4,114.2,108.78732394366196,4.746669748261791,8.95220415669834,0
1,1,0,27,0,0,0,0,0,0,0,1,0,0,36.5,1032.0,1,1,0,0,0,0,0,1,1,3,0,0.0,0.0,36.857142857142854,3.624340932976365,6.940222469119639,0
0,0,0,1,1,0,0,0,0,0,0,0,0,0,70.75,70.75,1,0,1,0,0,0,1,0,1,0,0,0.0,70.75,35.375,4.273187854639731,4.273187854639731,1
0,0,0,5,1,0,0,0,0,0,0,0,0,0,19.95,109.6,0,0,0,1,0,0,1,0,1,0,0,0.0,0.0,18.266666666666666,3.0421386463681466,4.7059200890882344,1
1,1,0,37,1,0,0,0,0,0,0,0,1,0,19.6,727.8,0,0,0,1,0,0,1,0,1,4,0,19.6,0.0,19.152631578947368,3.0252910757955354,6.5913993459457485,0
0,0,0,3,0,0,0,0,1,0,1,0,0,1,40.15,130.75,1,1,0,0,0,0,1,0,2,0,0,0.0,0.0,32.6875,3.717223927123079,4.880906187421472,1
0,0,1,12,1,1,0,0,0,0,0,0,0,1,76.6,893.0,0,0,1,0,0,1,0,0,2,1,0,0.0,76.6,68.6923076923077,4.351567427189173,6.795705775173514,0
0,1,1,38,1,0,0,0,0,0,0,0,1,0,19.6,763.1,0,0,0,1,1,0,0,1,1,4,0,19.6,0.0,19.566666666666666,3.0252910757955354,6.638698670653521,0
0,0,0,9,1,0,0,0,1,0,0,1,0,1,85.3,781.4,0,0,1,0,1,0,0,1,3,1,0,0.0,85.3,78.14,4.457829598089382,6.662366118720607,0
0,1,0,13,1,1,1,0,0,0,0,1,0,1,65.85,902.25,0,1,0,0,0,1,0,0,4,2,0,0.0,0.0,64.44642857142857,4.202451303547952,6.80599937002775,0
1,1,0,29,1,1,0,0,0,0,1,1,0,1,94.45,2653.65,1,1,1,0,0,1,0,0,4,3,1,0.0,94.45,88.455,4.558602550171757,7.884068098244135,0
0,1,1,47,1,0,0,0,0,0,0,0,2,0,20.05,1016.7,0,0,0,1,1,0,0,1,1,4,0,40.1,0.0,21.181250000000002,3.0469005601283903,6.925300458197886,0
0,1,0,61,1,1,1,0,1,1,1,0,0,0,99.4,5943.65,0,1,1,0,0,0,0,1,6,4,1,0.0,99.4,95.86532258064516,4.609162207257629,8.690246934389275,0
0,0,0,16,1,0,0,0,0,0,0,0,0,0,20.0,275.7,0,1,0,1,0,0,1,0,1,2,0,0.0,0.0,16.21764705882353,3.044522437723423,5.62293388679288,0
0,1,1,41,1,0,1,1,0,1,1,1,2,0,78.45,3126.45,0,0,0,0,0,1,0,0,6,4,0,156.9,0.0,74.43928571428572,4.375127892982725,8.047973255003038,0
0,0,1,43,1,1,0,0,0,0,0,0,2,1,25.1,1070.15,0,0,0,1,0,1,0,0,2,4,0,50.2,0.0,24.32159090909091,3.261935314328648,6.976488116663229,0
0,1,1,36,1,1,0,1,1,0,1,0,0,1,97.35,3457.9,1,0,1,0,0,0,0,1,5,3,1,0.0,97.35,93.45675675675676,4.5885325448350684,8.148705898429643,0
0,0,0,6,1,0,0,0,0,0,0,1,0,1,55.0,340.4,0,0,0,0,0,1,0,0,2,0,0,0.0,0.0,48.628571428571426,4.02535169073515,5.83305481036034,1
0,0,0,58,1,1,1,1,1,1,0,0,1,1,71.1,4299.2,0,0,0,0,1,0,0,1,6,4,0,71.1,0.0,72.86779661016949,4.278054044290903,8.366416812227929,0
0,0,0,19,1,0,0,0,0,1,1,0,0,1,61.55,1093.2,0,1,0,0,1,0,0,1,3,2,0,0.0,0.0,54.660000000000004,4.13596623691292,6.997778781629726,0
0,1,0,11,1,0,0,0,0,0,0,0,0,1,45.9,521.9,0,1,0,0,0,0,0,1,1,1,0,0.0,0.0,43.49166666666667,3.8480176754522337,6.259390241194085,0
0,0,0,39,0,0,1,1,0,1,0,0,1,1,40.3,1630.4,0,0,0,0,0,0,0,1,3,4,0,40.3,0.0,40.760000000000005,3.720862499966987,7.39719382086648,0
1,0,0,8,1,0,0,1,0,0,1,0,0,1,87.1,713.6,0,0,1,0,0,1,0,0,3,1,0,0.0,87.1,79.28888888888889,4.478472532942134,6.571722945589309,0
0,0,1,26,1,1,0,0,0,0,0,0,0,1,49.5,1265.65,0,0,0,0,0,0,1,0,2,3,0,0.0,0.0,46.87592592592593,3.9219733362813143,7.144130899065065,0
1,0,0,53,1,0,0,1,0,0,0,0,0,1,73.8,4003.85,0,0,1,0,1,0,0,1,2,4,0,0.0,73.8,74.14537037037037,4.314817884980432,8.29526140561755,0
0,1,1,70,1,0,0,0,0,0,0,0,2,1,19.2,1401.4,0,0,0,1,0,0,1,0,1,4,0,38.4,0.0,19.738028169014086,3.005682604407159,7.245940333607025,0
0,0,0,1,0,0,0,0,0,0,1,1,0,1,45.3,45.3,1,1,0,0,0,0,1,0,2,0,0,0.0,0.0,22.65,3.835141961092188,3.835141961092188,1
0,0,0,59,1,1,0,0,0,0,0,0,2,0,25.0,1510.5,0,1,0,1,0,0,1,0,2,4,0,50.0,0.0,25.175,3.258096538021482,7.320857814219512,0
0,0,0,2,1,0,0,0,1,0,1,1,0,0,94.95,178.1,1,1,1,0,0,1,0,0,4,0,1,0.0,94.95,59.36666666666667,4.563827222453709,5.187944309066666,1
0,0,0,7,0,0,1,0,1,0,0,0,1,0,35.3,264.8,0,1,0,0,0,0,1,0,2,1,0,35.3,0.0,33.1,3.591817741270805,5.582744146279145,0
0,0,1,12,1,0,0,0,0,0,0,0,0,1,44.55,480.6,1,0,0,0,0,1,0,0,1,1,0,0.0,0.0,36.96923076923077,3.8188106237059674,6.177113893994611,0
0,1,1,59,1,0,0,1,1,1,1,1,1,0,76.75,4541.9,0,1,0,0,1,0,0,1,6,4,0,76.75,0.0,75.69833333333332,4.353498551059343,8.42132085363072,0
0,1,1,61,1,1,0,0,1,1,1,1,2,1,81.0,4976.15,0,1,0,0,0,0,0,1,6,4,0,162.0,0.0,80.26048387096773,4.406719247264253,8.512612717042128,0
0,1,1,72,1,1,1,0,1,0,1,1,2,1,105.55,7542.25,0,1,1,0,0,0,0,1,6,4,1,211.1,105.55,103.31849315068493,4.668614358544626,8.928408402616084,0
0,1,1,13,1,0,0,0,0,0,0,0,0,0,18.8,251.25,0,0,0,1,0,0,1,0,1,2,0,0.0,0.0,17.946428571428573,2.9856819377004897,5.530420659233719,0
0,1,1,64,1,1,0,0,0,0,0,0,1,0,24.9,1595.5,0,0,0,1,0,0,1,0,2,4,0,24.9,0.0,24.546153846153846,3.254242968705492,7.375569012154837,0
0,1,0,1,0,0,0,0,0,0,0,0,0,1,23.45,23.45,1,1,0,0,0,1,0,0,0,0,0,0.0,0.0,11.725,3.196630215920881,3.196630215920881,1
0,0,0,10,1,0,0,1,0,1,0,1,1,0,64.9,685.55,0,0,0,0,0,0,1,0,4,1,0,64.9,0.0,62.32272727272727,4.188138441508461,6.531679055767761,0
0,1,1,65,1,0,1,1,1,0,0,0,1,0,61.35,3874.1,0,0,0,0,0,0,0,1,4,4,0,61.35,0.0,58.698484848484846,4.132763672126045,8.26232674790608,0
0,1,0,62,1,1,1,1,1,1,1,1,2,0,113.95,6891.4,0,0,1,0,0,0,1,0,8,4,1,227.9,113.95,109.38730158730158,4.74449725120919,8.838174634268944,0
0,1,0,55,1,1,1,1,1,1,1,1,1,1,90.15,4916.95,0,0,0,0,0,1,0,0,8,4,1,90.15,0.0,87.80267857142857,4.512506501124672,8.500647055990012,0
0,1,0,25,1,1,0,1,0,0,0,0,0,0,54.1,1373.0,0,0,0,0,0,1,0,0,3,3,0,0.0,0.0,52.80769230769231,4.009149716158869,7.2254814727822945,0
0,0,0,1,0,0,1,0,0,0,0,0,0,0,29.7,29.7,1,1,0,0,0,0,1,0,1,0,0,0.0,0.0,14.85,3.4242626545931514,3.4242626545931514,1
0,0,0,1,1,0,1,0,0,0,0,0,0,1,49.8,49.8,0,1,0,0,1,0,0,1,2,0,0,0.0,0.0,24.9,3.927896354584436,3.927896354584436,1
0,1,0,59,1,1,0,1,0,0,1,1,0,0,101.1,6039.9,1,0,1,0,0,1,0,0,5,4,1,0.0,101.1,100.66499999999999,4.625952725170619,8.706308286450993,0
1,1,1,64,1,1,0,0,0,0,0,0,2,1,24.4,1548.65,0,1,0,1,0,0,0,1,2,4,0,48.8,0.0,23.825384615384618,3.2347491740244907,7.3457843779635645,0
0,1,0,36,1,1,0,0,0,0,1,1,0,1,95.0,3440.25,0,1,1,0,0,0,0,1,4,3,1,0.0,95.0,92.97972972972973,4.564348191467836,8.143590056456818,0
0,0,0,3,1,1,0,0,0,0,0,0,0,1,50.65,151.3,1,0,0,0,0,0,1,0,2,0,0,0.0,0.0,37.825,3.9444901955656477,5.025852259901116,1
0,1,0,61,1,1,1,0,1,0,0,1,2,1,69.9,4226.7,0,1,0,0,0,0,1,0,5,4,0,139.8,0.0,68.17258064516129,4.2612704335380815,8.349413388938133,0
0,0,1,26,0,0,0,1,0,0,1,0,1,1,39.95,1023.75,0,1,0,0,0,0,0,1,2,3,0,39.95,0.0,37.916666666666664,3.7123518102990785,6.932203959384447,0
0,0,0,1,1,0,0,0,0,0,0,1,0,1,55.4,55.4,1,0,0,0,0,1,0,0,2,0,0,0.0,0.0,27.7,4.032469158504013,4.032469158504013,1
1,1,0,1,1,1,0,1,0,0,1,0,0,1,90.6,90.6,1,0,1,0,0,1,0,0,4,0,1,0.0,90.6,45.3,4.517431271680085,4.517431271680085,1
0,1,1,68,1,0,1,1,1,0,1,1,2,1,103.25,7074.4,0,1,1,0,1,0,0,1,6,4,1,206.5,103.25,102.52753623188406,4.646791860678911,8.86437925801575,0
1,1,0,2,1,1,0,0,0,0,1,0,0,1,86.85,156.35,1,1,1,0,0,0,1,0,3,0,0,0.0,86.85,52.11666666666667,4.4756308146331065,5.058472623510416,1
0,1,0,72,1,1,1,1,1,1,0,0,2,1,94.25,6849.75,0,0,1,0,0,0,0,1,6,4,1,188.5,94.25,93.83219178082192,4.55650501400681,8.832113414313877,0
0,1,0,71,0,0,0,0,1,1,0,1,2,1,47.05,3263.6,0,0,0,0,0,1,0,0,3,4,0,94.1,0.0,45.327777777777776,3.8722421354163012,8.090892522719935,0
0,0,0,57,1,0,0,0,0,0,0,0,2,0,20.55,1252.85,0,1,0,1,1,0,0,1,1,4,0,41.1,0.0,21.600862068965515,3.070375816549757,7.133974096813275,0
0,0,0,4,1,0,0,0,0,0,0,0,0,1,19.65,67.55,0,1,0,1,0,0,1,0,1,0,0,0.0,0.0,13.51,3.027715319407042,4.227563406008323,1
1,0,0,1,1,0,0,0,0,0,0,0,0,1,70.2,70.2,0,0,1,0,0,1,0,0,1,0,0,0.0,70.2,35.1,4.26549281841793,4.26549281841793,1
0,1,1,72,1,1,1,1,1,1,0,1,2,0,81.0,5750.0,0,1,0,0,1,0,0,1,7,4,0,162.0,0.0,78.76712328767124,4.406719247264253,8.657129031713755,0
0,1,1,21,1,1,1,0,0,0,1,1,1,1,75.9,1549.75,0,1,0,0,0,0,0,1,5,2,0,75.9,0.0,70.44318181818181,4.3425058765115985,7.346493963853227,0
0,1,1,71,1,1,0,0,0,0,0,0,2,0,24.7,1810.55,0,0,0,1,0,0,0,1,2,4,0,49.4,0.0,25.146527777777777,3.246490991901174,7.501938111389494,0
1,1,0,29,1,1,0,0,1,0,1,1,0,1,99.05,2952.85,1,0,1,0,0,0,0,1,5,3,1,0.0,99.05,98.42833333333333,4.605670061029742,7.990864683196767,0
1,0,0,69,1,1,1,0,1,1,1,1,2,0,110.25,7467.55,0,0,1,0,1,0,0,1,7,4,1,220.5,110.25,106.67928571428571,4.711779921046349,8.9184561495127,0
0,1,0,64,1,1,1,0,1,1,1,1,2,1,85.0,5484.4,0,0,0,0,1,0,0,1,7,4,0,170.0,0.0,84.3753846153846,4.454347296253507,8.609845296212608,0
0,0,0,16,1,0,0,0,0,0,0,0,0,0,19.75,294.9,0,1,0,1,1,0,0,1,1,2,0,0.0,0.0,17.34705882352941,3.0325462466767075,5.690021559406164,0
0,0,0,4,1,1,0,0,0,0,0,0,1,0,23.9,97.5,0,0,0,1,0,1,0,0,2,0,0,23.9,0.0,19.5,3.214867803470662,4.590056548178043,1
0,0,0,52,1,1,1,1,0,1,1,1,1,1,111.25,5916.45,1,0,1,0,1,0,0,1,7,4,1,111.25,111.25,111.6311320754717,4.720728526622364,8.685660891838289,0
0,0,0,2,1,0,1,0,1,0,0,0,0,1,55.1,113.35,1,1,0,0,0,0,1,0,3,0,0,0.0,0.0,37.78333333333333,4.027135812528651,4.73926392046879,1
0,0,0,1,1,0,0,0,0,0,0,0,0,0,19.95,19.95,0,1,0,1,0,0,1,0,1,0,0,0.0,0.0,9.975,3.0421386463681466,3.0421386463681466,1
0,0,0,18,0,0,0,0,0,0,0,0,0,0,25.15,476.8,0,1,0,0,0,0,1,0,0,2,0,0.0,0.0,25.094736842105263,3.263849190510932,6.169192234891709,0
0,0,0,2,1,1,0,1,0,0,0,0,0,0,54.15,101.65,0,0,0,0,0,0,1,0,3,0,0,0.0,0.0,33.88333333333333,4.0100567456995115,4.6313251434649425,1
0,1,0,19,1,0,0,1,0,0,0,1,0,1,59.8,1130.85,0,0,0,0,0,0,1,0,3,2,0,0.0,0.0,56.5425,4.107589788972121,7.031608741149134,0
0,0,0,40,1,1,0,0,0,0,0,1,0,0,83.85,3532.25,0,0,1,0,0,0,0,1,3,4,0,0.0,83.85,86.15243902439025,4.440884991680235,8.16997340624826,0
1,1,1,66,1,1,0,1,1,0,1,1,1,1,104.9,6891.45,0,0,1,0,0,1,0,0,6,4,1,104.9,104.9,102.85746268656716,4.662495252607361,8.83818188860976,0
0,0,0,21,1,1,0,0,0,0,0,0,0,0,75.3,1570.7,0,1,1,0,0,0,1,0,2,2,0,0.0,75.3,71.39545454545454,4.334672938290411,7.359913115082284,0
0,0,0,8,1,0,0,1,0,1,1,0,0,1,66.65,520.95,0,1,0,0,0,1,0,0,4,1,0,0.0,0.0,57.88333333333334,4.214347354616797,6.2575717978543075,0
0,1,1,72,1,0,1,1,1,1,1,1,2,1,109.5,7854.9,0,0,1,0,1,0,0,1,7,4,1,219.0,109.5,107.60136986301369,4.705015520957808,8.96902012082905,0
0,0,0,48,1,1,0,1,1,1,1,0,1,1,73.85,3581.4,0,0,0,0,0,0,0,1,6,4,0,73.85,0.0,73.08979591836734,4.3154861108656375,8.183788245844491,0
0,0,0,69,1,0,0,0,0,0,0,0,2,1,19.3,1447.9,0,1,0,1,0,0,0,1,1,4,0,38.6,0.0,20.684285714285714,3.0106208860477417,7.278559926826676,0
0,0,0,72,1,1,1,1,1,1,1,1,2,1,118.2,8547.15,0,1,1,0,0,1,0,0,8,4,1,236.4,118.2,117.08424657534246,4.7808027546312495,9.05347016424951,0
0,0,0,14,1,0,0,1,0,0,0,0,1,0,51.45,727.85,0,0,0,0,1,0,0,1,2,2,0,51.45,0.0,48.52333333333333,3.9598603348423063,6.5914679495200215,0
0,0,0,6,1,0,0,1,0,0,1,0,0,0,59.45,357.6,0,1,0,0,0,1,0,0,3,0,0,0.0,0.0,51.08571428571429,4.101816577060802,5.8822075611710325,1
0,1,1,8,1,0,0,0,0,0,0,0,2,0,19.5,159.35,0,0,0,1,0,0,0,1,1,1,0,39.0,0.0,17.705555555555556,3.0204248861443626,5.077358926139164,0
0,0,0,17,1,0,0,0,0,0,0,0,1,0,19.55,280.85,0,0,0,1,0,0,1,0,1,2,0,19.55,0.0,15.60277777777778,3.022860940942244,5.6413750145275845,0
0,0,0,65,1,1,1,0,0,1,0,1,1,0,93.55,6069.25,0,1,1,0,0,1,0,0,5,4,1,93.55,93.55,91.95833333333333,4.549128795104466,8.711155069366868,0
0,1,1,57,1,0,1,0,1,1,0,0,1,1,59.3,3274.35,0,0,0,0,0,0,1,0,4,4,0,59.3,0.0,56.45431034482758,4.09933210373314,8.094180012588144,0
0,1,0,13,1,1,0,0,1,0,1,1,0,1,102.25,1359.0,1,1,1,0,1,0,0,1,5,2,1,0.0,102.25,97.07142857142857,4.637153231841142,7.215239978730097,0
1,0,0,19,1,0,0,0,1,0,1,1,0,1,95.9,1777.9,1,1,1,0,1,0,0,1,4,2,1,0.0,95.9,88.89500000000001,4.5736795188967205,7.483750474731224,0
0,1,0,56,1,1,1,1,1,0,1,1,1,0,109.8,6109.65,0,0,1,0,0,0,0,1,7,4,1,109.8,109.8,107.18684210526315,4.707726774313183,8.717788429486097,0
0,1,0,14,1,0,0,0,0,0,0,1,0,1,78.1,1122.4,0,0,1,0,0,1,0,0,2,2,0,0.0,78.1,74.82666666666667,4.370712874773608,7.0241150800983325,0
0,1,0,52,0,0,1,0,0,0,0,1,0,1,39.9,2020.9,0,1,0,0,0,1,0,0,2,4,0,0.0,0.0,38.130188679245286,3.711130063048756,7.611792942373255,0
0,0,0,58,1,0,1,1,1,1,0,0,2,1,64.9,3795.45,0,0,0,0,1,0,0,1,5,4,0,129.8,0.0,64.32966101694915,4.188138441508461,8.24182169854154,0
1,0,0,47,1,1,0,1,0,1,1,0,0,1,95.05,4504.55,1,0,1,0,0,1,0,0,5,4,1,0.0,95.05,93.84479166666667,4.564868889214566,8.413065249160956,0
0,0,0,67,0,0,0,0,1,1,1,1,0,1,53.4,3579.15,0,0,0,0,1,0,0,1,4,4,0,0.0,0.0,52.63455882352941,3.996364153861897,8.18315997795833,0
0,0,0,2,0,0,0,0,0,0,0,0,0,1,24.9,49.7,0,1,0,0,1,0,0,1,0,0,0,0.0,0.0,16.566666666666666,3.254242968705492,3.9259259105971376,1
1,0,0,6,1,0,0,0,0,0,0,0,0,0,44.7,276.5,0,1,0,0,1,0,0,1,1,0,0,0.0,0.0,39.5,3.822098297900159,5.625820933186489,1
0,1,1,71,1,1,1,1,1,1,1,1,2,1,114.0,8175.9,0,1,1,0,0,0,0,1,8,4,1,228.0,114.0,113.55416666666666,4.74493212836325,9.009068384663204,0
0,1,1,46,1,0,0,0,0,0,0,0,2,0,20.25,890.35,0,0,0,1,0,0,0,1,1,4,0,40.5,0.0,18.943617021276598,3.056356895370426,6.7927371673978705,0
0,0,0,5,1,0,1,0,0,1,0,0,0,0,53.85,259.8,1,0,0,0,1,0,0,1,3,0,0,0.0,0.0,43.300000000000004,4.00460218672124,5.563753830052498,1
1,1,0,67,1,1,1,1,0,0,0,0,0,0,83.85,5588.8,0,1,1,0,0,0,0,1,4,4,0,0.0,83.85,82.18823529411765,4.440884991680235,8.628698787333777,0
0,0,1,3,1,0,0,0,0,0,0,0,0,0,20.2,50.6,0,1,0,1,0,0,0,1,1,0,0,0.0,0.0,12.65,3.054001181677967,3.9435216724875173,1
0,0,0,3,1,0,0,0,0,0,0,0,0,0,19.95,58.0,0,0,0,1,0,0,1,0,1,0,0,0.0,0.0,14.5,3.0421386463681466,4.07753744390572,1
1,1,0,52,1,1,1,0,1,0,1,1,0,1,104.2,5568.35,1,1,1,0,0,1,0,0,6,4,1,0.0,104.2,105.06320754716982,4.65586330030361,8.625033629522884,0
0,1,0,42,1,1,0,0,0,0,0,0,0,1,50.25,2203.65,1,0,0,0,0,1,0,0,2,4,0,0.0,0.0,51.24767441860465,3.9367156180185177,7.698324045123251,0
0,1,1,50,1,0,0,0,0,0,0,0,1,1,20.35,938.95,0,1,0,1,0,0,1,0,1,4,0,20.35,0.0,18.41078431372549,3.0610517396746335,6.84582668235997,0
1,1,0,23,1,0,1,1,0,0,0,1,0,1,90.0,2024.1,0,1,1,0,0,1,0,0,4,2,1,0.0,90.0,84.33749999999999,4.51085950651685,7.613374361037403,0
0,1,1,67,0,0,1,1,1,1,1,0,2,0,54.2,3623.95,0,0,0,0,1,0,0,1,5,4,0,108.4,0.0,53.29338235294117,4.01096295328305,8.1955957740902,0
0,0,0,25,1,0,0,1,1,0,1,1,0,1,99.5,2369.05,1,0,1,0,0,1,0,0,5,3,1,0.0,99.5,91.1173076923077,4.61015772749913,7.770666330953051,0
1,1,0,39,1,0,1,1,0,0,1,1,1,0,99.1,3877.95,0,0,1,0,0,0,1,0,5,4,1,99.1,99.1,96.94874999999999,4.6061696863211745,8.26331977743681,0
0,0,0,69,1,1,1,1,0,1,0,0,2,1,66.9,4577.9,0,0,0,0,0,0,1,0,5,4,0,133.8,0.0,65.39857142857143,4.21803603456465,8.429214073589186,0
0,0,0,1,0,0,0,0,0,0,0,0,1,0,25.85,25.85,0,0,0,0,0,0,1,0,0,0,0,25.85,0.0,12.925,3.2902658209548736,3.2902658209548736,1
0,0,0,32,1,0,0,0,0,0,1,1,0,0,91.05,2871.5,0,1,1,0,0,1,0,0,3,3,1,0.0,91.05,87.01515151515152,4.522331907679087,7.962938009722911,0
0,0,0,9,1,0,0,0,0,0,0,0,0,0,71.0,672.55,1,0,1,0,0,1,0,0,1,1,0,0.0,71.0,67.255,4.276666119016055,6.512562232144577,0
0,0,0,16,1,0,0,1,1,0,0,1,0,1,93.2,1573.7,1,0,1,0,1,0,0,1,4,2,1,0.0,93.2,92.57058823529412,4.545420181582317,7.361820056926364,0
0,1,1,60,1,0,0,0,0,0,0,0,2,1,20.95,1270.55,0,1,0,1,0,0,0,1,1,4,0,41.9,0.0,20.828688524590163,3.08876713952118,7.147991907722524,0
0,1,1,72,1,1,0,1,1,1,1,1,2,1,109.2,7711.45,0,0,1,0,0,0,0,1,7,4,1,218.4,109.2,105.636301369863,4.702296896718814,8.950591185210456,0
0,1,0,5,1,0,0,0,0,0,0,0,0,0,19.35,126.05,1,1,0,1,0,0,1,0,1,0,0,0.0,0.0,21.008333333333333,3.013080911888604,4.8445807097661735,1
1,0,0,26,1,0,1,0,0,0,1,0,0,1,85.8,2193.65,0,0,1,0,1,0,0,1,3,3,0,0.0,85.8,81.2462962962963,4.463606621666305,7.693777859492281,0
0,0,0,3,1,0,0,0,0,0,0,0,0,0,19.85,64.55,1,1,0,1,0,0,1,0,1,0,0,0.0,0.0,16.1375,3.0373539482448106,4.182813210209709,1
0,0,0,2,1,0,0,0,0,0,0,0,0,1,19.65,31.2,0,1,0,1,0,1,0,0,1,0,0,0.0,0.0,10.4,3.027715319407042,3.4719664525503626,1
0,0,1,2,1,0,0,0,0,0,0,0,1,0,20.5,38.25,0,0,0,1,0,0,0,1,1,0,0,20.5,0.0,12.75,3.068052935133617,3.6699514442284173,1
0,0,0,36,1,1,1,0,1,1,1,1,1,1,89.65,3348.1,0,0,0,0,1,0,0,1,7,3,0,89.65,0.0,90.48918918918919,4.50700593720086,8.116446932008014,0
0,0,0,7,1,0,1,0,0,0,0,0,0,0,74.35,533.6,0,1,1,0,0,0,1,0,2,1,0,0.0,74.35,66.7,4.3221439250725044,6.281518803704818,0
1,1,0,60,0,0,0,1,0,0,1,1,2,1,49.45,2907.55,0,0,0,0,1,0,0,1,3,4,0,98.9,0.0,47.66475409836066,3.920982746799618,7.975409954194973,0
0,1,0,19,1,1,0,1,0,0,0,1,0,1,89.1,1620.8,0,0,1,0,0,1,0,0,4,2,0,0.0,89.1,81.03999999999999,4.500920164614292,7.391291922510457,0
1,1,0,45,1,1,1,0,1,1,0,1,2,0,75.15,3480.35,0,1,0,0,1,0,0,1,6,4,0,150.3,0.0,75.65978260869565,4.332705079341171,8.155175428577213,0
1,0,0,4,1,0,0,0,0,0,0,0,0,1,70.65,293.85,0,1,1,0,0,1,0,0,1,0,0,0.0,70.65,58.77,4.271793154274181,5.686466752446513,1
0,1,1,31,1,1,0,0,1,1,1,1,0,1,104.2,3243.45,1,0,1,0,0,1,0,0,6,3,1,0.0,104.2,101.3578125,4.65586330030361,8.084701123247454,0
0,1,1,47,1,0,1,0,1,0,0,1,0,0,90.05,4137.2,0,1,1,0,0,1,0,0,4,4,1,0.0,90.05,86.19166666666666,4.511408806173617,8.3280161896653,0
0,0,0,1,1,0,0,0,0,0,0,1,0,1,79.25,79.25,1,1,1,0,0,1,0,0,2,0,0,0.0,79.25,39.625,4.385146762010125,4.385146762010125,1
0,0,0,1,1,0,0,0,0,0,0,0,0,1,44.9,44.9,1,0,0,0,0,0,0,1,1,0,0,0.0,0.0,22.45,3.8264651170664994,3.8264651170664994,1
0,0,0,1,1,0,0,0,0,0,0,0,0,0,19.4,19.4,0,0,0,1,1,0,0,1,1,0,0,0.0,0.0,9.7,3.0155349008501706,3.0155349008501706,1
1,1,1,59,1,1,0,0,1,0,0,1,0,1,88.75,5348.65,0,0,1,0,1,0,0,1,4,4,0,0.0,88.75,89.14416666666666,4.497028027368389,8.584786417189287,0
0,1,0,10,1,0,0,0,0,0,0,0,0,1,70.1,659.65,1,1,1,0,0,1,0,0,1,1,0,0.0,70.1,59.96818181818182,4.264087336809195,6.493224198860226,0
1,0,0,35,1,1,1,0,0,0,0,1,0,0,91.0,3180.5,0,1,1,0,1,0,0,1,4,3,1,0.0,91.0,88.34722222222223,4.5217885770490405,8.065108062672847,0
0,0,0,4,0,0,0,0,1,0,0,0,0,1,29.65,118.5,1,1,0,0,0,1,0,0,1,0,0,0.0,0.0,23.7,3.4226326623822203,4.783316371371566,1
0,1,1,32,1,0,1,1,0,0,0,1,1,1,90.8,3023.85,0,1,1,0,0,1,0,0,4,3,1,90.8,90.8,91.63181818181818,4.519612297626445,8.014616782458617,0
0,0,0,43,1,1,0,1,0,0,0,0,0,1,77.85,3365.85,1,1,1,0,0,1,0,0,3,4,0,0.0,77.85,76.49659090909091,4.367547313409047,8.121732868124141,0
0,0,0,4,1,0,0,0,0,0,0,1,0,0,54.3,195.3,1,1,0,0,0,1,0,0,2,0,0,0.0,0.0,39.06,4.012772908528289,5.279644101282416,1
1,1,0,54,1,0,0,0,0,0,0,0,2,1,18.95,1031.1,0,0,0,1,0,0,1,0,1,4,0,37.9,0.0,18.747272727272726,2.9932291433358724,6.939350840571888,0
1,0,0,11,1,1,0,0,0,0,1,1,0,1,95.15,997.65,1,0,1,0,0,0,0,1,4,1,1,0.0,95.15,83.1375,4.565909472034789,6.906404366911181,0
1,0,0,66,1,1,1,0,0,0,1,1,2,1,102.4,6471.85,0,0,1,0,0,0,0,1,5,4,1,204.8,102.4,96.594776119403,4.638604962074329,8.775371785096103,0
0,1,1,61,1,1,0,0,1,0,1,1,1,1,99.9,6241.35,0,1,1,0,0,1,0,0,5,4,1,99.9,99.9,100.66693548387097,4.6141299273595635,8.73911199303063,0
0,1,1,72,1,1,1,1,1,1,1,1,2,0,88.7,6501.35,0,1,0,0,1,0,0,1,8,4,0,177.4,0.0,89.05958904109589,4.49647076906475,8.779918929005985,0
0,1,1,44,0,0,0,0,1,1,1,1,1,1,54.3,2317.1,0,1,0,0,0,1,0,0,4,4,0,54.3,0.0,51.49111111111111,4.012772908528289,7.748503163607648,0
0,0,0,41,1,1,0,0,1,0,0,0,0,1,55.7,2237.55,0,1,0,0,0,0,0,1,3,4,0,0.0,0.0,53.275000000000006,4.037774210733707,7.71358361381754,0
0,1,0,50,1,1,1,0,1,0,1,1,1,1,103.95,5231.3,0,1,1,0,0,1,0,0,6,4,1,103.95,103.95,102.57450980392157,4.653484046266642,8.562606230942732,0
0,1,0,47,1,1,1,0,1,1,1,1,1,1,110.85,5275.8,1,1,1,0,1,0,0,1,7,4,1,110.85,110.85,109.91250000000001,4.717158687936139,8.57107513236528,0
0,1,1,8,1,0,0,0,0,0,0,0,2,0,20.15,165.5,0,1,0,1,0,0,1,0,1,1,0,40.3,0.0,18.38888888888889,3.0516399054922867,5.1149953094204985,0
0,0,0,18,1,0,0,0,0,0,0,0,0,0,20.05,358.5,0,1,0,1,0,0,1,0,1,2,0,0.0,0.0,18.86842105263158,3.0469005601283903,5.884714177161102,0
0,1,1,72,1,1,1,1,1,1,1,1,2,1,91.95,6614.9,0,1,0,0,1,0,0,1,8,4,1,183.9,0.0,90.61506849315067,4.532061714167453,8.797231121716262,0
0,0,0,1,1,0,0,0,0,0,0,1,0,0,80.5,80.5,1,1,1,0,0,1,0,0,2,0,0,0.0,80.5,40.25,4.400603020246817,4.400603020246817,1
1,0,0,42,1,1,0,0,1,0,0,0,0,0,55.65,2421.75,0,0,0,0,0,1,0,0,3,4,0,0.0,0.0,56.31976744186046,4.036891987474015,7.79265853761466,0
1,0,0,18,1,0,0,1,0,0,0,0,0,1,74.7,1294.6,0,0,1,0,0,1,0,0,2,2,0,0.0,74.7,68.13684210526316,4.3267781604434035,7.166729187297174,0
0,0,1,13,1,1,0,1,1,0,1,1,1,1,104.15,1299.1,0,0,1,0,1,0,0,1,6,2,1,104.15,104.15,92.79285714285713,4.655387902148709,7.170196463568123,0
0,1,1,68,1,1,0,1,0,1,0,0,1,1,83.65,5733.4,0,0,1,0,0,0,0,1,4,4,0,83.65,83.65,83.0927536231884,4.438525108579144,8.654238403340557,0
0,0,0,4,1,1,0,0,0,0,0,0,0,1,72.2,305.55,1,1,1,0,0,0,0,1,2,0,0,0.0,72.2,61.11,4.293195420967266,5.725380874208697,1
0,0,0,69,1,1,1,1,1,0,1,1,2,1,110.05,7430.75,0,1,1,0,1,0,0,1,7,4,1,220.1,110.05,106.15357142857142,4.709980550340436,8.913516641607119,0
0,0,0,17,1,0,0,0,0,1,0,0,0,0,51.5,900.5,1,1,0,0,0,0,1,0,2,2,0,0.0,0.0,50.02777777777778,3.960813169597578,6.804060042643372,0
0,1,1,25,1,1,0,0,0,0,0,0,2,0,25.5,630.6,0,1,0,1,1,0,0,1,2,3,0,51.0,0.0,24.253846153846155,3.2771447329921766,6.448256282381487,0
1,0,0,43,1,0,0,0,0,0,1,1,0,1,89.55,3856.75,1,1,1,0,0,0,1,0,3,4,0,0.0,89.55,87.6534090909091,4.505902184329423,8.257839390951315,0
0,1,1,59,1,0,0,0,0,0,0,0,2,0,19.5,1222.65,0,0,0,1,1,0,0,1,1,4,0,39.0,0.0,20.3775,3.0204248861443626,7.109593474469011,0
1,0,0,5,1,0,1,1,0,0,0,0,0,0,80.7,374.8,0,0,1,0,0,1,0,0,3,0,0,0.0,80.7,62.46666666666667,4.403054001865957,5.929057086979365,1
0,1,1,21,1,1,1,1,0,1,1,0,1,0,77.5,1625.0,1,1,0,0,0,0,1,0,6,2,0,77.5,0.0,73.86363636363636,4.363098624788363,7.3938782901077555,0
0,1,1,69,1,1,1,1,1,1,1,0,1,1,105.1,7234.8,0,0,1,0,1,0,0,1,7,4,1,105.1,105.1,103.35428571428572,4.664382045619937,8.886796206553328,0
0,0,0,13,0,0,0,0,0,0,0,0,0,1,25.15,331.85,0,1,0,0,0,0,0,1,0,2,0,0.0,0.0,23.70357142857143,3.263849190510932,5.8076919380467125,0
0,1,0,42,1,1,0,1,1,0,1,0,0,1,95.25,3959.35,1,1,1,0,0,0,0,1,5,4,1,0.0,95.25,92.07790697674419,4.566948973167894,8.284087684181289,0
0,1,0,52,1,1,0,1,0,1,0,1,0,1,95.65,5088.4,0,1,1,0,1,0,0,1,5,4,1,0.0,95.65,96.00754716981132,4.57109620565434,8.534915224403854,0
1,0,0,46,1,0,1,0,0,0,0,1,0,0,85.0,3969.4,1,1,1,0,0,1,0,0,3,4,0,0.0,85.0,84.45531914893617,4.454347296253507,8.286622124273231,0
0,1,0,61,1,1,1,1,1,1,0,1,2,1,80.8,4860.85,0,1,0,0,0,0,0,1,7,4,0,161.6,0.0,78.40080645161291,4.404277243608702,8.48917430289871,0
0,0,0,29,0,0,0,0,0,0,0,0,1,1,24.85,788.05,0,1,0,0,0,0,1,0,0,3,0,24.85,0.0,26.26833333333333,3.2523106009544382,6.670829690194141,0
0,0,1,25,1,0,0,1,0,1,0,0,1,1,54.75,1266.35,0,0,0,0,1,0,0,1,3,3,0,54.75,0.0,48.70576923076923,4.020877410340228,7.144683385266964,0
0,1,1,5,1,0,0,0,0,1,1,0,0,1,85.75,470.95,1,0,1,0,0,1,0,0,3,0,0,0.0,85.75,78.49166666666666,4.4630304188269685,6.1568730477709535,1
0,0,0,15,0,0,0,0,1,0,1,1,1,0,50.75,688.2,0,1,0,0,0,1,0,0,3,2,0,50.75,0.0,43.0125,3.9464244321454784,6.5355315046537745,0
0,1,1,19,1,0,0,0,0,0,0,0,2,0,20.15,387.7,0,0,0,1,0,0,1,0,1,2,0,40.3,0.0,19.384999999999998,3.0516399054922867,5.962807837858177,0
0,0,0,44,1,0,0,0,0,0,0,0,2,0,20.05,845.25,0,1,0,1,0,0,1,0,1,4,0,40.1,0.0,18.783333333333335,3.0469005601283903,6.740814824226485,0
1,0,0,6,1,1,0,1,0,0,1,1,0,1,98.25,560.6,1,0,1,0,0,1,0,0,5,0,1,0.0,98.25,80.08571428571429,4.5976419195673,6.330789852711601,1
0,1,1,58,1,1,1,1,1,1,0,0,2,0,71.6,4230.25,0,1,0,0,1,0,0,1,6,4,0,143.2,0.0,71.69915254237289,4.28496492183075,8.350252736660584,0
0,1,1,62,1,0,1,1,0,0,0,0,1,1,81.45,4983.05,0,1,1,0,1,0,0,1,3,4,0,81.45,81.45,79.09603174603176,4.412192049005608,8.513998092519696,0
0,1,1,70,0,0,0,1,1,1,1,1,1,1,58.4,4113.15,0,0,0,0,0,0,0,1,5,4,0,58.4,0.0,57.93169014084506,4.084294226368599,8.32218753041356,0
1,0,0,1,0,0,0,0,0,0,0,0,0,1,25.7,25.7,1,0,0,0,0,0,1,0,0,0,0,0.0,0.0,12.85,3.2846635654062037,3.2846635654062037,1
0,1,1,10,0,0,1,1,1,1,0,1,2,0,53.7,521.0,0,1,0,0,1,0,0,1,5,1,0,107.4,0.0,47.36363636363637,4.001863709427935,6.257667587882639,0
0,0,0,26,1,0,0,0,0,0,0,0,1,1,19.6,471.85,0,1,0,1,0,0,0,1,1,3,0,19.6,0.0,17.475925925925928,3.0252910757955354,6.158778213461521,0
0,0,0,66,1,1,0,1,0,0,0,1,0,0,89.4,5976.9,0,1,1,0,1,0,0,1,4,4,0,0.0,89.4,89.20746268656715,4.504244267398131,8.695824614701293,0
0,1,1,7,1,0,0,0,0,0,0,0,0,1,69.0,506.9,1,0,1,0,0,1,0,0,1,1,0,0.0,69.0,63.3625,4.248495242049359,6.2302845778072,0
0,1,1,51,1,1,0,1,0,1,0,0,1,0,84.2,4299.75,0,1,1,0,0,0,0,1,4,4,0,84.2,84.2,82.6875,4.44500143383527,8.366544705077148,0
0,1,1,72,1,1,1,1,1,1,1,0,2,1,106.1,7548.6,0,1,1,0,1,0,0,1,7,4,1,212.2,106.1,103.4054794520548,4.673762977453703,8.929249860707124,0
0,0,0,65,1,1,0,0,0,0,0,0,2,0,25.75,1654.75,0,1,0,1,0,0,1,0,2,4,0,51.5,0.0,25.071969696969695,3.2865344733420154,7.412009357365089,0
0,0,0,2,1,0,0,0,0,0,0,0,0,0,46.05,80.35,1,1,0,0,0,0,0,1,1,0,0,0.0,0.0,26.78333333333333,3.8512108660313884,4.3987608336650466,1
0,0,1,70,1,1,1,1,0,1,0,0,1,0,64.95,4551.5,0,1,0,0,0,0,0,1,5,4,0,64.95,0.0,64.1056338028169,4.188896879163323,8.423431811601763,0
0,1,0,72,1,1,0,1,1,1,1,1,2,1,85.45,6227.5,0,1,0,0,1,0,0,1,7,4,0,170.9,0.0,85.3082191780822,4.4595662121293,8.736890812326147,0
0,1,1,1,1,0,0,0,0,0,0,0,0,0,20.05,20.05,0,0,0,1,0,0,1,0,1,0,0,0.0,0.0,10.025,3.0469005601283903,3.0469005601283903,1
1,1,0,1,1,0,0,1,0,0,0,0,0,1,76.4,76.4,1,0,1,0,0,0,1,0,2,0,0,0.0,76.4,38.2,4.3489867805956814,4.3489867805956814,1
0,0,0,5,1,1,0,0,1,0,1,1,0,1,100.5,514.0,1,0,1,0,0,1,0,0,5,0,1,0.0,100.5,85.66666666666667,4.620058798481842,6.244166900663736,1
0,0,0,3,1,0,0,0,0,0,0,0,0,0,20.7,57.5,0,1,0,1,0,0,1,0,1,0,0,0.0,0.0,14.375,3.077312260546414,4.069026754237811,1
0,0,0,58,1,1,0,0,0,0,0,0,2,1,25.3,1474.35,0,1,0,1,1,0,0,1,2,4,0,50.6,0.0,24.988983050847455,3.269568939183719,7.296650528761137,0
1,1,1,22,0,0,1,0,0,0,0,1,0,0,40.05,880.2,1,1,0,0,0,0,1,0,2,2,0,0.0,0.0,38.2695652173913,3.714790835898437,6.781284614928188,0
1,1,0,33,1,1,0,1,0,0,1,1,0,1,100.6,3270.25,0,1,1,0,0,0,0,1,5,3,1,0.0,100.6,96.18382352941177,4.6210435351443815,8.092927453844355,0
0,0,0,1,1,0,0,0,0,0,0,0,0,0,69.95,69.95,1,1,1,0,0,1,0,0,1,0,0,0.0,69.95,34.975,4.261975403606051,4.261975403606051,1
1,1,0,54,1,1,0,0,0,0,0,0,0,0,74.0,3919.15,0,1,1,0,0,0,0,1,2,4,0,0.0,74.0,71.25727272727273,4.31748811353631,8.273885197358533,0
0,1,0,72,1,1,0,1,0,0,1,1,2,1,99.4,7285.7,0,1,1,0,0,1,0,0,5,4,1,198.8,99.4,99.80410958904109,4.609162207257629,8.893806047617373,0
0,0,1,1,1,1,0,0,0,0,1,1,0,1,93.3,93.3,1,1,1,0,0,1,0,0,4,0,1,0.0,93.3,46.65,4.546481189639412,4.546481189639412,1
0,0,0,3,1,0,0,0,1,0,0,0,0,1,49.15,169.05,1,1,0,0,0,1,0,0,2,0,0,0.0,0.0,42.2625,3.9150185144079446,5.136092511453205,1
0,1,1,72,1,1,1,1,1,1,0,1,2,0,107.45,7658.3,0,0,1,0,1,0,0,1,7,4,1,214.9,107.45,104.90821917808219,4.6862892372728835,8.943675874746871,0
0,1,1,72,1,1,1,1,1,0,1,1,2,1,83.6,5959.3,0,0,0,0,1,0,0,1,7,4,0,167.2,0.0,81.63424657534247,4.437934266612178,8.692876094363072,0
1,1,0,54,1,1,0,0,1,0,1,1,0,1,99.05,5295.7,0,1,1,0,1,0,0,1,5,4,1,0.0,99.05,96.28545454545454,4.605670061029742,8.574839264109055,0
0,1,0,59,1,1,0,1,0,1,1,1,1,1,80.1,4693.2,0,0,0,0,0,1,0,0,6,4,0,80.1,0.0,78.22,4.395682961121367,8.454082983087442,0
0,0,0,54,1,0,1,1,0,0,1,0,2,1,65.3,3512.9,0,1,0,0,0,0,0,1,4,4,0,130.6,0.0,63.870909090909095,4.194189897191817,8.164481810743938,0
0,0,0,60,1,1,0,0,1,0,1,0,2,1,89.55,5231.2,0,1,1,0,0,1,0,0,4,4,0,179.1,89.55,85.75737704918032,4.505902184329423,8.562587118706123,0
0,1,0,60,0,0,0,1,1,1,1,1,2,0,60.8,3603.45,0,0,0,0,1,0,0,1,5,4,0,121.6,0.0,59.07295081967213,4.123903364463645,8.189924472198971,0
0,0,0,3,1,1,0,0,0,0,0,0,0,0,74.5,217.45,0,1,1,0,0,1,0,0,2,0,0,0.0,74.5,54.3625,4.324132656254979,5.386557155397445,1
0,1,0,69,1,1,1,0,0,0,1,1,2,0,99.15,6875.35,0,0,1,0,0,0,0,1,5,4,1,198.3,99.15,98.21928571428572,4.606669062111827,8.83584326689432,0
0,1,1,1,1,0,0,0,0,0,0,0,0,0,19.25,19.25,0,0,0,1,0,1,0,0,1,0,0,0.0,0.0,9.625,3.0081547935525483,3.0081547935525483,1
0,1,1,50,0,0,1,0,0,0,1,0,0,1,39.45,2021.35,0,1,0,0,1,0,0,1,2,4,0,0.0,0.0,39.634313725490195,3.700066643504501,7.612015480545652,0
0,0,0,56,0,0,0,0,0,0,1,1,0,1,44.85,2564.95,0,0,0,0,1,0,0,1,2,4,0,0.0,0.0,44.99912280701754,3.825375198702474,7.850084059405065,0
0,1,0,60,1,0,1,0,0,1,1,1,2,1,97.2,5611.75,0,0,1,0,0,1,0,0,5,4,1,194.4,97.2,91.99590163934427,4.58700621536042,8.632796074488324,0
1,1,0,69,1,1,1,0,1,1,1,1,1,1,110.55,7610.1,0,1,1,0,0,0,1,0,7,4,1,110.55,110.55,108.71571428571428,4.714472920878541,8.937362987059018,0
0,0,0,1,0,0,0,0,0,0,0,1,0,0,35.05,35.05,1,0,0,0,0,0,1,0,1,0,0,0.0,0.0,17.525,3.584906863730958,3.584906863730958,1
1,0,0,1,1,0,0,1,0,0,0,0,0,1,73.0,73.0,1,0,1,0,0,1,0,0,2,0,0,0.0,73.0,36.5,4.30406509320417,4.30406509320417,1
0,1,0,3,1,0,0,0,0,0,0,0,0,1,19.9,45.75,0,0,0,1,0,0,1,0,1,0,0,0.0,0.0,11.4375,3.039749158970765,3.844814255734696,1
0,1,1,60,1,0,0,1,0,1,1,1,2,0,76.95,4543.95,0,1,0,0,0,0,0,1,5,4,0,153.9,0.0,74.49098360655738,4.356067595503785,8.421772005450956,0
0,0,0,13,0,0,0,0,1,1,0,0,2,0,35.4,450.4,0,0,0,0,0,0,1,0,2,2,0,70.8,0.0,32.17142857142857,3.594568774642695,6.112353864383436,0
0,1,1,62,1,0,0,0,0,0,0,0,2,0,20.45,1297.35,0,1,0,1,0,0,0,1,1,4,0,40.9,0.0,20.59285714285714,3.065724645374026,7.168849506524821,0
0,0,0,45,1,1,1,1,0,0,0,1,1,0,96.75,4442.75,0,0,1,0,0,0,0,1,5,4,1,96.75,96.75,96.58152173913044,4.582413198865475,8.39925389355155,0
0,0,0,25,0,0,0,0,1,1,1,1,1,0,54.2,1423.15,0,0,0,0,0,1,0,0,4,3,0,54.2,0.0,54.736538461538466,4.01096295328305,7.261330423503012,0
0,0,0,44,1,0,0,0,1,1,1,1,2,0,100.1,4378.35,0,1,1,0,0,0,0,1,5,4,1,200.2,100.1,97.29666666666668,4.616110126026426,8.384655590531366,0
0,0,0,2,1,0,0,0,0,0,0,0,0,1,45.25,74.2,0,0,0,0,0,0,1,0,1,0,0,0.0,0.0,24.733333333333334,3.834061463958434,4.320151230955794,1
1,0,0,33,1,1,0,1,1,0,0,0,0,1,83.85,2716.3,1,1,1,0,1,0,0,1,4,3,0,0.0,83.85,79.89117647058823,4.440884991680235,7.907394019230851,0
0,0,0,1,1,0,0,0,0,0,0,0,0,1,70.1,70.1,1,0,1,0,0,1,0,0,1,0,0,0.0,70.1,35.05,4.264087336809195,4.264087336809195,1
0,0,0,22,1,0,0,0,0,0,0,0,1,0,20.85,450.65,0,0,0,1,0,0,0,1,1,2,0,20.85,0.0,19.593478260869563,3.084200921541599,6.112907543595853,0
0,0,0,35,0,0,0,0,1,1,0,0,0,1,33.45,1175.85,0,0,0,0,0,0,1,0,2,3,0,0.0,0.0,32.662499999999994,3.539508997459668,7.0705966564879645,0
0,1,1,29,1,0,0,0,0,0,0,0,2,0,20.2,558.8,0,0,0,1,0,0,1,0,1,3,0,40.4,0.0,18.626666666666665,3.054001181677967,6.327579577081353,0
1,1,0,27,1,1,1,0,1,0,0,0,1,1,85.9,2220.1,0,1,1,0,0,1,0,0,4,3,0,85.9,85.9,79.28928571428571,4.464758032271346,7.705757847644463,0
0,0,1,54,1,0,0,1,1,1,0,0,1,1,61.0,3283.05,0,1,0,0,0,1,0,0,4,4,0,61.0,0.0,59.691818181818185,4.127134385045092,8.096832695791372,0
1,0,0,2,1,0,0,0,0,0,0,0,0,1,70.65,142.35,1,0,1,0,0,1,0,0,1,0,0,0.0,70.65,47.449999999999996,4.271793154274181,4.9652891923293785,1
0,0,0,57,1,1,0,0,0,0,1,0,1,1,86.9,4939.25,0,1,1,0,0,1,0,0,3,4,0,86.9,86.9,85.15948275862068,4.476199804691132,8.505171216188913,0
0,0,0,62,1,1,1,1,1,1,0,0,2,0,69.4,4237.5,0,1,0,0,0,0,0,1,6,4,0,138.8,0.0,67.26190476190476,4.254193263163997,8.35196471204846,0
0,1,1,15,1,0,0,0,0,0,0,0,1,0,20.35,335.95,0,0,0,1,1,0,0,1,1,2,0,20.35,0.0,20.996875,3.0610517396746335,5.819934551392226,0
0,0,0,2,1,0,0,0,0,0,0,0,0,0,20.35,33.2,1,1,0,1,0,0,1,0,1,0,0,0.0,0.0,11.066666666666668,3.0610517396746335,3.5322256440685598,1
0,1,0,70,1,1,0,0,1,1,1,1,2,1,104.3,7188.5,0,0,1,0,0,0,0,1,6,4,1,208.6,104.3,101.24647887323944,4.6568134191399295,8.880376907267795,0
0,1,1,21,1,0,0,0,0,0,0,0,0,1,44.95,926.25,0,0,0,0,0,1,0,0,1,2,0,0.0,0.0,42.10227272727273,3.827553848801696,6.8322232163697,0
0,0,1,23,1,0,0,0,0,1,0,0,1,1,49.45,1119.35,0,0,0,0,0,1,0,0,2,2,0,49.45,0.0,46.63958333333333,3.920982746799618,7.021396415471186,0
0,0,0,6,1,0,0,0,0,0,0,0,1,0,20.6,116.6,0,1,0,1,0,0,1,0,1,0,0,20.6,0.0,16.657142857142855,3.0726933146901194,4.767289035464526,1
0,1,1,4,1,0,0,0,0,0,0,0,2,0,19.55,68.8,0,1,0,1,1,0,0,1,1,0,0,39.1,0.0,13.76,3.022860940942244,4.2456340097683265,1
0,0,0,3,1,0,1,0,1,0,1,1,0,1,99.0,287.4,1,0,1,0,1,0,0,1,5,0,1,0.0,99.0,71.85,4.605170185988092,5.664348405410794,1
0,0,0,23,1,1,0,0,0,0,1,1,0,1,93.5,2341.55,0,0,1,0,0,1,0,0,4,2,1,0.0,93.5,97.56458333333335,4.548599834499697,7.758995358601965,0
0,0,0,26,0,0,1,0,0,1,1,1,1,0,54.55,1362.85,0,1,0,0,1,0,0,1,4,3,0,54.55,0.0,50.47592592592592,4.017283516085639,7.218066861681702,0
0,0,1,8,1,0,0,0,0,0,0,0,0,0,20.05,163.6,0,0,0,1,0,0,1,0,1,1,0,0.0,0.0,18.177777777777777,3.0469005601283903,5.103518288242969,0
0,0,0,26,1,1,0,0,0,0,0,1,0,1,83.95,2254.2,1,1,1,0,0,1,0,0,3,3,0,0.0,83.95,83.48888888888888,4.442062848117941,7.720993939799903,0
0,0,0,2,1,1,0,1,0,0,0,0,0,1,79.45,145.15,0,1,1,0,0,1,0,0,3,0,0,0.0,79.45,48.38333333333333,4.387635873438392,4.984633491557255,1
0,0,0,67,1,1,1,1,1,1,1,1,2,0,116.2,7752.3,1,1,1,0,1,0,0,1,8,4,1,232.4,116.2,114.00441176470588,4.763881877142913,8.955873838169165,0
0,1,0,71,1,1,0,0,0,0,1,1,2,1,93.7,6585.35,1,0,1,0,0,0,0,1,4,4,1,187.4,93.7,91.46319444444445,4.550714000192032,8.79275460455494,0
0,0,0,59,1,1,1,1,1,1,0,1,1,0,79.85,4786.1,0,0,0,0,1,0,0,1,7,4,0,79.85,0.0,79.76833333333335,4.392595586023115,8.473680079084492,0
0,1,1,39,1,1,0,0,1,0,1,1,1,0,100.0,3835.55,0,1,1,0,0,1,0,0,5,4,1,100.0,100.0,95.88875,4.61512051684126,8.252328804244902,0
0,0,1,21,1,0,0,0,0,0,0,0,2,0,19.6,397.0,0,1,0,1,0,0,1,0,1,2,0,39.2,0.0,18.045454545454547,3.0252910757955354,5.986452005284438,0
0,0,0,1,1,0,0,0,0,0,0,0,0,0,19.7,19.7,1,1,0,1,0,0,1,0,1,0,0,0.0,0.0,9.85,3.0301337002713233,3.0301337002713233,1
0,1,1,48,1,0,0,0,0,0,0,0,2,0,20.2,1027.25,0,0,0,1,0,0,0,1,1,4,0,40.4,0.0,20.964285714285715,3.054001181677967,6.935613607110533,0
1,1,0,31,0,0,1,1,1,0,0,1,1,1,50.4,1580.1,0,0,0,0,1,0,0,1,4,3,0,50.4,0.0,49.378125,3.9396381724611196,7.365876086316099,0
0,1,1,64,1,1,1,1,1,1,1,1,1,0,113.35,7222.75,0,0,1,0,0,1,0,0,8,4,1,113.35,113.35,111.11923076923077,4.73926392046879,8.885129487631987,0
0,1,1,46,1,1,0,1,0,0,0,0,0,1,80.0,3769.7,0,1,1,0,0,0,0,1,3,4,0,0.0,80.0,80.2063829787234,4.394449154672439,8.2350159395989,0
0,0,0,52,1,1,0,0,1,1,1,1,2,1,80.95,4233.95,0,0,0,0,0,0,0,1,6,4,0,161.9,0.0,79.88584905660377,4.406109305189839,8.351126800641016,0
0,1,1,67,1,1,0,0,0,0,0,0,2,1,24.9,1680.25,0,0,0,1,0,0,1,0,2,4,0,49.8,0.0,24.709558823529413,3.254242968705492,7.427292843350149,0
1,0,0,67,1,1,0,1,0,0,0,0,0,0,54.9,3725.5,0,0,0,0,0,1,0,0,3,4,0,0.0,0.0,54.786764705882355,4.023564380161053,8.223224734321748,0
0,0,0,5,1,1,0,0,0,0,0,0,0,0,75.55,413.65,1,0,1,0,0,1,0,0,2,0,0,0.0,75.55,68.94166666666666,4.337944122103693,6.027434790897213,1
0,1,0,71,1,1,0,1,1,1,1,1,2,0,109.25,7707.7,0,0,1,0,0,1,0,0,7,4,1,218.5,109.25,107.05138888888888,4.702750514326955,8.950104840148782,0
0,0,0,9,1,0,0,0,0,0,1,0,0,1,77.65,714.15,1,0,1,0,0,0,0,1,2,1,0,0.0,77.65,71.41499999999999,4.365007629504287,6.572492310900909,0
1,0,0,26,1,1,1,1,0,0,0,1,0,1,95.0,2497.2,1,0,1,0,0,1,0,0,5,3,1,0.0,95.0,92.48888888888888,4.564348191467836,7.823325751531809,0
0,0,0,71,1,1,1,1,1,1,1,1,1,1,116.3,8309.55,0,1,1,0,0,0,0,1,8,4,1,116.3,116.3,115.41041666666666,4.76473475565943,9.025281070978235,0
0,0,0,32,1,0,0,0,0,0,0,0,0,0,19.9,601.55,0,0,0,1,0,0,0,1,1,3,0,0.0,0.0,18.228787878787877,3.039749158970765,6.401170649473401,0
0,0,0,2,1,0,0,0,0,0,0,0,0,0,70.35,139.25,0,0,1,0,0,1,0,0,1,0,0,0.0,70.35,46.416666666666664,4.267597343922845,4.943426544402806,1
0,1,0,71,1,1,0,0,0,0,0,0,2,0,25.6,1888.25,0,0,0,1,1,0,0,1,2,4,0,51.2,0.0,26.225694444444443,3.2809112157876537,7.543935203900829,0
0,0,0,60,0,0,1,0,1,0,0,1,1,1,44.45,2773.9,0,0,0,0,0,1,0,0,3,4,0,44.45,0.0,45.47377049180328,3.816612820623488,7.928369989495185,0
1,0,0,55,1,1,0,0,1,0,1,1,1,1,100.15,5409.75,0,0,1,0,0,1,0,0,5,4,1,100.15,100.15,96.60267857142857,4.6166045636137545,8.596142994394638,0
0,0,0,54,1,0,1,1,0,1,1,1,1,1,105.4,5643.4,1,1,1,0,1,0,0,1,6,4,1,105.4,105.4,102.60727272727271,4.667205576907544,8.638419182183606,0
0,0,0,2,1,0,0,0,1,0,1,1,0,1,95.85,197.7,1,1,1,0,0,1,0,0,4,0,1,0.0,95.85,65.89999999999999,4.573163389853005,5.291796149557771,1
0,0,0,6,1,1,0,0,0,0,0,0,0,1,73.85,401.3,0,0,1,0,0,0,1,0,2,0,0,0.0,73.85,57.32857142857143,4.3154861108656375,5.997198078955742,1
0,1,1,48,1,0,1,1,1,0,0,1,2,1,70.1,3238.4,0,0,0,0,1,0,0,1,5,4,0,140.2,0.0,66.08979591836734,4.264087336809195,8.083143406452296,0
0,1,1,63,1,1,0,0,0,0,0,0,2,0,25.25,1573.05,0,1,0,1,0,0,1,0,2,4,0,50.5,0.0,24.57890625,3.2676659890376327,7.361407194673576,0
0,0,0,1,1,1,0,1,0,0,0,0,0,1,79.15,79.15,1,1,1,0,0,1,0,0,3,0,0,0.0,79.15,39.575,4.383899879055562,4.383899879055562,1
0,0,1,12,1,0,0,0,0,0,0,0,0,0,21.05,235.8,0,1,0,1,1,0,0,1,1,1,0,0.0,0.0,18.138461538461538,3.093312601892855,5.46721590300985,0
1,1,0,54,0,0,0,0,0,0,0,0,0,1,24.95,1364.75,0,1,0,0,0,0,0,1,0,4,0,0.0,0.0,24.813636363636363,3.2561716096118976,7.219459007275827,0
0,1,1,30,1,0,0,0,1,1,1,0,1,1,64.5,1985.15,0,0,0,0,0,1,0,0,4,3,0,64.5,0.0,64.03709677419356,4.182050142641207,7.5939533704538755,0
0,1,0,30,1,0,0,0,0,0,0,0,0,0,19.65,655.85,1,0,0,1,0,0,0,1,1,3,0,0.0,0.0,21.156451612903226,3.027715319407042,6.487455681915517,0
0,0,0,4,1,0,0,0,0,0,1,0,0,1,79.0,303.15,1,0,1,0,0,1,0,0,2,0,0,0.0,79.0,60.629999999999995,4.382026634673881,5.717521000766714,1
0,0,0,40,1,1,0,0,1,1,1,1,1,1,105.95,4335.2,0,0,1,0,1,0,0,1,6,4,1,105.95,105.95,105.73658536585366,4.672361435528415,8.374753667516991,0
0,1,1,9,1,0,0,0,0,1,0,0,0,1,75.85,647.5,0,0,1,0,0,1,0,0,2,1,0,0.0,75.85,64.75,4.341855469984605,6.474662003756499,0
0,1,1,17,1,0,1,0,0,1,1,0,0,0,91.85,1574.45,1,0,1,0,0,1,0,0,4,2,1,0.0,91.85,87.46944444444445,4.530985287798715,7.362296224736894,0
0,0,0,62,0,0,0,1,1,0,0,1,2,1,43.6,2748.7,0,0,0,0,1,0,0,1,3,4,0,87.2,0.0,43.630158730158726,3.7977338590260183,7.91924709380068,0
0,0,0,28,1,0,0,1,0,1,1,0,1,1,91.25,2483.65,0,1,1,0,0,0,0,1,4,3,1,91.25,91.25,85.64310344827587,4.524502282920636,7.817887083540708,0
0,0,0,70,1,1,1,1,1,1,1,1,2,0,89.75,6367.2,0,0,0,0,1,0,0,1,8,4,0,179.5,0.0,89.67887323943661,4.5081084731449605,8.759072134066205,0
0,0,0,46,1,0,0,1,1,1,1,1,2,1,104.4,4904.2,0,0,1,0,0,0,0,1,6,4,1,208.8,104.4,104.34468085106383,4.657762636107262,8.498051145887871,0
0,1,0,23,1,1,0,0,1,0,0,1,0,0,90.15,2044.95,0,0,1,0,0,0,1,0,4,2,1,0.0,90.15,85.20625,4.512506501124672,7.623617508285297,0
0,1,1,47,0,0,1,0,1,1,0,0,1,0,40.3,1794.8,0,1,0,0,0,1,0,0,3,4,0,40.3,0.0,37.391666666666666,3.720862499966987,7.493205884086708,0
0,1,1,68,1,0,1,1,1,0,1,1,2,1,105.25,7173.15,0,1,1,0,0,0,0,1,6,4,1,210.5,105.25,103.9586956521739,4.665794807804526,8.878239566711109,0
1,0,0,60,1,1,0,0,1,1,1,1,1,1,106.0,6441.4,1,0,1,0,0,1,0,0,6,4,1,106.0,106.0,105.5967213114754,4.672828834461906,8.770656420481336,0
0,0,1,67,1,1,0,1,0,1,1,1,2,1,104.0,7039.05,0,0,1,0,0,1,0,0,6,4,1,208.0,104.0,103.51544117647059,4.653960350157523,8.859370551399595,0
0,0,0,14,1,0,0,0,0,1,1,1,0,1,69.65,921.4,0,0,0,0,0,1,0,0,4,2,0,0.0,0.0,61.42666666666666,4.257738109130536,6.826978968954849,0
0,1,1,57,1,1,0,0,0,0,0,0,0,1,74.3,4018.35,0,1,1,0,0,1,0,0,2,4,0,0.0,74.3,69.28189655172413,4.321480134805848,8.298875476997292,0
0,1,1,55,1,1,1,0,0,0,1,1,1,0,100.9,5448.6,0,0,1,0,0,0,1,0,5,4,1,100.9,100.9,97.29642857142858,4.623991940228679,8.60329749046837,0
0,0,0,1,1,0,0,0,0,0,0,0,0,1,20.25,20.25,0,1,0,1,0,0,1,0,1,0,0,0.0,0.0,10.125,3.056356895370426,3.056356895370426,1
0,0,1,1,1,0,0,0,0,1,0,0,0,1,49.9,49.9,1,1,0,0,0,0,1,0,2,0,0,0.0,0.0,24.95,3.929862923556477,3.929862923556477,1
0,0,0,23,1,1,0,0,1,1,1,0,0,1,96.9,2085.45,0,1,1,0,1,0,0,1,5,2,1,0.0,96.9,86.89375,4.583946549536464,7.6432193361691105,0
0,0,0,13,1,1,1,0,0,0,1,1,0,1,100.35,1358.85,1,0,1,0,0,1,0,0,5,2,1,0.0,100.35,97.06071428571428,4.618579872898009,7.215129678529607,0
0,1,0,47,1,1,0,1,1,0,1,1,0,1,104.1,5135.15,0,1,1,0,0,1,0,0,6,4,1,0.0,104.1,106.98229166666665,4.6549122778829055,8.544059050550798,0
0,0,0,38,1,0,0,0,0,0,0,0,1,0,20.1,730.1,0,1,0,1,0,0,1,0,1,4,0,20.1,0.0,18.72051282051282,3.0492730404820207,6.59455024929927,0
1,1,0,38,1,1,0,0,0,0,0,0,0,1,74.95,2869.85,1,0,1,0,0,0,0,1,2,4,0,0.0,74.95,73.58589743589744,4.330075229041782,7.962363432152192,0
1,0,0,2,1,1,0,1,0,0,0,0,0,1,56.55,118.25,0,0,0,0,1,0,0,1,3,0,0,0.0,0.0,39.416666666666664,4.0526541351678915,4.781222129768451,1
1,1,1,1,1,0,0,0,0,1,0,0,0,1,49.25,49.25,1,1,0,0,1,0,0,1,2,0,0,0.0,0.0,24.625,3.917010546939185,3.917010546939185,1
0,1,0,15,1,0,0,0,0,0,0,0,0,1,68.6,1108.6,0,1,1,0,0,0,0,1,1,2,0,0.0,68.6,69.2875,4.242764567340374,7.0117548690006215,0
0,0,0,26,1,0,0,0,0,0,0,0,0,1,69.05,1815.65,0,0,1,0,1,0,0,1,1,3,0,0.0,69.05,67.2462962962963,4.249209272783016,7.504749424635169,0
0,1,1,35,1,0,0,0,0,0,0,0,2,0,19.7,730.4,0,0,0,1,1,0,0,1,1,3,0,39.4,0.0,20.288888888888888,3.0301337002713233,6.594960505715281,0
0,0,1,3,1,0,0,0,0,0,0,0,0,1,20.05,75.45,0,1,0,1,0,0,1,0,1,0,0,0.0,0.0,18.8625,3.0469005601283903,4.336636932375072,1
0,1,1,50,1,1,0,1,0,1,1,1,0,0,103.7,5071.05,1,1,1,0,0,1,0,0,6,4,1,0.0,103.7,99.43235294117648,4.651099117876491,8.531500354112636,0
0,1,0,42,1,1,1,0,1,0,0,1,0,1,94.4,4014.6,0,1,1,0,0,1,0,0,5,4,1,0.0,94.4,93.36279069767441,4.558078578454241,8.297942054817371,0
0,1,0,10,1,0,1,0,0,1,0,0,0,1,54.95,568.85,0,1,0,0,1,0,0,1,3,1,0,0.0,0.0,51.71363636363637,4.024458434757935,6.3453731683017445,0
0,1,0,61,1,0,1,1,0,1,0,1,1,0,93.7,5860.7,0,0,1,0,0,0,0,1,5,4,1,93.7,93.7,94.52741935483871,4.550714000192032,8.676194942888575,0
0,0,0,68,1,1,1,1,0,1,1,1,2,0,110.25,7279.35,0,0,1,0,1,0,0,1,7,4,1,220.5,110.25,105.49782608695652,4.711779921046349,8.89293421695815,0
0,0,0,10,1,0,1,0,1,0,1,1,1,1,98.9,1064.95,0,1,1,0,0,1,0,0,5,1,1,98.9,98.9,96.81363636363636,4.604169685654508,6.9716216993105515,0
0,1,0,65,1,1,1,1,1,0,0,0,1,0,89.75,5769.6,1,1,1,0,0,1,0,0,5,4,0,89.75,89.75,87.41818181818182,4.5081084731449605,8.660531340231143,0
0,1,1,72,1,0,1,0,1,1,1,1,2,1,80.45,5886.85,0,0,0,0,0,0,0,1,6,4,0,160.9,0.0,80.64178082191782,4.399989335048054,8.680646184540727,0
0,1,1,55,1,0,0,1,0,1,0,0,0,0,79.4,4238.45,0,1,1,0,0,1,0,0,3,4,0,0.0,79.4,75.68660714285714,4.387014176184921,8.352188822830897,0
0,0,0,1,1,0,0,0,0,0,0,0,0,1,20.3,20.3,1,0,0,1,0,0,1,0,1,0,0,0.0,0.0,10.15,3.0587070727153796,3.0587070727153796,1
0,0,0,7,1,0,0,0,1,1,0,1,0,0,62.8,418.3,0,0,0,0,0,0,0,1,4,1,0,0.0,0.0,52.2875,4.155753190350744,6.038586654176717,0
0,0,0,2,1,1,0,0,0,0,0,0,0,1,74.9,136.05,0,0,1,0,0,0,1,0,2,0,0,0.0,74.9,45.35,4.3294166844015844,4.920345822748795,1
0,0,0,9,1,0,1,0,0,0,0,0,0,1,74.85,708.2,0,0,1,0,0,1,0,0,2,1,0,0.0,74.85,70.82000000000001,4.328757705794541,6.5641375742000525,0
0,0,1,27,1,1,0,0,0,0,0,0,2,1,25.85,788.55,0,1,0,1,1,0,0,1,2,3,0,51.7,0.0,28.162499999999998,3.2902658209548736,6.671463162912652,0
1,1,0,7,1,1,0,0,1,0,1,1,0,1,101.95,700.85,1,1,1,0,0,1,0,0,5,1,1,0.0,101.95,87.60625,4.634243433473799,6.553719705980335,0
0,1,0,64,1,0,0,1,1,1,0,1,2,1,68.3,4378.8,0,0,0,0,0,0,1,0,5,4,0,136.6,0.0,67.36615384615385,4.238444906195857,8.38475834022749,0
0,0,0,70,0,0,1,0,1,1,0,1,2,0,48.4,3442.8,0,1,0,0,0,0,0,1,4,4,0,96.8,0.0,48.49014084507043,3.899950424193877,8.144330791852086,0
1,0,0,2,1,1,0,0,0,0,1,1,0,1,94.0,181.7,1,1,1,0,0,1,0,0,4,0,1,0.0,94.0,60.56666666666666,4.553876891600541,5.207845463383961,1
1,0,0,67,1,0,1,1,0,1,1,1,2,1,105.05,7171.7,0,1,1,0,0,1,0,0,6,4,1,210.1,105.05,105.46617647058824,4.663910681010692,8.878037431746998,0
0,0,0,45,1,1,0,1,0,0,1,0,0,1,89.3,4016.85,1,0,1,0,1,0,0,1,4,4,0,0.0,89.3,87.32282608695652,4.5031374604229395,8.29850221267205,0
0,0,0,24,1,1,0,0,0,0,0,0,2,0,25.15,553.0,0,0,0,1,1,0,0,1,2,2,0,50.3,0.0,22.12,3.263849190510932,6.317164686747284,0
0,1,1,4,1,0,0,0,0,0,0,0,2,0,19.5,96.85,0,1,0,1,1,0,0,1,1,0,0,39.0,0.0,19.369999999999997,3.0204248861443626,4.583435693842085,1
0,1,1,44,1,0,0,0,1,0,1,1,0,1,92.95,4122.9,0,1,1,0,0,0,0,1,4,4,1,0.0,92.95,91.61999999999999,4.5427627258594745,8.324554596540237,0
0,1,1,72,1,0,0,0,0,0,0,0,2,1,20.7,1482.3,0,0,0,1,0,0,1,0,1,4,0,41.4,0.0,20.305479452054794,3.077312260546414,7.302024614329567,0
0,0,0,1,1,0,0,1,0,0,0,0,0,1,74.3,74.3,1,0,1,0,1,0,0,1,2,0,0,0.0,74.3,37.15,4.321480134805848,4.321480134805848,1
0,0,0,66,1,0,0,0,0,0,0,0,2,0,19.35,1240.8,0,1,0,1,0,0,0,1,1,4,0,38.7,0.0,18.519402985074628,3.013080911888604,7.124317218930792,0
0,0,0,1,0,0,0,1,0,1,0,1,0,1,44.65,44.65,1,1,0,0,0,0,1,0,3,0,0,0.0,0.0,22.325,3.8210036070409776,3.8210036070409776,1
0,1,1,13,1,0,1,0,0,0,0,1,0,0,84.05,1095.3,1,1,1,0,0,1,0,0,3,2,0,0.0,84.05,78.23571428571428,4.44323931884187,6.999696152680494,0
0,0,0,10,1,1,0,1,0,0,0,0,0,1,80.7,788.8,1,1,1,0,0,0,0,1,3,1,0,0.0,80.7,71.7090909090909,4.403054001865957,6.671779748852549,0
1,1,0,65,1,1,0,1,1,0,1,1,0,1,104.35,6578.55,0,1,1,0,0,1,0,0,6,4,1,0.0,104.35,99.675,4.6572881402501976,8.791721632922973,0
0,0,1,1,1,0,0,0,0,0,0,0,0,0,19.55,19.55,0,1,0,1,0,0,1,0,1,0,0,0.0,0.0,9.775,3.022860940942244,3.022860940942244,1
0,1,1,38,1,0,1,1,1,1,1,0,1,0,74.05,2802.3,0,1,0,0,0,1,0,0,6,4,0,74.05,0.0,71.85384615384616,4.318154558079471,7.938552573621769,0
0,0,1,23,0,0,1,0,1,1,0,0,2,0,40.1,857.75,0,1,0,0,0,0,1,0,3,2,0,80.2,0.0,35.739583333333336,3.716008121502189,6.755477843536559,0
0,1,0,10,1,0,0,0,0,0,0,0,1,0,20.1,184.4,0,0,0,1,0,0,1,0,1,1,0,20.1,0.0,16.763636363636365,3.0492730404820207,5.2225156531317545,0
0,0,1,4,1,1,0,1,0,0,1,1,0,1,101.7,364.55,1,1,1,0,0,1,0,0,5,0,1,0.0,101.7,72.91,4.631812116934513,5.901403068739325,1
0,1,1,72,1,1,1,0,1,1,1,1,2,1,83.55,6093.3,0,1,0,0,1,0,0,1,7,4,0,167.1,0.0,83.46986301369863,4.4373430753445895,8.715109187083549,0
0,1,0,35,1,0,0,1,0,1,0,0,0,0,56.85,1861.1,0,0,0,0,0,1,0,0,3,3,0,0.0,0.0,51.69722222222222,4.0578534536396855,7.529460162087717,0
0,0,0,1,1,0,0,0,0,0,0,0,0,0,20.4,20.4,1,0,0,1,0,0,1,0,1,0,0,0.0,0.0,10.2,3.0633909220278057,3.0633909220278057,1
0,1,1,58,1,0,0,0,0,0,0,0,2,0,19.55,1079.65,0,0,0,1,1,0,0,1,1,4,0,39.1,0.0,18.299152542372884,3.022860940942244,6.985317990929928,0
0,1,1,70,1,0,0,1,1,1,1,1,1,1,106.15,7475.1,0,1,1,0,0,1,0,0,6,4,1,106.15,106.15,105.2830985915493,4.674229721919586,8.919466544622965,0
0,1,1,38,1,1,0,1,1,0,1,1,1,0,78.95,2862.55,0,1,0,0,1,0,0,1,6,4,0,78.95,0.0,73.39871794871796,4.381401439279963,7.959817392830412,0
0,1,1,60,0,0,0,1,0,0,1,1,0,1,49.75,3069.45,0,0,0,0,0,1,0,0,3,4,0,0.0,0.0,50.31885245901639,3.926911617921897,8.029579409644032,0
0,0,0,26,1,1,1,1,0,0,1,0,0,1,92.4,2349.8,0,1,1,0,1,0,0,1,5,3,1,0.0,92.4,87.02962962962964,4.536891345234797,7.762510974738495,0
0,0,0,8,1,0,1,1,0,1,0,0,1,0,58.2,469.25,0,0,0,0,0,0,0,1,4,1,0,58.2,0.0,52.138888888888886,4.0809215418899605,6.15326446818114,0
0,1,1,41,1,1,0,0,1,1,1,1,1,1,102.6,4213.35,1,1,1,0,0,1,0,0,6,4,1,102.6,102.6,100.31785714285715,4.640537329825382,8.346250647393541,0
1,1,0,36,1,1,0,1,0,0,1,0,0,1,91.95,3301.05,0,0,1,0,1,0,0,1,4,3,1,0.0,91.95,89.21756756756757,4.532061714167453,8.102298766703406,0
1,0,0,54,1,0,0,0,1,1,0,1,1,0,65.25,3529.95,0,1,0,0,0,0,0,1,4,4,0,65.25,0.0,64.18090909090908,4.193435464866331,8.169322235533594,0
0,1,1,71,1,1,0,1,1,0,1,1,2,1,106.0,7723.7,1,1,1,0,0,0,0,1,6,4,1,212.0,106.0,107.27361111111111,4.672828834461906,8.952178266060393,0
0,0,0,55,1,1,0,0,0,0,0,0,0,1,73.1,4144.9,0,0,1,0,0,1,0,0,2,4,0,0.0,73.1,74.01607142857142,4.3054155323020415,8.32987517307146,0
0,0,0,72,1,1,1,1,0,0,0,0,2,0,59.75,4265.0,0,0,0,0,0,0,0,1,4,4,0,119.5,0.0,58.42465753424658,4.1067670822206574,8.358431899031295,0
0,0,1,3,1,0,1,0,0,1,0,0,0,1,55.1,154.65,1,0,0,0,0,0,1,0,3,0,0,0.0,0.0,38.6625,4.027135812528651,5.047609896887617,1
0,1,1,54,1,1,0,1,1,0,0,0,2,1,59.8,3246.45,0,0,0,0,0,0,0,1,4,4,0,119.6,0.0,59.026363636363634,4.107589788972121,8.085625351967414,0
0,1,1,72,1,1,1,1,1,1,1,1,2,1,116.6,8337.45,0,1,1,0,0,0,0,1,8,4,1,233.2,116.6,114.21164383561644,4.767289035464526,9.02863262676135,0
0,0,0,52,1,1,1,0,1,1,1,1,2,1,109.3,5731.4,0,1,1,0,0,1,0,0,7,4,1,218.6,109.3,108.13962264150943,4.703203926259457,8.653889570183916,0
1,0,0,60,1,1,1,0,0,0,1,1,1,1,101.4,6176.6,0,0,1,0,0,0,0,1,5,4,1,101.4,101.4,101.25573770491803,4.628886712605407,8.728685125509973,0
0,0,0,39,0,0,0,0,1,0,1,1,0,1,50.65,1905.4,0,0,0,0,1,0,0,1,3,4,0,0.0,0.0,47.635000000000005,3.9444901955656477,7.552971925784532,0
0,0,0,15,1,0,0,0,0,0,1,0,1,0,56.15,931.9,0,0,0,0,0,0,1,0,2,2,0,56.15,0.0,58.24375,4.04567939024082,6.838298013966916,0
0,0,0,69,1,1,0,0,1,1,1,1,2,1,106.5,7348.8,1,1,1,0,0,0,0,1,6,4,1,213.0,106.5,104.98285714285714,4.677490847567717,8.902428380952307,0
0,1,1,43,1,0,0,0,0,0,0,0,1,1,19.2,776.25,0,1,0,1,0,0,1,0,1,4,0,19.2,0.0,17.642045454545453,3.005682604407159,6.655762048938863,0
1,0,0,63,1,1,1,1,1,1,1,0,1,0,83.0,5243.05,0,0,0,0,0,0,0,1,7,4,0,83.0,0.0,81.92265625,4.430816798843313,8.564849379544466,0
1,1,0,2,1,0,0,0,0,0,0,0,0,0,70.1,141.65,0,1,1,0,0,1,0,0,1,0,0,0.0,70.1,47.21666666666667,4.264087336809195,4.960394077659509,1
0,1,1,72,1,0,1,1,1,1,1,1,2,1,108.3,7679.65,0,0,1,0,0,0,0,1,7,4,1,216.6,108.3,105.20068493150684,4.694096395182493,8.94645945797701,0
0,1,1,32,1,1,0,0,1,0,0,1,0,1,91.05,2954.5,1,0,1,0,0,0,0,1,4,3,1,0.0,91.05,89.53030303030303,4.522331907679087,7.991423120264424,0
0,1,1,40,1,1,0,0,0,0,0,0,2,0,25.25,1006.9,0,1,0,1,1,0,0,1,2,4,0,50.5,0.0,24.558536585365854,3.2676659890376327,6.9156242373608325,0
0,1,0,58,0,0,1,1,0,0,1,0,1,1,45.35,2540.1,0,0,0,0,0,1,0,0,3,4,0,45.35,0.0,43.052542372881355,3.836221292011864,7.840352337130602,0
0,0,0,67,0,0,1,0,0,1,1,0,2,0,43.9,3097.2,0,1,0,0,0,1,0,0,3,4,0,87.8,0.0,45.54705882352941,3.8044377947482086,8.038576576672263,0
1,1,0,51,1,1,1,0,0,0,0,0,0,1,77.5,3807.35,1,0,1,0,0,1,0,0,3,4,0,0.0,77.5,73.21826923076922,4.363098624788363,8.244951303452334,0
0,1,0,31,1,1,0,0,1,1,1,1,1,1,79.3,2484.0,0,1,0,0,0,0,1,0,6,3,0,79.3,0.0,77.625,4.385769620952716,7.818027938530729,0
1,1,0,69,1,1,1,1,0,0,0,0,0,1,84.9,5785.65,0,1,1,0,1,0,0,1,4,4,0,0.0,84.9,82.65214285714285,4.45318382899021,8.663308819357752,0
0,1,0,32,1,1,0,0,0,1,0,0,1,1,79.25,2619.15,0,1,1,0,0,1,0,0,3,3,0,79.25,79.25,79.36818181818182,4.385146762010125,7.870986847024712,0
0,0,0,21,1,0,1,1,0,1,1,0,2,0,71.05,1524.85,0,0,0,0,1,0,0,1,5,2,0,142.1,0.0,69.31136363636364,4.277360322445531,7.330306910813801,0
0,0,0,52,1,0,1,0,1,0,0,0,1,0,53.75,2790.65,0,1,0,0,0,1,0,0,3,4,0,53.75,0.0,52.653773584905665,4.00277736869661,7.934388097858083,0
0,1,1,72,1,1,0,0,0,0,0,0,2,0,24.25,1784.5,0,0,0,1,1,0,0,1,2,4,0,48.5,0.0,24.445205479452056,3.228826155721369,7.487453767034503,0
0,1,0,72,0,0,0,1,1,0,1,1,2,1,54.2,3937.45,1,0,0,0,0,1,0,0,4,4,0,108.4,0.0,53.93767123287671,4.01096295328305,8.27854252387427,0
0,1,1,52,0,0,1,0,1,0,0,1,1,0,44.25,2276.1,0,1,0,0,0,0,0,1,3,4,0,44.25,0.0,42.945283018867926,3.8122026701459353,7.730657982534619,0
0,0,0,41,1,0,0,0,0,1,0,0,1,0,50.05,2029.05,0,0,0,0,0,0,0,1,2,4,0,50.05,0.0,48.31071428571428,3.9328055446106744,7.615815702274378,0
0,0,0,41,1,0,0,0,0,0,0,0,2,0,20.15,802.35,0,1,0,1,0,0,1,0,1,4,0,40.3,0.0,19.103571428571428,3.0516399054922867,6.688790484489344,0
0,0,0,6,1,0,0,0,0,0,0,0,0,1,69.25,418.4,1,0,1,0,0,0,1,0,1,0,0,0.0,69.25,59.771428571428565,4.2520603082138555,6.03882511846782,1
0,1,1,67,1,1,1,1,1,1,0,0,1,1,69.35,4653.25,0,1,0,0,1,0,0,1,6,4,0,69.35,0.0,68.43014705882354,4.253482783560398,8.445536059652007,0
0,1,1,16,1,0,0,0,0,0,0,0,0,0,19.35,275.9,0,0,0,1,0,0,1,0,1,2,0,0.0,0.0,16.22941176470588,3.013080911888604,5.623656430176916,0
0,0,0,17,1,0,0,0,0,0,0,0,2,0,19.15,343.45,0,1,0,1,0,0,1,0,1,2,0,38.3,0.0,19.080555555555556,3.0032042883926917,5.841948942039205,0
0,1,0,35,1,0,1,1,1,0,0,0,0,0,61.0,2130.45,0,1,0,0,0,0,1,0,4,3,0,0.0,0.0,59.17916666666666,4.127134385045092,7.664557778271204,0
0,1,1,58,1,0,0,0,0,0,0,0,2,0,20.5,1191.4,0,0,0,1,1,0,0,1,1,4,0,41.0,0.0,20.193220338983053,3.068052935133617,7.083723361803917,0
0,0,0,1,1,0,0,0,1,0,0,0,0,1,50.5,50.5,1,1,0,0,0,1,0,0,2,0,0,0.0,0.0,25.25,3.9415818076696905,3.9415818076696905,1
0,1,1,52,0,0,0,1,1,1,1,0,2,0,50.2,2554.0,0,1,0,0,0,0,1,0,4,4,0,100.4,0.0,48.18867924528302,3.9357395320454622,7.845807502637805,0
0,0,0,70,1,0,1,0,1,1,1,1,2,0,79.6,5589.45,0,0,0,0,0,0,0,1,6,4,0,159.2,0.0,78.72464788732394,4.389498649512583,8.628815063803575,0
0,1,1,19,1,1,0,0,0,0,0,0,2,1,24.9,467.7,0,0,0,1,0,0,0,1,2,2,0,49.8,0.0,23.384999999999998,3.254242968705492,6.14996290492866,0
1,0,0,1,1,1,0,0,0,0,0,0,0,1,74.4,74.4,1,1,1,0,0,1,0,0,2,0,0,0.0,74.4,37.2,4.32280727501391,4.32280727501391,1
0,1,1,35,1,0,1,0,1,1,1,1,0,1,106.9,3756.45,0,0,1,0,0,1,0,0,6,3,1,0.0,106.9,104.34583333333333,4.681204872264089,8.2314958148187,0
0,0,0,32,1,1,0,0,1,0,1,1,0,1,101.35,3334.9,0,0,1,0,0,1,0,0,5,3,1,0.0,101.35,101.05757575757576,4.628398312107299,8.112497787010163,0
0,1,1,17,1,0,1,0,0,1,0,0,0,1,55.35,920.5,0,0,0,0,1,0,0,1,3,2,0,0.0,0.0,51.138888888888886,4.031582240485785,6.826002777109878,0
0,1,1,67,1,0,0,1,0,0,0,0,1,0,50.55,3431.75,0,0,0,0,1,0,0,1,2,4,0,50.55,0.0,50.466911764705884,3.942552210462969,8.141116968201862,0
0,0,0,9,1,0,0,0,0,0,0,0,0,0,19.5,150.35,0,0,0,1,0,0,0,1,1,1,0,0.0,0.0,15.035,3.0204248861443626,5.019595035467727,0
0,0,1,31,1,1,0,1,0,1,1,1,1,1,79.45,2587.7,1,1,0,0,0,0,1,0,6,3,0,79.45,0.0,80.865625,4.387635873438392,7.8589110981823715,0
0,0,0,4,1,1,1,0,0,0,1,0,0,0,90.65,367.95,0,1,1,0,0,1,0,0,4,0,1,0.0,90.65,73.59,4.517976974285714,5.910661133504376,1
1,1,1,58,1,1,1,1,0,1,0,0,1,1,89.85,5125.75,0,1,1,0,0,0,0,1,5,4,0,89.85,89.85,86.87711864406779,4.50920979484218,8.542227209135879,0
0,0,0,60,1,0,1,0,1,1,1,1,1,0,79.0,4801.1,0,1,0,0,0,0,1,0,6,4,0,79.0,0.0,78.70655737704918,4.382026634673881,8.476808601220762,0
0,0,0,58,1,1,0,0,1,1,1,1,1,1,104.65,6219.6,1,1,1,0,0,1,0,0,6,4,1,104.65,104.65,105.41694915254237,4.660131744062066,8.735621644103475,0
0,0,0,1,1,0,0,0,0,0,0,0,0,0,19.55,19.55,0,1,0,1,0,0,1,0,1,0,0,0.0,0.0,9.775,3.022860940942244,3.022860940942244,1
0,1,1,27,1,0,0,0,0,0,0,0,2,0,19.9,550.1,0,0,0,1,0,0,1,0,1,3,0,39.8,0.0,19.646428571428572,3.039749158970765,6.311916280889189,0
1,1,1,66,1,1,1,1,1,1,1,1,1,1,116.25,7862.25,0,1,1,0,0,1,0,0,8,4,1,116.25,116.25,117.34701492537313,4.764308407326388,8.969955285966561,0
0,0,0,15,1,1,1,0,0,0,1,0,0,1,87.75,1242.2,0,1,1,0,0,0,0,1,4,2,0,0.0,87.75,77.6375,4.485823428355525,7.125443979613383,0
1,1,0,47,1,1,0,0,1,0,1,1,0,1,100.05,4871.05,1,1,1,0,0,1,0,0,5,4,1,0.0,100.05,101.48020833333334,4.61561544384963,8.491270072062852,0
0,0,0,41,1,1,1,0,0,0,0,0,0,1,81.3,3190.65,0,0,1,0,1,0,0,1,3,4,0,0.0,81.3,75.96785714285714,4.410371107683024,8.068293303434988,0
0,1,0,59,0,0,0,0,0,0,1,1,0,1,44.3,2666.75,0,1,0,0,0,1,0,0,2,4,0,0.0,0.0,44.44583333333333,3.8133070324889884,7.8889906994966745,0
0,0,1,50,1,0,0,0,0,0,0,0,2,0,70.35,3533.6,0,0,1,0,1,0,0,1,1,4,0,140.7,70.35,69.28627450980392,4.267597343922845,8.170355417755697,0
0,1,1,17,0,0,1,0,1,0,1,0,1,0,44.45,792.15,0,1,0,0,1,0,0,1,3,2,0,44.45,0.0,44.00833333333333,3.816612820623488,6.676012358854464,0
0,1,1,6,1,0,1,0,0,0,0,0,0,1,49.15,295.65,0,1,0,0,0,1,0,0,2,0,0,0.0,0.0,42.23571428571428,3.9150185144079446,5.692552992704652,1
1,1,0,51,0,0,0,1,0,0,0,0,0,1,29.45,1459.35,0,1,0,0,1,0,0,1,1,4,0,0.0,0.0,28.064423076923074,3.416085994155906,7.286431412000087,0
0,0,0,44,1,0,0,1,0,1,1,1,0,0,100.55,4398.15,1,1,1,0,0,1,0,0,5,4,1,0.0,100.55,97.73666666666666,4.620551288026394,8.38916661942616,0
0,1,0,49,1,0,0,1,0,0,1,0,0,1,85.3,4297.95,0,1,1,0,1,0,0,1,3,4,0,0.0,85.3,85.959,4.457829598089382,8.366126085816875,0
0,0,0,2,1,0,0,1,0,0,1,1,0,0,95.65,167.3,1,1,1,0,0,1,0,0,4,0,1,0.0,95.65,55.76666666666667,4.57109620565434,5.12574810119676,1
0,1,0,59,1,1,1,0,0,1,0,1,1,1,69.1,4096.9,0,1,0,0,0,0,1,0,5,4,0,69.1,0.0,68.28166666666667,4.249922794040544,8.31822992635372,0
1,0,0,50,1,1,1,1,0,0,1,0,0,1,70.35,3454.6,0,1,0,0,0,0,0,1,5,4,0,0.0,0.0,67.73725490196078,4.267597343922845,8.14775138248473,0
0,1,1,59,1,0,0,0,0,0,0,0,2,0,20.6,1286.0,0,0,0,1,0,0,1,0,1,4,0,41.2,0.0,21.433333333333334,3.0726933146901194,7.160069207596127,0
0,0,0,18,1,1,0,0,0,0,0,0,0,0,74.15,1387.0,0,1,1,0,0,0,1,0,2,2,0,0.0,74.15,73.0,4.319486116198983,7.23561914106675,0
0,0,0,10,1,1,0,0,0,0,0,0,0,0,75.05,786.3,0,1,1,0,0,1,0,0,2,1,0,0.0,75.05,71.48181818181818,4.331391018705302,6.668609370190421,0
0,1,0,14,1,0,0,0,0,0,0,0,1,0,44.6,641.25,0,1,0,0,0,1,0,0,1,2,0,44.6,0.0,42.75,3.8199077165203406,6.464977635989993,0
0,0,0,35,1,0,0,0,0,0,0,0,2,0,21.45,705.45,0,1,0,1,0,0,0,1,1,3,0,42.9,0.0,19.595833333333335,3.1112906141882632,6.560252428211817,0
0,1,1,8,1,0,0,0,0,0,0,0,1,1,43.45,345.5,0,1,0,0,0,0,1,0,1,1,0,43.45,0.0,38.388888888888886,3.794364961959914,5.847882818629958,0
0,1,1,18,1,0,0,0,0,0,0,0,1,0,20.05,345.9,0,1,0,1,0,0,0,1,1,2,0,20.05,0.0,18.205263157894734,3.0469005601283903,5.849036553975704,0
0,1,1,60,1,1,1,1,0,0,1,0,1,0,94.15,5811.8,0,0,1,0,0,0,0,1,5,4,1,94.15,94.15,95.27540983606558,4.555454593742159,8.667817661466938,0
0,0,0,1,1,0,0,0,1,0,1,1,0,0,94.4,94.4,1,0,1,0,0,1,0,0,4,0,1,0.0,94.4,47.2,4.558078578454241,4.558078578454241,1
0,0,0,6,1,0,0,0,0,0,0,0,2,0,19.55,124.45,0,0,0,1,0,0,1,0,1,0,0,39.1,0.0,17.77857142857143,3.022860940942244,4.8319072728124315,1
0,0,1,19,1,1,1,1,0,1,1,0,0,1,75.9,1375.6,0,0,0,0,0,0,1,0,6,2,0,0.0,0.0,68.78,4.3425058765115985,7.227371969964263,0
0,1,1,53,1,1,1,1,0,1,0,0,1,0,64.15,3491.55,0,1,0,0,0,0,0,1,5,4,0,64.15,0.0,64.65833333333333,4.176692303570854,8.158387407420907,0
1,1,0,72,1,1,1,1,1,0,1,1,2,1,109.55,7920.7,0,1,1,0,0,0,0,1,7,4,1,219.1,109.55,108.5027397260274,4.705467907303455,8.977361108239862,0
0,1,0,60,1,1,0,1,1,1,1,1,2,1,110.8,6640.7,0,0,1,0,1,0,0,1,7,4,1,221.6,110.8,108.8639344262295,4.716711560720999,8.80112323379829,0
0,0,0,1,1,0,0,0,0,0,1,0,0,1,55.0,55.0,1,0,0,0,1,0,0,1,2,0,0,0.0,0.0,27.5,4.02535169073515,4.02535169073515,1
0,0,1,13,1,0,0,0,1,1,0,0,0,0,53.45,718.1,0,0,0,0,0,0,1,0,3,2,0,0.0,0.0,51.292857142857144,3.9972828493789696,6.578000430108449,0
0,1,1,5,1,0,0,0,0,0,0,0,0,0,69.95,320.4,0,0,1,0,1,0,0,1,1,0,0,0.0,69.95,53.4,4.261975403606051,5.772686453303412,1
0,0,0,1,1,1,0,0,1,0,1,1,0,1,101.45,101.45,1,1,1,0,0,1,0,0,5,0,1,0.0,101.45,50.725,4.629374874684909,4.629374874684909,1
0,1,1,13,1,0,0,0,1,0,1,1,0,0,97.0,1334.45,0,1,1,0,0,1,0,0,4,2,1,0.0,97.0,95.31785714285715,4.584967478670572,7.19702359268779,0
0,0,0,37,1,1,1,1,1,1,1,1,1,1,90.6,3358.65,0,1,0,0,0,0,0,1,8,4,1,90.6,0.0,88.38552631578948,4.517431271680085,8.119592080864859,0
0,1,0,64,1,0,1,0,0,0,0,0,0,1,73.55,4764.0,0,1,1,0,0,0,1,0,2,4,0,0.0,73.55,73.29230769230769,4.311470041210748,8.469052816088302,0
0,1,0,5,1,1,0,0,1,1,1,0,0,0,67.95,350.3,1,0,0,0,0,0,0,1,5,0,0,0.0,0.0,58.38333333333333,4.233381604239311,5.861640559271781,1
0,1,0,61,1,1,0,1,0,1,0,1,2,1,94.35,5703.0,0,0,1,0,0,0,0,1,5,4,1,188.7,94.35,91.98387096774194,4.557554332046428,8.648922962094131,0
0,0,0,1,1,0,0,0,0,0,0,0,0,1,69.5,69.5,1,0,1,0,0,1,0,0,1,0,0,0.0,69.5,34.75,4.255612709818223,4.255612709818223,1
0,0,0,1,1,0,0,0,0,0,0,0,0,1,18.85,18.85,1,1,0,1,0,0,1,0,1,0,0,0.0,0.0,9.425,2.9882040071331994,2.9882040071331994,1
0,0,0,26,1,0,0,0,0,0,0,0,1,0,19.4,525.55,0,1,0,1,0,0,1,0,1,3,0,19.4,0.0,19.46481481481481,3.0155349008501706,6.266346293826606,0
0,0,0,1,1,0,0,0,0,0,0,0,0,1,69.2,69.2,1,0,1,0,0,1,0,0,1,0,0,0.0,69.2,34.6,4.251348311031766,4.251348311031766,1
0,1,0,24,1,0,0,0,0,0,0,0,2,0,19.75,483.15,0,1,0,1,0,0,1,0,1,2,0,39.5,0.0,19.326,3.0325462466767075,6.18239477605754,0
0,1,0,17,0,0,0,0,1,1,1,1,1,0,54.6,934.8,0,1,0,0,0,1,0,0,4,2,0,54.6,0.0,51.93333333333333,4.018183201256536,6.8414017784321155,0
0,0,1,26,0,0,0,0,1,0,0,0,0,1,29.8,786.5,0,0,0,0,0,0,1,0,1,3,0,0.0,0.0,29.12962962962963,3.427514689979529,6.668863370699788,0
0,0,0,1,1,0,0,0,0,0,0,0,0,1,69.65,69.65,1,1,1,0,0,1,0,0,1,0,0,0.0,69.65,34.825,4.257738109130536,4.257738109130536,1
1,1,0,40,1,1,1,0,0,0,1,1,0,0,101.85,4086.3,1,1,1,0,0,1,0,0,5,4,1,0.0,101.85,99.66585365853659,4.633271616098966,8.315639884344804,0
0,0,0,52,1,1,0,1,1,0,1,1,0,1,103.05,5364.8,0,1,1,0,0,1,0,0,6,4,1,0.0,103.05,101.22264150943397,4.644871552839644,8.58780075858019,0
0,0,0,1,1,0,0,1,1,0,0,0,0,1,82.3,82.3,1,0,1,0,0,1,0,0,3,0,0,0.0,82.3,41.15,4.422448549172797,4.422448549172797,1
0,0,0,1,1,0,0,0,0,0,0,0,0,0,20.3,20.3,0,1,0,1,0,0,1,0,1,0,0,0.0,0.0,10.15,3.0587070727153796,3.0587070727153796,1
0,0,0,21,0,0,1,0,0,1,0,0,2,0,35.1,770.4,0,0,0,0,0,0,1,0,2,2,0,70.2,0.0,35.018181818181816,3.586292865338835,6.648207045774128,0
0,1,0,67,1,1,0,1,1,0,1,1,1,1,105.7,6816.95,0,0,1,0,0,0,0,1,6,4,1,105.7,105.7,100.24926470588235,4.670021158307708,8.827314119142065,0
0,1,1,44,1,0,1,0,0,1,0,0,0,0,56.25,2419.55,0,0,0,0,0,0,0,1,3,4,0,0.0,0.0,53.76777777777778,4.047427642434349,7.791750066055471,0
0,1,1,70,0,0,0,1,1,1,1,1,1,0,60.35,4138.7,0,1,0,0,0,1,0,0,5,4,0,60.35,0.0,58.291549295774644,4.116595171156921,8.328378600425618,0
0,0,0,3,1,0,0,0,0,0,1,0,0,0,79.25,267.6,1,1,1,0,0,1,0,0,2,0,0,0.0,79.25,66.9,4.385146762010125,5.593223284089137,1
0,1,1,56,1,0,1,1,1,0,0,0,2,1,59.8,3457.45,0,1,0,0,0,0,0,1,4,4,0,119.6,0.0,60.657017543859645,4.107589788972121,8.148575790801537,0
0,0,0,13,1,1,0,0,0,0,0,1,0,1,84.6,1115.2,1,0,1,0,0,1,0,0,3,2,0,0.0,84.6,79.65714285714286,4.449685283147696,7.017685338354333,0
0,1,1,58,1,1,1,1,0,0,0,1,0,1,93.4,5435.6,1,0,1,0,0,0,0,1,5,4,1,0.0,93.4,92.12881355932204,4.547541073151455,8.60090914445607,0
0,1,1,42,1,1,0,0,0,0,1,1,0,1,94.2,4186.3,1,0,1,0,0,1,0,0,4,4,1,0.0,94.2,97.35581395348838,4.55597994179732,8.33981141379869,0
1,1,0,1,0,0,0,0,0,0,0,0,0,0,25.05,25.05,1,1,0,0,0,1,0,0,0,0,0,0.0,0.0,12.525,3.260017768199376,3.260017768199376,1
0,1,1,46,1,1,1,0,1,1,0,1,2,0,99.65,4630.2,0,0,1,0,0,0,1,0,6,4,1,199.3,99.65,98.51489361702127,4.611649152085801,8.440571292764794,0
0,1,1,63,1,0,1,0,0,0,0,0,2,1,50.65,3221.25,0,0,0,0,0,0,0,1,2,4,0,101.3,0.0,50.33203125,3.9444901955656477,8.077835152284889,0
0,0,0,11,1,0,0,1,1,1,0,0,0,1,60.9,688.5,0,1,0,0,0,1,0,0,4,1,0,0.0,0.0,57.375,4.12552017969055,6.5359666972333565,0
0,1,1,15,1,1,0,0,1,1,0,0,0,1,59.65,867.1,0,1,0,0,0,0,0,1,4,2,0,0.0,0.0,54.19375,4.105119635390059,6.766306915397762,0
0,1,0,72,0,0,1,1,1,1,1,1,2,1,64.7,4746.05,0,1,0,0,0,1,0,0,6,4,0,129.4,0.0,65.01438356164384,4.185098925490565,8.465278651464038,0
0,0,0,29,0,0,0,0,0,0,0,0,0,1,25.1,712.85,1,0,0,0,1,0,0,1,0,3,0,0.0,0.0,23.761666666666667,3.261935314328648,6.5706728562352295,0
0,0,1,1,1,0,0,0,1,0,0,0,0,0,48.95,48.95,1,1,0,0,0,1,0,0,2,0,0,0.0,0.0,24.475,3.9110225050945626,3.9110225050945626,1
0,1,1,6,1,0,0,0,0,0,1,0,0,0,54.85,355.1,0,0,0,0,0,1,0,0,2,0,0,0.0,0.0,50.728571428571435,4.02266952551521,5.875211590283732,1
0,0,0,1,1,0,0,0,0,0,0,0,0,0,45.3,45.3,1,1,0,0,0,1,0,0,1,0,0,0.0,0.0,22.65,3.835141961092188,3.835141961092188,1
0,1,1,63,1,1,0,1,0,0,0,1,1,1,91.35,5764.7,0,1,1,0,0,1,0,0,4,4,1,91.35,91.35,90.0734375,4.5255857066452485,8.659681847708468,0
0,0,0,2,1,0,0,0,1,0,0,1,0,1,85.85,167.3,1,1,1,0,0,1,0,0,3,0,0,0.0,85.85,55.76666666666667,4.464182492687114,5.12574810119676,1
0,1,1,18,1,1,0,0,0,0,0,0,2,0,25.1,428.45,0,0,0,1,0,0,1,0,2,2,0,50.2,0.0,22.55,3.261935314328648,6.062505320212233,0
0,1,0,43,0,0,1,0,0,1,0,0,0,0,34.0,1505.35,0,0,0,0,0,0,0,1,2,4,0,0.0,0.0,34.2125,3.5553480614894135,7.317444785076738,0
0,0,0,15,0,0,1,1,1,1,0,0,1,0,45.9,693.45,0,0,0,0,0,0,1,0,4,2,0,45.9,0.0,43.340625,3.8480176754522337,6.543120165362228,0
0,0,1,10,1,1,0,0,0,0,1,1,0,0,95.2,930.4,1,1,1,0,0,1,0,0,4,1,1,0.0,95.2,84.58181818181818,4.566429357671661,6.836688830548277,0
0,1,1,55,1,0,0,0,0,0,0,0,2,0,20.5,1177.95,0,1,0,1,0,0,1,0,1,4,0,41.0,0.0,21.03482142857143,3.068052935133617,7.072379490817057,0
0,0,1,49,1,1,0,0,0,1,1,1,1,1,100.6,5069.65,1,1,1,0,0,0,0,1,5,4,1,100.6,100.6,101.39299999999999,4.6210435351443815,8.531224293495859,0
0,1,1,6,1,0,0,1,1,0,0,0,0,1,55.3,324.25,1,1,0,0,0,0,1,0,3,0,0,0.0,0.0,46.32142857142857,4.030694535145645,5.784594117392615,1
0,1,1,70,1,0,0,0,0,0,0,0,2,0,20.35,1458.1,0,1,0,1,1,0,0,1,1,4,0,40.7,0.0,20.536619718309858,3.0610517396746335,7.285575086269977,0
1,0,0,2,1,1,0,0,0,0,0,0,0,1,74.85,156.4,1,1,1,0,0,0,1,0,2,0,0,0.0,74.85,52.13333333333333,4.328757705794541,5.058790335983303,1
1,1,0,63,0,0,1,0,0,1,0,0,1,0,36.1,2298.9,0,1,0,0,0,0,0,1,2,4,0,36.1,0.0,35.9203125,3.6136169696133895,7.740620922711164,0
0,0,0,25,1,0,0,1,0,1,0,1,0,1,65.8,1679.65,0,0,0,0,0,0,0,1,4,3,0,0.0,0.0,64.60192307692309,4.2017030805426,7.426935902330863,0
1,0,0,18,1,0,0,0,0,0,0,0,1,0,20.35,369.6,0,0,0,1,0,0,0,1,1,2,0,20.35,0.0,19.45263157894737,3.0610517396746335,5.915123313851259,0
1,1,0,28,1,1,0,1,0,1,1,1,0,1,105.8,2998.0,0,1,1,0,0,1,0,0,6,3,1,0.0,105.8,103.37931034482759,4.6709579265260945,8.00603417874901,0
1,0,0,53,1,0,1,1,0,1,0,1,1,1,96.75,5206.55,0,0,1,0,0,0,1,0,5,4,1,96.75,96.75,96.4175925925926,4.582413198865475,8.557864774625278,0
0,0,0,35,1,0,0,1,1,0,1,1,1,1,102.35,3626.1,1,1,1,0,0,0,0,1,5,3,1,102.35,102.35,100.725,4.638121286127777,8.196188709898143,0
0,0,0,1,0,0,0,0,0,0,0,0,0,0,24.4,24.4,0,1,0,0,0,0,1,0,0,0,0,0.0,0.0,12.2,3.2347491740244907,3.2347491740244907,1
0,1,0,70,1,1,1,1,1,1,1,1,1,0,115.65,7968.85,1,1,1,0,1,0,0,1,8,4,1,115.65,115.65,112.23732394366198,4.759177998467439,8.983420951029988,0
0,0,0,2,1,0,0,0,1,1,0,0,0,1,79.85,152.45,1,1,1,0,0,1,0,0,3,0,0,0.0,79.85,50.81666666666666,4.392595586023115,5.033374781065745,1
0,1,0,26,1,0,0,1,0,1,1,1,0,1,73.05,1959.5,0,0,0,0,0,1,0,0,5,3,0,0.0,0.0,72.57407407407408,4.304740540713808,7.580954821732386,0
0,0,0,34,1,0,1,1,0,0,0,1,1,0,64.35,2053.05,0,0,0,0,0,1,0,0,4,3,0,64.35,0.0,58.658571428571435,4.179757440070231,7.6275687329380855,0
0,0,1,19,1,0,0,0,0,0,0,0,2,0,20.5,398.55,0,0,0,1,0,0,1,0,1,2,0,41.0,0.0,19.927500000000002,3.068052935133617,5.990338913820472,0
0,0,0,15,1,1,0,0,0,0,0,0,0,1,76.0,1130.85,1,1,1,0,0,0,1,0,2,2,0,0.0,76.0,70.678125,4.343805421853684,7.031608741149134,0
0,1,1,62,1,0,1,0,1,0,0,0,1,0,54.75,3425.35,0,0,0,0,1,0,0,1,3,4,0,54.75,0.0,54.37063492063492,4.020877410340228,8.139250833619391,0
1,0,0,42,1,1,0,1,1,0,1,1,0,1,104.75,4323.45,1,0,1,0,0,0,0,1,6,4,1,0.0,104.75,100.5453488372093,4.661077817926388,8.372040243649433,0
0,0,0,9,1,0,1,1,0,0,1,1,0,1,74.65,703.55,1,0,0,0,0,1,0,0,5,1,0,0.0,0.0,70.35499999999999,4.326117440234365,6.557559301141113,0
0,0,0,24,1,0,1,0,0,0,0,0,0,1,51.15,1275.7,0,1,0,0,0,1,0,0,2,2,0,0.0,0.0,51.028,3.9541241814467813,7.152033902826306,0
1,1,0,68,0,0,1,1,1,0,0,0,2,1,41.95,2965.75,0,1,0,0,0,1,0,0,3,4,0,83.9,0.0,42.981884057971016,3.7600366484302645,7.9952223565452485,0
0,1,1,31,1,0,0,0,1,1,0,0,0,0,54.35,1647.0,0,1,0,0,0,0,1,0,3,3,0,0.0,0.0,51.46875,4.013676659154646,7.4073177104694174,0
0,0,0,1,1,0,0,0,0,0,0,1,0,1,56.25,56.25,1,0,0,0,0,1,0,0,2,0,0,0.0,0.0,28.125,4.047427642434349,4.047427642434349,1
0,1,0,21,1,1,0,0,1,1,1,1,0,1,106.1,2249.95,1,1,1,0,0,1,0,0,6,2,1,0.0,106.1,102.27045454545454,4.673762977453703,7.719107628309968,0
0,1,0,63,1,0,0,1,0,0,1,1,1,1,96.0,6109.75,0,0,1,0,0,1,0,0,4,4,1,96.0,96.0,95.46484375,4.574710978503383,8.717804794223362,0
1,0,0,2,1,0,0,0,0,0,0,1,0,1,79.75,159.4,1,0,1,0,0,0,0,1,2,0,0,0.0,79.75,53.13333333333333,4.391357962102766,5.077670695432414,1
0,1,1,61,0,0,0,1,1,1,1,1,2,1,61.45,3751.15,0,0,0,0,0,0,0,1,5,4,0,122.9,0.0,60.502419354838715,4.134366236571586,8.230084288005028,0
0,0,0,1,1,0,0,0,0,0,0,0,0,0,68.65,68.65,1,0,1,0,0,1,0,0,1,0,0,0.0,68.65,34.325,4.243482700225814,4.243482700225814,1
0,0,0,18,1,0,0,0,0,0,0,0,1,0,19.65,411.25,0,1,0,1,0,0,1,0,1,2,0,19.65,0.0,21.644736842105264,3.027715319407042,6.021629961439708,0
0,1,1,6,1,0,0,0,0,0,0,0,1,0,19.0,105.5,0,0,0,1,1,0,0,1,1,0,0,19.0,0.0,15.071428571428571,2.995732273553991,4.66814498514948,1
0,0,0,33,1,1,0,1,0,0,1,1,0,1,100.0,3320.6,0,0,1,0,0,1,0,0,5,3,1,0.0,100.0,97.66470588235293,4.61512051684126,8.108201873531515,0
0,0,0,16,1,0,0,0,0,0,0,0,0,0,20.25,327.45,1,1,0,1,0,0,0,1,1,2,0,0.0,0.0,19.261764705882353,3.056356895370426,5.794384619338482,0
0,1,0,56,1,0,0,0,1,1,1,1,0,1,98.7,5669.5,0,0,1,0,0,1,0,0,5,4,1,0.0,98.7,99.46491228070175,4.602165676967792,8.643032576255385,0
0,0,1,23,1,0,0,0,0,0,0,0,1,0,19.8,465.45,0,1,0,1,0,0,1,0,1,2,0,19.8,0.0,19.39375,3.0349529867072724,6.14515083340697,0
0,0,0,9,1,0,0,0,1,0,0,0,0,1,73.8,704.3,0,1,1,0,0,1,0,0,2,1,0,0.0,73.8,70.42999999999999,4.314817884980432,6.558623244214133,0
1,1,0,14,1,1,0,1,0,0,1,1,0,1,100.2,1369.8,1,0,1,0,0,1,0,0,5,2,1,0.0,100.2,91.32,4.617098756853365,7.223149790000454,0
0,1,1,15,1,1,0,0,0,0,0,0,0,1,74.9,1107.25,1,1,1,0,0,0,0,1,2,2,0,0.0,74.9,69.203125,4.3294166844015844,7.010537473625163,0
0,0,0,5,1,0,0,0,0,0,0,0,0,0,20.05,95.55,0,1,0,1,1,0,0,1,1,0,0,0.0,0.0,15.924999999999999,3.0469005601283903,4.570061008874523,1
0,1,0,61,1,1,1,1,0,0,1,1,0,1,106.2,6375.2,0,1,1,0,0,1,0,0,6,4,1,0.0,106.2,102.8258064516129,4.674696248636701,8.760327587606705,0
0,1,1,70,1,1,1,1,1,1,1,1,2,1,116.55,8152.3,0,1,1,0,1,0,0,1,8,4,1,233.1,116.55,114.82112676056339,4.766863774986079,9.006178032257257,0
0,0,0,15,1,1,1,0,0,0,1,1,0,1,99.7,1566.75,0,1,1,0,0,1,0,0,5,2,1,0.0,99.7,97.921875,4.612145799724517,7.35739674942313,0
0,1,1,8,1,0,0,0,0,0,0,0,2,0,19.7,130.25,0,1,0,1,0,0,1,0,1,1,0,39.4,0.0,14.472222222222221,3.0301337002713233,4.877103901471733,0
0,1,1,8,1,0,0,0,0,0,0,0,2,0,19.5,162.15,0,0,0,1,0,0,1,0,1,1,0,39.0,0.0,18.016666666666666,3.0204248861443626,5.094670023039329,0
0,0,0,4,0,0,1,0,0,0,0,0,0,1,29.15,110.05,0,0,0,0,0,0,1,0,1,0,0,0.0,0.0,22.009999999999998,3.4061849231731944,4.709980550340436,1
0,0,0,34,1,0,1,1,0,0,0,0,1,0,55.0,1885.15,0,0,0,0,0,0,1,0,3,3,0,55.0,0.0,53.861428571428576,4.02535169073515,7.542292993434819,0
0,1,0,68,1,1,1,1,1,1,1,1,2,1,90.8,6302.85,0,1,0,0,1,0,0,1,8,4,1,181.6,0.0,91.34565217391305,4.519612297626445,8.74891583683838,0
0,1,1,45,0,0,0,1,1,1,0,1,1,0,51.0,2264.5,0,0,0,0,0,0,0,1,4,4,0,51.0,0.0,49.22826086956522,3.9512437185814275,7.725550764107193,0
1,0,0,9,1,1,0,0,1,0,1,0,0,1,90.1,816.8,0,0,1,0,0,1,0,0,4,1,1,0.0,90.1,81.67999999999999,4.511957804265912,6.706617807930542,0
0,0,0,22,1,1,1,0,0,1,0,0,0,1,59.05,1253.5,0,0,0,0,0,0,1,0,4,2,0,0.0,0.0,54.5,4.095177548525992,7.134492365806477,0
0,0,0,2,1,0,0,0,0,0,0,0,0,0,20.3,41.2,0,0,0,1,0,0,1,0,1,0,0,0.0,0.0,13.733333333333334,3.0587070727153796,3.742420221041966,1
0,1,0,70,1,1,0,1,1,1,1,0,2,0,72.95,5265.55,0,1,0,0,0,0,0,1,6,4,0,145.9,0.0,74.16267605633803,4.303389189156809,8.569130778202858,0
0,0,1,10,1,1,1,0,1,1,0,1,1,0,73.55,693.3,0,0,0,0,1,0,0,1,6,1,0,73.55,0.0,63.027272727272724,4.311470041210748,6.542904143759228,0
0,0,0,72,1,1,1,0,1,1,1,1,2,0,84.3,5997.1,0,1,0,0,1,0,0,1,7,4,0,168.6,0.0,82.15205479452055,4.446174454497633,8.69919803139405,0
0,1,1,49,1,0,0,1,1,0,1,1,1,0,78.0,3824.2,0,0,0,0,1,0,0,1,5,4,0,78.0,0.0,76.484,4.3694478524670215,8.249366032475388,0
1,0,0,54,1,1,0,1,0,1,1,0,1,0,72.1,3886.05,0,0,0,0,0,0,1,0,5,4,0,72.1,0.0,70.65545454545455,4.291828366755733,8.26540579416028,0
0,0,0,71,1,1,1,1,1,0,1,1,2,1,106.75,7283.25,0,0,1,0,1,0,0,1,7,4,1,213.5,106.75,101.15625,4.6798137289838575,8.893469762059727,0
0,0,0,22,1,0,0,0,0,0,0,0,1,1,19.25,412.55,0,0,0,1,0,0,1,0,1,2,0,19.25,0.0,17.93695652173913,3.0081547935525483,6.024778426137916,0
0,1,1,50,1,0,0,0,0,0,0,0,2,0,20.55,1070.25,0,0,0,1,1,0,0,1,1,4,0,41.1,0.0,20.985294117647058,3.070375816549757,6.97658146991199,0
0,1,1,43,1,0,0,0,0,0,0,0,1,0,20.0,817.95,0,0,0,1,0,0,1,0,1,4,0,20.0,0.0,18.589772727272727,3.044522437723423,6.708023031928389,0
0,1,1,45,1,1,0,0,0,0,0,0,2,1,24.65,1171.3,0,0,0,1,1,0,0,1,2,4,0,49.3,0.0,25.463043478260868,3.2445435716167785,7.066722910077782,0
1,0,0,64,1,1,1,1,0,0,1,1,0,1,103.5,6548.65,0,1,1,0,0,0,0,1,6,4,1,0.0,103.5,100.74846153846153,4.6491870714048655,8.787166892087088,0
0,1,1,23,1,1,0,0,0,0,0,0,2,0,23.85,625.65,0,0,0,1,0,0,1,0,2,2,0,47.7,0.0,26.068749999999998,3.2128577525426376,6.440388171057531,0
0,1,0,68,1,1,0,0,0,0,0,0,2,0,25.8,1911.5,0,0,0,1,1,0,0,1,2,4,0,51.6,0.0,27.702898550724637,3.288401887516811,7.556166565700691,0
0,0,0,1,1,0,0,0,0,0,0,0,0,1,70.85,70.85,1,0,1,0,0,1,0,0,1,0,0,0.0,70.85,35.425,4.274580612525034,4.274580612525034,1
0,0,0,2,1,0,0,0,0,0,0,0,0,1,69.8,134.7,1,1,1,0,1,0,0,1,1,0,0,0.0,69.8,44.9,4.259859000699674,4.9104465668408235,1
0,0,0,26,1,0,0,0,0,1,1,0,1,0,59.45,1507.0,0,1,0,0,1,0,0,1,3,3,0,59.45,0.0,55.81481481481482,4.101816577060802,7.318539548567902,0
0,1,0,55,0,0,0,0,1,1,1,1,0,1,54.55,2978.3,1,1,0,0,0,0,0,1,4,4,0,0.0,0.0,53.183928571428574,4.017283516085639,7.999443652577423,0
0,0,0,14,1,0,0,0,0,0,0,0,0,1,20.05,299.3,0,1,0,1,0,1,0,0,1,2,0,0.0,0.0,19.953333333333333,3.0469005601283903,5.7047819749892845,0
0,1,0,71,1,0,1,0,1,1,1,1,2,1,82.55,5832.65,0,1,0,0,0,1,0,0,6,4,0,165.1,0.0,81.00902777777777,4.425445255041403,8.671398155484365,0
0,0,0,64,1,1,1,1,1,1,1,0,1,0,81.25,5567.55,0,1,0,0,0,1,0,0,7,4,0,81.25,0.0,85.65461538461538,4.409763389645481,8.62488997587159,0
0,0,0,7,1,0,0,0,0,1,1,1,0,1,70.75,450.8,1,0,0,0,1,0,0,1,4,1,0,0.0,0.0,56.35,4.273187854639731,6.113239604033903,0
0,0,0,57,1,0,1,1,1,1,1,0,2,1,74.3,4166.35,0,0,0,0,1,0,0,1,6,4,0,148.6,0.0,71.83362068965518,4.321480134805848,8.335035621175752,0
0,1,0,13,1,1,0,1,1,0,1,0,0,0,94.1,1215.6,1,0,1,0,0,1,0,0,5,2,1,0.0,94.1,86.82857142857142,4.554928969551344,7.103815361886605,0
0,1,1,3,0,0,1,0,0,0,0,0,0,0,29.7,91.7,1,0,0,0,1,0,0,1,1,0,0,0.0,0.0,22.925,3.4242626545931514,4.529368472571809,1
1,1,0,72,1,1,0,1,1,1,1,1,2,0,109.7,7898.45,0,1,1,0,1,0,0,1,7,4,1,219.4,109.7,108.19794520547946,4.706823839714591,8.974548415778346,0
0,1,1,40,1,1,0,1,1,0,1,0,0,1,96.35,3915.4,0,0,1,0,1,0,0,1,5,4,1,0.0,96.35,95.49756097560976,4.578312731818208,8.272928143479916,0
0,1,0,14,1,1,0,0,0,1,1,0,0,1,66.6,979.5,0,1,0,0,1,0,0,1,4,2,0,0.0,0.0,65.3,4.213607983048918,6.888062645636401,0
0,1,1,2,1,0,0,0,0,0,0,0,0,1,44.5,90.05,0,1,0,0,0,1,0,0,1,0,0,0.0,0.0,30.016666666666666,3.817712325956905,4.511408806173617,1
1,0,0,66,1,1,0,1,1,1,1,1,1,0,110.9,7432.05,1,1,1,0,1,0,0,1,7,4,1,110.9,110.9,110.92611940298508,4.71760561531788,8.913691551461717,0
0,1,0,38,1,1,0,0,1,1,1,1,0,1,105.0,4026.4,1,0,1,0,0,1,0,0,6,4,1,0.0,105.0,103.24102564102564,4.663439094112067,8.300876285444305,0
0,0,1,1,0,0,0,0,0,0,0,0,0,1,25.3,25.3,1,1,0,0,0,1,0,0,0,0,0,0.0,0.0,12.65,3.269568939183719,3.269568939183719,1
0,0,0,22,1,0,0,1,0,1,0,0,1,1,55.15,1193.05,1,1,0,0,1,0,0,1,3,2,0,55.15,0.0,51.87173913043478,4.0280266811844525,7.085106169122671,0
0,0,0,1,1,0,0,0,0,0,0,0,0,1,20.1,20.1,1,1,0,1,0,0,1,0,1,0,0,0.0,0.0,10.05,3.0492730404820207,3.0492730404820207,1
0,0,0,5,1,0,0,0,0,0,1,0,0,1,80.1,398.55,0,1,1,0,0,0,1,0,2,0,0,0.0,80.1,66.425,4.395682961121367,5.990338913820472,1
0,1,1,29,1,1,1,0,0,1,1,0,1,0,69.05,1958.45,0,1,0,0,0,0,0,1,5,3,0,69.05,0.0,65.28166666666667,4.249209272783016,7.580419100600682,0
0,1,1,1,1,0,0,0,0,0,0,0,0,1,69.9,69.9,1,1,1,0,0,0,1,0,1,0,0,0.0,69.9,34.95,4.2612704335380815,4.2612704335380815,1
0,0,0,3,1,0,0,0,0,0,0,0,0,0,20.4,63.15,0,0,0,1,0,0,1,0,1,0,0,0.0,0.0,15.7875,3.0633909220278057,4.161224091061645,1
0,1,1,71,1,0,0,0,0,0,0,0,2,0,19.7,1301.1,0,1,0,1,1,0,0,1,1,4,0,39.4,0.0,18.070833333333333,3.0301337002713233,7.171733624734682,0
0,0,1,9,1,0,0,1,0,0,0,0,0,1,50.1,484.05,0,1,0,0,0,1,0,0,2,1,0,0.0,0.0,48.405,3.933784497209659,6.184251978407293,0
0,0,0,43,1,1,0,1,0,0,1,1,0,1,101.4,4528.0,1,1,1,0,0,1,0,0,5,4,1,0.0,101.4,102.9090909090909,4.628886712605407,8.418256443556213,0
0,0,0,48,1,1,1,1,1,0,1,1,1,1,83.45,3887.85,0,0,0,0,1,0,0,1,7,4,0,83.45,0.0,79.34387755102041,4.436159643253809,8.265868763085331,0
0,0,0,26,1,1,1,1,0,0,0,0,0,1,86.65,2208.75,0,1,1,0,1,0,0,1,4,3,0,0.0,86.65,81.80555555555556,4.473351611367243,7.700634665941057,0
0,0,0,9,1,0,0,0,0,0,0,0,0,0,20.15,238.15,0,0,0,1,0,0,0,1,1,1,0,0.0,0.0,23.815,3.0516399054922867,5.477090970126306,0
0,0,0,1,1,0,0,0,0,0,0,1,0,1,80.8,80.8,1,1,1,0,0,1,0,0,2,0,0,0.0,80.8,40.4,4.404277243608702,4.404277243608702,1
0,1,1,46,1,0,0,0,0,0,0,0,2,0,19.4,958.15,0,0,0,1,1,0,0,1,1,4,0,38.8,0.0,20.386170212765958,3.0155349008501706,6.866047475582347,0
0,0,0,2,1,1,0,0,0,0,0,1,0,0,62.05,118.3,1,1,0,0,0,0,0,1,3,0,0,0.0,0.0,39.43333333333333,4.143928062410929,4.78164132910387,1
1,0,0,1,1,1,0,0,0,0,0,0,0,1,76.45,76.45,1,1,1,0,0,1,0,0,2,0,0,0.0,76.45,38.225,4.349632566862877,4.349632566862877,1
0,1,1,64,0,0,1,0,1,1,1,1,2,1,60.05,3845.45,0,1,0,0,0,0,0,1,5,4,0,120.1,0.0,59.160769230769226,4.111693200556713,8.2549059239844,0
1,0,0,12,1,1,0,1,0,0,1,0,0,1,91.3,1094.5,1,0,1,0,0,1,0,0,4,1,1,0.0,91.3,84.1923076923077,4.525044141508807,6.998966159035521,0
1,1,0,6,1,0,0,0,1,0,1,1,0,1,95.75,573.75,1,1,1,0,0,1,0,0,4,0,1,0.0,95.75,81.96428571428571,4.572130331909891,6.353935163643291,1
0,1,0,59,1,0,0,0,0,0,0,0,1,0,20.35,1267.0,0,0,0,1,0,0,1,0,1,4,0,20.35,0.0,21.116666666666667,3.0610517396746335,7.145196134997171,0
0,0,0,7,1,0,0,1,0,0,1,1,1,1,94.05,633.45,0,0,1,0,0,0,1,0,4,1,1,94.05,94.05,79.18125,4.554403068934438,6.452758481842924,0
1,1,0,72,1,1,1,1,1,0,1,1,2,1,84.1,6129.65,0,0,0,0,1,0,0,1,7,4,0,168.2,0.0,83.96780821917808,4.443827035579329,8.72105605919792,0
1,0,0,16,1,0,0,0,0,0,0,1,0,1,78.75,1218.25,0,1,1,0,0,1,0,0,2,2,0,0.0,78.75,71.66176470588235,4.378896741664954,7.105991194590162,0
0,1,0,25,1,1,0,0,1,0,0,0,0,0,55.55,1405.3,0,1,0,0,1,0,0,1,3,3,0,0.0,0.0,54.05,4.03512520256213,7.248717420876202,0
0,1,0,34,1,1,1,1,0,1,0,0,0,0,62.65,2274.9,1,0,0,0,0,1,0,0,5,3,0,0.0,0.0,64.99714285714286,4.153399325003416,7.7301308575498675,0
0,0,0,1,1,1,0,0,0,0,0,0,0,1,74.5,74.5,1,0,1,0,0,1,0,0,2,0,0,0.0,74.5,37.25,4.324132656254979,4.324132656254979,1
0,1,1,10,1,1,0,1,1,0,1,1,0,1,102.1,1068.85,1,0,1,0,1,0,0,1,6,1,1,0.0,102.1,97.16818181818181,4.635699391022914,6.97527373071296,0
0,1,0,24,1,0,0,0,0,0,0,0,1,0,20.1,533.9,0,1,0,1,0,0,1,0,1,2,0,20.1,0.0,21.355999999999998,3.0492730404820207,6.282079813537204,0
0,1,1,10,1,1,1,1,0,0,1,0,1,0,70.3,676.15,0,0,0,0,0,1,0,0,5,1,0,70.3,0.0,61.46818181818182,4.26689632742025,6.51789281410138,0
0,1,0,69,1,0,1,1,0,0,0,0,1,1,53.65,3804.4,0,1,0,0,1,0,0,1,3,4,0,53.65,0.0,54.34857142857143,4.000949214622548,8.2441763896063,0
0,0,0,57,1,0,0,0,0,0,0,0,2,0,20.75,1118.8,0,1,0,1,0,0,1,0,1,4,0,41.5,0.0,19.28965517241379,3.079613757534693,7.020905376914793,0
0,1,1,50,1,0,0,1,1,1,1,1,1,1,103.4,5236.4,0,1,1,0,0,0,0,1,6,4,1,103.4,103.4,102.67450980392157,4.648229675448539,8.56358047096936,0
0,1,1,28,0,0,1,0,1,1,1,0,1,0,50.8,1386.8,0,1,0,0,0,0,1,0,4,3,0,50.8,0.0,47.820689655172416,3.9473901492654373,7.235475038465449,0
0,0,0,16,1,0,1,0,0,0,0,0,0,1,50.15,762.25,1,0,0,0,0,1,0,0,2,2,0,0.0,0.0,44.838235294117645,3.9347624923976356,6.6375856316149875,0
0,0,0,25,1,0,1,1,0,1,1,1,0,1,79.0,1902.0,0,1,0,0,0,0,1,0,6,3,0,0.0,0.0,73.15384615384616,4.382026634673881,7.551186867296149,0
1,1,0,3,1,0,0,1,0,0,0,0,0,1,74.6,239.05,0,0,1,0,0,0,0,1,2,0,0,0.0,74.6,59.7625,4.3254562831854875,5.48084723497695,1
0,1,0,61,1,1,0,0,0,0,1,1,1,1,96.5,5673.7,0,1,1,0,0,0,0,1,4,4,1,96.5,96.5,91.51129032258065,4.579852378003801,8.643772977516159,0
0,0,0,2,1,0,0,0,0,0,0,0,0,0,20.1,39.8,0,0,0,1,0,0,1,0,1,0,0,0.0,0.0,13.266666666666666,3.0492730404820207,3.708682081410116,1
0,1,1,51,1,0,0,0,0,0,0,0,1,0,19.4,997.75,0,1,0,1,0,0,1,0,1,4,0,19.4,0.0,19.1875,3.0155349008501706,6.906504497080484,0
0,1,1,71,1,0,1,0,1,0,1,1,2,0,77.55,5574.35,0,0,0,0,1,0,0,1,5,4,0,155.1,0.0,77.42152777777778,4.36373536470163,8.62611037462678,0
0,1,1,20,1,0,0,0,0,0,0,0,0,0,20.05,406.05,0,0,0,1,0,0,1,0,1,2,0,0.0,0.0,19.335714285714285,3.0469005601283903,6.008936028019987,0
0,1,1,6,1,0,0,0,0,0,0,0,0,0,19.85,138.85,0,1,0,1,1,0,0,1,1,0,0,0.0,0.0,19.835714285714285,3.0373539482448106,4.940570419647969,1
0,0,0,6,1,0,0,0,0,0,0,0,0,0,20.2,123.65,0,0,0,1,0,0,1,0,1,0,0,0.0,0.0,17.664285714285715,3.054001181677967,4.825509809969567,1
0,0,0,29,1,1,1,1,0,1,0,0,0,0,67.45,1801.1,0,0,0,0,0,0,1,0,5,3,0,0.0,0.0,60.03666666666666,4.226103551734458,7.4967079305242255,0
0,0,0,36,1,0,0,0,0,0,0,0,2,1,18.55,689.0,0,1,0,1,1,0,0,1,1,3,0,37.1,0.0,18.62162162162162,2.972975286431375,6.536691597591305,0
0,0,0,28,0,0,0,0,1,0,0,0,0,1,29.75,790.7,0,0,0,0,0,0,1,0,1,3,0,0.0,0.0,27.26551724137931,3.4258899942525267,6.674182532177388,0
0,1,0,7,1,1,0,0,0,0,1,0,0,1,86.5,582.5,1,0,1,0,0,1,0,0,3,1,0,0.0,86.5,72.8125,4.471638793363569,6.3690444517266105,0
0,0,0,63,1,1,0,0,0,0,0,0,2,0,24.2,1618.2,0,0,0,1,0,0,1,0,2,4,0,48.4,0.0,25.284375,3.2268439945173775,7.389687479093147,0
0,1,1,48,1,1,0,0,0,0,0,0,2,0,23.55,1173.35,0,1,0,1,0,0,1,0,2,4,0,47.1,0.0,23.945918367346938,3.2007118542405295,7.068470082022033,0
0,1,0,49,1,0,0,0,0,0,0,0,1,0,20.45,900.9,0,0,0,1,0,0,0,1,1,4,0,20.45,0.0,18.018,3.065724645374026,6.804503649171663,0
1,0,0,27,1,1,0,1,0,0,0,0,0,1,81.45,2122.05,1,1,1,0,0,1,0,0,3,3,0,0.0,81.45,75.78750000000001,4.412192049005608,7.660609013003878,0
0,1,0,72,1,1,1,1,1,1,1,1,2,0,92.3,6719.9,0,1,0,0,1,0,0,1,8,4,1,184.6,0.0,92.05342465753424,4.535820107853298,8.812977353120994,0
0,1,0,1,1,0,0,0,0,0,0,0,0,1,69.15,69.15,1,1,1,0,0,1,0,0,1,0,0,0.0,69.15,34.575,4.25063580654847,4.25063580654847,1
0,1,1,72,0,0,0,1,0,1,1,1,2,0,53.65,3784.0,0,0,0,0,1,0,0,1,4,4,0,107.3,0.0,51.83561643835616,4.000949214622548,8.23880116587155,0
0,0,0,47,0,0,1,1,0,1,0,0,1,0,39.65,1798.65,0,0,0,0,1,0,0,1,3,4,0,39.65,0.0,37.471875000000004,3.7049988359938197,7.49534748053304,0
0,0,0,1,1,0,0,0,0,0,1,0,0,1,54.65,54.65,0,0,0,0,0,1,0,0,2,0,0,0.0,0.0,27.325,4.019082077721554,4.019082077721554,1
0,0,0,36,1,1,0,1,1,0,1,1,1,1,104.8,3886.45,0,0,1,0,0,0,0,1,6,3,1,104.8,104.8,105.03918918918919,4.661550519424199,8.265508694668442,0
0,1,1,43,0,0,0,1,0,0,0,0,0,0,29.3,1224.05,0,1,0,0,1,0,0,1,1,4,0,0.0,0.0,27.81931818181818,3.4111477125153233,7.110736938472394,0
1,1,0,27,1,1,0,1,1,1,1,1,0,0,83.85,2310.2,0,0,0,0,0,1,0,0,7,3,0,0.0,0.0,82.50714285714285,4.440884991680235,7.745522149152025,0
0,0,0,9,1,0,0,0,0,0,0,1,0,1,79.55,723.4,1,0,1,0,0,1,0,0,2,1,0,0.0,79.55,72.34,4.388878109622984,6.585343726009258,0
0,0,0,38,1,1,0,0,1,1,1,1,0,1,103.65,3988.5,0,0,1,0,0,1,0,0,6,4,1,0.0,103.65,102.26923076923077,4.650621448892009,8.291421188748336,0
1,0,0,35,1,1,1,0,0,0,1,1,0,1,99.05,3554.6,0,0,1,0,0,1,0,0,5,3,1,0.0,99.05,98.73888888888888,4.605670061029742,8.17627910436752,0
0,1,1,0,1,1,0,1,1,1,1,0,2,0,73.35,0.0,0,0,0,0,0,0,1,0,6,0,0,146.7,0.0,0.0,4.308783672906164,0.0,1
0,1,0,59,1,0,0,1,0,1,1,1,2,1,100.05,6034.85,0,0,1,0,0,0,1,0,5,4,1,200.1,100.05,100.58083333333335,4.61561544384963,8.70547196868432,0
0,0,0,27,1,0,0,0,0,0,0,0,2,0,20.35,531.6,0,1,0,1,1,0,0,1,1,3,0,40.7,0.0,18.985714285714288,3.0610517396746335,6.277770673379832,0
1,0,0,2,1,0,0,0,0,0,0,0,0,0,43.95,85.1,0,0,0,0,0,1,0,0,1,0,0,0.0,0.0,28.366666666666664,3.8055507609176296,4.455509411433685,1
0,0,0,7,1,1,0,0,0,0,0,0,0,0,23.5,173.0,0,1,0,1,0,0,1,0,2,1,0,0.0,0.0,21.625,3.1986731175506815,5.159055299214529,0
0,0,0,36,1,1,0,1,0,1,0,1,1,1,70.7,2511.95,0,0,0,0,0,0,1,0,5,3,0,70.7,0.0,67.89054054054054,4.272490747605575,7.829212640807651,0
0,1,1,41,1,1,1,1,0,0,1,0,0,1,94.3,3893.6,0,0,1,0,0,0,0,1,5,4,1,0.0,94.3,92.70476190476191,4.557029810660157,8.267346257267478,0
0,0,0,13,0,0,0,1,0,0,0,0,0,0,29.15,357.15,0,0,0,0,0,1,0,0,1,2,0,0.0,0.0,25.510714285714283,3.4061849231731944,5.88095189306046,0
0,0,1,19,1,0,0,0,0,0,0,0,2,0,20.85,467.5,0,1,0,1,1,0,0,1,1,2,0,41.7,0.0,23.375,3.084200921541599,6.149536101678477,0
0,1,0,60,0,0,1,1,0,1,0,0,2,0,37.7,2288.7,0,0,0,0,0,0,0,1,3,4,0,75.4,0.0,37.51967213114754,3.655839600035736,7.736176083599651,0
0,0,1,48,1,0,0,1,1,1,1,0,2,1,95.5,4627.85,1,0,1,0,0,0,1,0,5,4,1,191.0,95.5,94.44591836734695,4.56954300834494,8.440063736099237,0
1,0,0,3,1,1,0,0,1,0,1,0,0,0,91.05,289.1,1,1,1,0,0,1,0,0,4,0,1,0.0,91.05,72.275,4.522331907679087,5.670225691127358,1
0,1,0,69,1,1,0,1,0,1,1,0,2,1,92.45,6460.55,0,1,1,0,0,0,1,0,5,4,1,184.9,92.45,92.29357142857143,4.537426533901572,8.773624506076604,0
0,0,0,43,0,0,0,0,1,1,0,1,1,0,44.15,1931.3,0,1,0,0,0,1,0,0,3,4,0,44.15,0.0,43.893181818181816,3.8099902798629945,7.566466282220954,0
0,0,1,11,0,0,1,0,0,1,0,0,1,1,36.05,402.6,0,0,0,0,0,0,1,0,2,1,0,36.05,0.0,33.550000000000004,3.6122683517420957,6.000424288479454,0
0,1,0,45,1,0,0,0,1,0,0,0,0,1,50.25,2221.55,0,0,0,0,1,0,0,1,2,4,0,0.0,0.0,48.29456521739131,3.9367156180185177,7.706410464322853,0
0,1,0,72,1,1,0,1,1,1,1,1,2,1,109.75,7758.9,0,1,1,0,1,0,0,1,7,4,1,219.5,109.75,106.28630136986301,4.707275408925245,8.956724726496294,0
1,1,0,2,1,1,0,0,1,0,0,0,0,0,79.2,172.85,1,0,1,0,0,1,0,0,3,0,0,0.0,79.2,57.61666666666667,4.384523514872469,5.15819285845387,1
0,1,1,12,1,0,0,0,0,0,0,0,2,0,20.3,224.5,0,0,0,1,0,0,0,1,1,1,0,40.6,0.0,17.26923076923077,3.0587070727153796,5.418320158942733,0
0,1,1,67,1,1,0,1,1,1,1,1,1,1,112.35,7388.45,0,0,1,0,1,0,0,1,7,4,1,112.35,112.35,108.65367647058824,4.730480376953538,8.907808586274065,0
0,1,0,37,1,1,0,0,1,1,1,0,2,0,94.3,3460.95,0,1,1,0,0,0,1,0,5,4,1,188.6,94.3,91.07763157894736,4.557029810660157,8.149587293113084,0
0,0,0,39,0,0,1,1,0,1,0,0,1,0,41.15,1700.9,0,0,0,0,0,0,0,1,3,4,0,41.15,0.0,42.5225,3.7412346844478646,7.439500553000631,0
0,0,0,41,1,1,1,0,1,1,0,1,0,1,74.65,3090.65,0,0,0,0,0,0,0,1,6,4,0,0.0,0.0,73.58690476190476,4.326117440234365,8.036460207957417,0
0,0,0,25,0,0,0,0,1,0,1,1,0,1,48.25,1293.8,0,0,0,0,0,1,0,0,3,3,0,0.0,0.0,49.76153846153846,3.8969093676180977,7.1661115220520895,0
0,1,1,8,1,1,1,1,0,1,0,1,2,1,76.15,645.8,0,1,0,0,1,0,0,1,6,1,0,152.3,0.0,71.75555555555555,4.34575157880917,6.472037127702952,0
0,1,1,71,1,1,1,1,1,1,0,0,2,0,71.1,5224.95,0,0,0,0,0,0,1,0,6,4,0,142.2,0.0,72.56875,4.278054044290903,8.561391878487907,0
0,0,0,5,1,1,0,1,1,0,0,1,0,0,96.55,500.1,0,1,1,0,0,1,0,0,5,0,1,0.0,96.55,83.35000000000001,4.5803650670691205,6.216805681965679,1
0,0,0,30,1,1,1,0,1,0,1,1,1,1,79.3,2427.1,0,0,0,0,1,0,0,1,6,3,0,79.3,0.0,78.29354838709678,4.385769620952716,7.794864337492712,0
0,0,0,40,1,0,0,1,0,1,0,1,1,1,89.6,3488.15,0,1,1,0,1,0,0,1,4,4,0,89.6,89.6,85.07682926829268,4.506454213048934,8.157413432524026,0
0,0,0,54,1,0,0,0,0,0,0,0,2,1,20.5,1035.7,0,0,0,1,0,0,1,0,1,4,0,41.0,0.0,18.830909090909092,3.068052935133617,6.943797870329067,0
0,1,0,72,1,1,0,1,1,0,1,1,2,1,106.3,7565.35,0,1,1,0,0,0,0,1,6,4,1,212.6,106.3,103.63493150684933,4.675628649636653,8.931466063705376,0
0,1,1,28,1,0,0,1,1,0,1,1,1,0,100.35,2799.0,0,1,1,0,0,0,0,1,5,3,1,100.35,100.35,96.51724137931035,4.618579872898009,7.937374696163295,0
0,1,1,18,1,0,0,0,0,1,0,1,0,1,85.6,1601.5,0,1,1,0,0,1,0,0,3,2,0,0.0,85.6,84.28947368421052,4.461299815568389,7.379320188794825,0
0,0,0,2,0,0,0,0,0,0,1,1,0,1,45.25,85.5,1,0,0,0,0,1,0,0,2,0,0,0.0,0.0,28.5,3.834061463958434,4.460144413937834,1
0,1,1,59,1,1,0,1,1,0,1,1,1,1,106.15,6256.2,0,0,1,0,0,1,0,0,6,4,1,106.15,106.15,104.27,4.674229721919586,8.741488079687615,0
0,1,1,22,1,0,0,0,0,1,0,0,0,1,51.1,1232.9,0,1,0,0,0,1,0,0,2,2,0,0.0,0.0,53.60434782608696,3.9531649487593215,7.117935163904488,0
0,0,0,1,1,0,0,0,0,0,0,0,0,0,19.9,19.9,0,0,0,1,0,0,1,0,1,0,0,0.0,0.0,9.95,3.039749158970765,3.039749158970765,1
1,1,0,72,1,1,0,0,0,0,0,0,2,1,25.7,1937.4,0,0,0,1,1,0,0,1,2,4,0,51.4,0.0,26.53972602739726,3.2846635654062037,7.569618169502316,0
1,0,0,14,1,1,0,0,0,0,0,0,0,1,74.3,1096.25,1,0,1,0,0,1,0,0,2,2,0,0.0,74.3,73.08333333333333,4.321480134805848,7.000562328568344,0
0,1,0,50,1,1,0,0,0,1,1,1,1,0,99.4,5059.75,0,1,1,0,0,1,0,0,5,4,1,99.4,99.4,99.21078431372548,4.609162207257629,8.529269972641687,0
0,1,1,48,1,0,1,0,1,1,1,0,1,0,69.7,3023.65,0,0,0,0,0,0,0,1,5,4,0,69.7,0.0,61.707142857142856,4.258445572902527,8.014550661291555,0
0,1,1,49,1,1,0,1,0,0,1,1,0,1,98.35,4889.2,0,0,1,0,0,1,0,0,5,4,1,0.0,98.35,97.78399999999999,4.598648968997826,8.494988481428045,0
0,1,1,28,1,0,0,0,1,0,1,0,0,0,85.45,2289.9,0,1,1,0,0,1,0,0,3,3,0,0.0,85.45,78.96206896551725,4.4595662121293,7.736700032439303,0
1,0,0,68,1,1,0,1,1,0,0,1,0,1,95.9,6503.2,0,1,1,0,0,1,0,0,5,4,1,0.0,95.9,94.24927536231884,4.5736795188967205,8.78020340106237,0
0,0,0,13,1,1,0,0,0,1,1,1,0,0,100.75,1313.25,0,1,1,0,0,1,0,0,5,2,1,0.0,100.75,93.80357142857143,4.622518824322705,7.181021439699557,0
0,0,0,11,1,1,0,0,1,0,1,0,0,1,89.2,990.3,0,0,1,0,0,1,0,0,4,1,0,0.0,89.2,82.52499999999999,4.502029427068578,6.899017213038852,0
0,1,0,3,1,1,0,0,0,0,0,0,0,1,74.1,228.0,1,0,1,0,1,0,0,1,2,0,0,0.0,74.1,57.0,4.318820558770089,5.43372200355424,1
1,1,0,57,1,1,0,0,1,0,1,1,0,0,100.6,5746.15,1,1,1,0,0,1,0,0,5,4,1,0.0,100.6,99.07155172413792,4.6210435351443815,8.65645935874134,0
0,0,0,3,1,1,0,0,0,0,0,0,0,0,75.0,209.1,1,1,1,0,0,0,1,0,2,0,0,0.0,75.0,52.275,4.330733340286331,5.347583607850955,1
0,1,0,72,1,1,0,0,0,0,0,0,2,0,25.75,1864.2,0,1,0,1,1,0,0,1,2,4,0,51.5,0.0,25.536986301369865,3.2865344733420154,7.531123564934166,0
0,1,1,70,1,1,0,1,1,1,1,1,2,1,84.1,5979.7,0,1,0,0,0,1,0,0,7,4,0,168.2,0.0,84.22112676056338,4.443827035579329,8.696292896950245,0
0,1,1,49,1,1,0,1,0,1,1,1,2,0,79.3,3902.45,0,0,0,0,0,0,0,1,6,4,0,158.6,0.0,78.04899999999999,4.385769620952716,8.26961605646076,0
1,1,0,67,1,1,1,0,1,0,1,1,1,1,107.05,7142.5,0,0,1,0,1,0,0,1,6,4,1,107.05,107.05,105.03676470588235,4.682594082952895,8.873958131305212,0
0,0,0,46,1,0,0,0,0,0,0,0,2,0,20.05,902.0,0,1,0,1,0,0,0,1,1,4,0,40.1,0.0,19.19148936170213,3.0469005601283903,6.805722553416985,0
1,0,0,64,1,0,1,1,0,1,1,0,2,1,70.2,4481.0,1,0,0,0,1,0,0,1,5,4,0,140.4,0.0,68.93846153846154,4.26549281841793,8.407824654360873,0
0,1,0,37,1,0,0,0,0,0,0,0,0,0,19.5,805.2,0,0,0,1,0,0,0,1,1,4,0,0.0,0.0,21.189473684210526,3.0204248861443626,6.692331850683066,0
1,0,0,2,1,0,0,0,0,0,0,0,0,0,70.75,154.85,1,0,1,0,0,1,0,0,1,0,0,0.0,70.75,51.61666666666667,4.273187854639731,5.048894006213346,1
1,1,0,13,0,0,0,0,0,0,1,1,0,0,45.3,528.45,0,0,0,0,0,1,0,0,2,2,0,0.0,0.0,37.746428571428574,3.835141961092188,6.271838731876463,0
0,1,0,72,1,1,1,1,1,1,1,1,2,0,115.15,8349.7,0,0,1,0,0,1,0,0,8,4,1,230.3,115.15,114.37945205479453,4.754882459216418,9.030100646666497,0
0,1,1,68,1,0,0,0,1,1,1,1,2,1,72.95,4953.25,0,1,0,0,0,0,0,1,5,4,0,145.9,0.0,71.78623188405797,4.303389189156809,8.508001073047323,0
0,1,1,15,1,0,0,0,0,0,0,0,1,0,19.65,332.65,0,1,0,1,0,0,1,0,1,2,0,19.65,0.0,20.790625,3.027715319407042,5.810092539349616,0
0,0,0,24,1,0,0,0,0,0,0,0,2,1,19.55,470.2,0,0,0,1,0,0,0,1,1,2,0,39.1,0.0,18.808,3.022860940942244,6.155282632337377,0
0,0,0,24,1,1,0,0,0,1,0,1,0,1,89.55,2259.35,0,0,1,0,0,1,0,0,4,2,0,0.0,89.55,90.374,4.505902184329423,7.723274947532273,0
0,0,0,27,1,0,1,0,0,0,0,0,0,0,50.35,1411.35,0,1,0,0,0,0,1,0,2,3,0,0.0,0.0,50.40535714285714,3.9386649363745674,7.253010262691275,0
0,0,0,12,1,0,0,0,0,1,0,0,0,0,50.25,593.75,1,1,0,0,0,0,0,1,2,1,0,0.0,0.0,45.67307692307692,3.9367156180185177,6.388141149183067,0
0,1,1,71,1,0,1,1,1,1,1,1,2,0,87.25,6328.7,0,0,0,0,1,0,0,1,7,4,0,174.5,0.0,87.89861111111111,4.480173695813406,8.753008120650192,0
0,1,1,67,1,0,0,0,0,0,0,0,2,1,20.8,1411.9,0,1,0,1,0,0,1,0,1,4,0,41.6,0.0,20.76323529411765,3.0819099697950434,7.253399608771762,0
0,1,0,63,1,1,0,1,1,1,1,1,2,1,109.25,6841.4,0,0,1,0,0,0,0,1,7,4,1,218.5,109.25,106.896875,4.702750514326955,8.830893826266571,0
0,0,0,1,1,0,0,0,0,0,0,0,0,0,20.35,20.35,0,1,0,1,0,0,1,0,1,0,0,0.0,0.0,10.175,3.0610517396746335,3.0610517396746335,1
0,0,0,4,1,0,0,0,0,0,0,1,0,1,55.9,238.5,0,1,0,0,0,1,0,0,2,0,0,0.0,0.0,47.7,4.041295341132285,5.4785534168509695,1
1,0,0,40,1,0,1,1,0,0,0,0,0,1,79.2,3233.85,1,0,1,0,1,0,0,1,3,4,0,0.0,79.2,78.87439024390244,4.384523514872469,8.081737838008356,0
0,0,0,12,1,0,0,0,1,0,1,1,0,1,96.0,1062.1,1,0,1,0,0,1,0,0,4,1,1,0.0,96.0,81.69999999999999,4.574710978503383,6.968944447294559,0
0,1,1,52,1,0,1,1,1,0,1,1,2,0,79.2,4016.3,0,1,0,0,0,1,0,0,6,4,0,158.4,0.0,75.77924528301887,4.384523514872469,8.29836531416963,0
0,0,0,10,1,1,0,0,0,0,0,0,0,1,24.0,226.55,0,1,0,1,0,1,0,0,2,1,0,0.0,0.0,20.595454545454547,3.2188758248682006,5.427369994462651,0
0,0,0,68,1,1,1,1,1,0,1,0,1,0,101.35,7110.75,0,1,1,0,0,0,0,1,6,4,1,101.35,101.35,103.05434782608695,4.628398312107299,8.869503624719881,0
0,0,0,54,1,1,0,0,0,1,1,1,0,1,100.1,5440.9,1,0,1,0,0,1,0,0,5,4,1,0.0,100.1,98.92545454545454,4.616110126026426,8.601883543577152,0
0,1,1,4,1,0,0,1,0,1,0,0,0,0,56.5,235.1,1,0,0,0,0,0,1,0,3,0,0,0.0,0.0,47.019999999999996,4.051784947803305,5.464255444091467,1
0,1,0,52,0,0,1,0,1,0,0,0,1,0,35.45,1958.95,0,0,0,0,0,0,1,0,2,4,0,35.45,0.0,36.96132075471698,3.5959414584546674,7.580674241695091,0
1,0,0,1,1,0,0,0,1,0,0,1,0,1,85.0,85.0,1,0,1,0,0,1,0,0,3,0,0,0.0,85.0,42.5,4.454347296253507,4.454347296253507,1
0,1,0,70,1,1,1,1,1,1,1,0,1,0,79.4,5528.9,0,1,0,0,0,0,0,1,7,4,0,79.4,0.0,77.8718309859155,4.387014176184921,8.617925011170238,0
0,0,0,43,0,0,1,0,1,0,0,0,1,1,35.2,1463.7,0,1,0,0,1,0,0,1,2,4,0,35.2,0.0,33.26590909090909,3.5890591188317256,7.289405722324261,0
0,0,0,52,1,0,0,0,0,0,0,0,2,0,19.65,1025.05,0,1,0,1,0,0,1,0,1,4,0,39.3,0.0,19.340566037735847,3.027715319407042,6.933471757486774,0
0,0,0,12,0,0,1,0,1,1,0,1,2,0,49.85,552.1,0,0,0,0,0,0,1,0,4,1,0,99.7,0.0,42.46923076923077,3.928880122494569,6.315538817000633,0
0,1,1,56,1,1,1,1,0,0,0,1,1,0,68.75,3815.4,0,0,0,0,0,0,0,1,5,4,0,68.75,0.0,66.93684210526315,4.244917420701475,8.247062848877691,0
0,0,1,0,1,1,1,1,0,1,0,0,2,1,61.9,0.0,0,1,0,0,0,0,0,1,5,0,0,123.8,0.0,0.0,4.141546163706395,0.0,1
0,0,0,42,1,1,0,0,1,0,0,0,0,0,79.9,3313.4,0,1,1,0,0,1,0,0,3,4,0,0.0,79.9,77.05581395348837,4.393213824064446,8.106031890763193,0
1,1,0,22,1,0,0,0,0,0,1,1,0,1,89.75,1938.9,0,1,1,0,0,0,0,1,3,2,0,0.0,89.75,84.3,4.5081084731449605,7.5703917043370605,0
0,1,1,51,0,0,1,1,1,0,1,1,1,0,59.3,3014.65,1,1,0,0,0,1,0,0,5,4,0,59.3,0.0,57.97403846153846,4.09933210373314,8.011570674648429,0
0,0,0,27,1,0,0,0,0,0,0,0,0,1,19.4,460.25,0,1,0,1,1,0,0,1,1,3,0,0.0,0.0,16.4375,3.0155349008501706,6.133940195354737,0
1,1,0,51,1,1,1,0,1,0,0,1,1,1,93.65,4839.15,0,1,1,0,0,0,0,1,5,4,1,93.65,93.65,93.06057692307692,4.550185877655332,8.484700990965981,0
0,0,1,4,1,0,1,0,0,0,0,0,0,1,49.4,184.4,1,1,0,0,0,1,0,0,2,0,0,0.0,0.0,36.88,3.919991175077323,5.2225156531317545,1
0,0,0,1,1,0,0,0,0,0,0,0,0,1,19.9,19.9,0,1,0,1,0,0,1,0,1,0,0,0.0,0.0,9.95,3.039749158970765,3.039749158970765,1
0,0,0,35,1,0,0,0,0,0,1,0,0,0,55.0,2010.55,1,1,0,0,0,0,1,0,2,3,0,0.0,0.0,55.84861111111111,4.02535169073515,7.606660848152748,0
1,1,1,71,1,1,0,1,1,1,0,1,1,1,72.9,5139.65,0,1,0,0,0,0,0,1,6,4,0,72.9,0.0,71.38402777777777,4.302712827954156,8.544934809597896,0
0,0,0,1,1,0,0,0,0,0,0,0,0,1,69.2,69.2,1,0,1,0,0,1,0,0,1,0,0,0.0,69.2,34.6,4.251348311031766,4.251348311031766,1
0,1,1,69,1,1,0,0,0,0,0,0,2,1,25.6,1673.4,0,0,0,1,0,0,0,1,2,4,0,51.2,0.0,23.905714285714286,3.2809112157876537,7.42321017113179,0
0,1,1,14,1,0,0,0,0,0,0,0,1,0,19.75,309.35,0,1,0,1,0,0,1,0,1,2,0,19.75,0.0,20.623333333333335,3.0325462466767075,5.7377006928596614,0
0,1,0,57,1,0,1,0,0,1,0,0,0,0,55.7,3171.6,0,1,0,0,0,1,0,0,3,4,0,0.0,0.0,54.682758620689654,4.037774210733707,8.062306719974355,0
0,1,1,72,1,1,1,1,1,1,1,1,2,0,117.5,8670.1,0,0,1,0,1,0,0,1,8,4,1,235.0,117.5,118.76849315068493,4.774912960575186,9.06775093600585,0
0,0,0,48,1,0,0,0,0,0,0,0,2,0,19.85,916.0,0,1,0,1,1,0,0,1,1,4,0,39.7,0.0,18.693877551020407,3.0373539482448106,6.821107472256465,0
0,1,1,4,1,0,0,0,0,0,1,0,0,1,78.9,299.75,0,0,1,0,0,0,1,0,2,0,0,0.0,78.9,59.95,4.380775852772229,5.7062793548547885,1
0,1,1,31,1,0,0,0,0,0,0,0,0,1,20.65,702.05,0,1,0,1,0,1,0,0,1,3,0,0.0,0.0,21.9390625,3.075005454448499,6.555428013036825,0
0,0,0,38,1,0,0,0,1,1,0,1,1,1,62.3,2354.8,1,1,0,0,0,0,1,0,4,4,0,62.3,0.0,60.379487179487185,4.147885329150131,7.764635651524684,0
1,1,0,37,1,1,0,0,0,0,1,1,0,1,92.5,3473.4,1,1,1,0,0,1,0,0,4,4,1,0.0,92.5,91.40526315789474,4.537961436294641,8.153177081220612,0
0,0,0,1,1,0,0,0,0,0,0,0,0,0,19.65,19.65,0,0,0,1,0,0,1,0,1,0,0,0.0,0.0,9.825,3.027715319407042,3.027715319407042,1
1,0,0,57,1,1,0,1,1,0,1,1,2,1,79.75,4438.2,0,1,0,0,0,0,0,1,6,4,0,159.5,0.0,76.5206896551724,4.391357962102766,8.398229459011691,0
1,1,0,62,1,0,1,0,1,1,1,1,2,1,79.95,4819.75,0,0,0,0,1,0,0,1,6,4,0,159.9,0.0,76.50396825396825,4.393831680123644,8.480684796599714,0
0,1,0,3,0,0,0,0,0,1,0,0,0,1,29.9,92.25,0,1,0,0,0,1,0,0,1,0,0,0.0,0.0,23.0625,3.4307561839036995,4.535284058523925,1
0,0,1,72,1,0,0,0,0,0,0,0,2,1,19.75,1567.0,0,0,0,1,0,0,1,0,1,4,0,39.5,0.0,21.465753424657535,3.0325462466767075,7.357556200910353,0
0,0,1,29,0,0,1,1,1,1,0,0,0,1,45.0,1242.45,0,1,0,0,0,0,1,0,4,3,0,0.0,0.0,41.415,3.828641396489095,7.125645053347799,0
0,1,1,13,1,0,0,0,0,0,0,0,0,0,44.8,559.2,0,1,0,0,0,0,0,1,1,2,0,0.0,0.0,39.94285714285714,3.824284091120139,6.328293862826008,0
0,0,1,3,1,0,0,0,0,0,0,0,0,0,69.65,220.1,1,1,1,0,0,1,0,0,1,0,0,0.0,69.65,55.025,4.257738109130536,5.3986150878634005,1
0,0,0,11,1,0,0,1,0,0,0,0,0,0,51.1,531.15,0,0,0,0,0,1,0,0,2,1,0,0.0,0.0,44.262499999999996,3.9531649487593215,6.276925404487053,0
0,0,1,21,0,0,1,1,1,1,1,0,2,0,53.15,1183.2,0,0,0,0,0,0,1,0,5,2,0,106.3,0.0,53.78181818181818,3.9917579734469997,7.076822720097676,0
0,0,0,19,1,1,0,0,0,0,0,0,0,0,24.7,465.85,0,0,0,1,0,0,0,1,2,2,0,0.0,0.0,23.2925,3.246490991901174,6.146008006929935,0
0,0,0,61,1,1,1,0,1,1,1,1,2,1,111.6,6876.05,1,1,1,0,1,0,0,1,7,4,1,223.2,111.6,110.90403225806452,4.72384171570559,8.83594505990559,0
0,0,0,11,1,0,1,0,0,0,0,0,0,0,48.55,501.0,1,0,0,0,1,0,0,1,2,1,0,0.0,0.0,41.75,3.902982260775997,6.218600119691729,0
0,1,1,35,1,1,0,1,1,1,1,1,0,1,109.95,3782.4,0,1,1,0,0,1,0,0,7,3,1,0.0,109.95,105.06666666666666,4.709079649378603,8.238378355231562,0
0,0,1,25,1,0,0,0,0,0,0,0,0,0,20.8,460.2,0,1,0,1,0,0,1,0,1,3,0,0.0,0.0,17.7,3.0819099697950434,6.133831788394904,0
0,0,0,1,1,0,0,0,0,0,0,0,0,1,20.2,20.2,1,0,0,1,0,0,1,0,1,0,0,0.0,0.0,10.1,3.054001181677967,3.054001181677967,1
0,0,0,67,1,1,0,0,0,0,0,0,2,1,25.6,1790.35,0,0,0,1,0,0,0,1,2,4,0,51.2,0.0,26.328676470588235,3.2809112157876537,7.490724804520613,0
0,0,0,19,0,0,0,0,1,0,1,0,0,1,39.65,733.35,1,1,0,0,0,1,0,0,2,2,0,0.0,0.0,36.667500000000004,3.7049988359938197,6.598985754199871,0
0,0,0,56,1,1,0,0,0,0,0,0,1,0,24.9,1334.0,1,1,0,1,0,1,0,0,2,4,0,24.9,0.0,23.403508771929825,3.254242968705492,7.19668657083435,0
0,1,1,72,1,1,1,1,1,0,1,1,2,1,108.4,7767.25,0,1,1,0,1,0,0,1,7,4,1,216.8,108.4,106.40068493150685,4.695010889987881,8.957800192769458,0
0,0,0,43,1,0,0,0,0,0,0,0,2,0,19.55,876.15,0,1,0,1,0,0,1,0,1,4,0,39.1,0.0,19.912499999999998,3.022860940942244,6.776678015375194,0
0,1,1,55,1,1,1,1,0,0,0,0,0,1,85.1,4600.95,0,0,1,0,0,1,0,0,4,4,0,0.0,85.1,82.15982142857142,4.455509411433685,8.434235405694915,0
0,1,1,2,1,1,1,0,0,0,0,0,0,0,56.7,113.55,1,1,0,0,0,0,1,0,3,0,0,0.0,0.0,37.85,4.055257173514054,4.741011408899505,1
0,0,0,27,1,0,0,0,0,0,0,0,0,1,69.05,1793.25,0,1,1,0,0,0,1,0,1,3,0,0.0,69.05,64.04464285714286,4.249209272783016,7.492342386310181,0
0,0,0,13,1,0,0,0,0,0,0,0,0,1,70.15,886.7,0,0,1,0,0,0,1,0,1,2,0,0.0,70.15,63.33571428571429,4.264790324535862,6.788633848074274,0
0,0,0,70,1,1,1,1,1,0,1,1,2,1,111.15,7737.55,0,0,1,0,0,0,1,0,7,4,1,222.3,111.15,108.97957746478873,4.719837260966218,8.953969610532432,0
0,1,0,14,1,0,1,1,0,1,1,1,1,0,105.95,1348.9,1,0,1,0,0,0,1,0,6,2,1,105.95,105.95,89.92666666666668,4.672361435528415,7.207785794614781,0
0,1,1,19,1,1,0,0,0,1,0,1,1,1,89.35,1686.85,0,0,1,0,0,0,0,1,4,2,0,89.35,89.35,84.3425,4.503691017038237,7.431210808648149,0
0,0,0,20,1,1,1,0,0,0,1,0,0,1,89.1,1879.25,0,0,1,0,0,0,0,1,4,2,0,0.0,89.1,89.48809523809524,4.500920164614292,7.539160025706512,0
0,1,1,43,1,1,1,0,1,1,0,0,1,1,91.25,4013.8,0,1,1,0,1,0,0,1,5,4,1,91.25,91.25,91.22272727272728,4.524502282920636,8.297742811939646,0
0,1,1,5,1,0,1,0,1,0,0,1,0,1,90.35,434.5,0,1,1,0,0,0,1,0,4,0,1,0.0,90.35,72.41666666666667,4.514698282824016,6.0764947962925575,1
1,1,0,70,1,1,0,1,0,1,1,1,1,1,105.55,7195.35,0,0,1,0,0,0,0,1,6,4,1,105.55,105.55,101.34295774647887,4.668614358544626,8.881329232019924,0
0,1,0,40,1,0,0,0,0,0,0,0,2,0,19.1,780.1,0,0,0,1,0,0,1,0,1,4,0,38.2,0.0,19.026829268292683,3.0007198150650303,6.660703182616252,0
0,1,1,6,1,0,0,0,0,0,0,0,2,1,20.4,107.6,0,1,0,1,1,0,0,1,1,0,0,40.8,0.0,15.37142857142857,3.0633909220278057,4.687671407499835,1
0,0,0,39,1,0,1,0,1,0,1,1,2,1,100.45,3801.7,0,1,1,0,0,1,0,0,5,4,1,200.9,100.45,95.04249999999999,4.619566066271823,8.243466619725949,0
1,1,0,4,1,1,0,0,0,0,0,0,0,0,74.95,308.7,1,1,1,0,0,1,0,0,2,0,0,0.0,74.95,61.739999999999995,4.330075229041782,5.735604086979157,1
0,0,0,15,0,0,0,0,0,1,0,0,0,1,29.7,438.25,1,1,0,0,0,1,0,0,1,2,0,0.0,0.0,27.390625,3.4242626545931514,6.085068727067206,0
0,1,0,1,0,0,0,0,1,0,1,1,0,1,50.35,50.35,1,1,0,0,0,1,0,0,3,0,0,0.0,0.0,25.175,3.9386649363745674,3.9386649363745674,1
1,0,0,45,1,0,1,1,0,1,0,0,0,1,85.7,3778.1,0,0,1,0,0,0,0,1,4,4,0,0.0,85.7,82.13260869565217,4.462453883786496,8.237241165026367,0
0,1,0,64,0,0,1,0,1,1,0,1,2,0,47.85,3147.5,1,0,0,0,0,1,0,0,4,4,0,95.7,0.0,48.42307692307692,3.888754378488792,8.054681427928797,0
1,1,0,57,1,1,0,1,1,0,0,1,0,0,94.0,5438.95,0,0,1,0,1,0,0,1,5,4,1,0.0,94.0,93.77499999999999,4.553876891600541,8.601525148631278,0
0,1,1,72,1,1,1,1,1,1,0,0,2,0,69.85,5102.35,0,1,0,0,0,0,0,1,6,4,0,139.7,0.0,69.89520547945206,4.260564966136689,8.537652465817608,0
0,0,0,1,1,0,0,0,0,0,0,0,0,1,70.3,70.3,1,1,1,0,0,1,0,0,1,0,0,0.0,70.3,35.15,4.26689632742025,4.26689632742025,1
0,1,0,72,1,1,0,0,0,0,0,0,2,0,25.85,1872.2,0,1,0,1,1,0,0,1,2,4,0,51.7,0.0,25.646575342465756,3.2902658209548736,7.535403477309386,0
0,0,0,3,1,0,1,1,0,1,0,1,2,0,71.1,213.35,0,0,0,0,0,0,1,0,5,0,0,142.2,0.0,53.3375,4.278054044290903,5.367610193043986,1
1,0,0,55,1,1,1,0,0,0,1,1,0,1,98.8,5617.75,1,1,1,0,0,1,0,0,5,4,1,0.0,98.8,100.31696428571429,4.603168183317418,8.63386449821993,0
0,1,0,59,1,1,0,0,1,1,1,0,0,0,93.35,5386.5,0,0,1,0,0,1,0,0,5,4,1,0.0,93.35,89.775,4.547011271814559,8.591836734412004,0
0,0,0,18,1,1,0,0,0,1,1,1,0,1,99.85,1776.95,1,0,1,0,0,0,0,1,5,2,1,0.0,99.85,93.52368421052631,4.613634264400221,7.483216294193619,0
1,1,0,32,1,0,0,0,0,0,0,1,0,1,80.3,2483.05,1,1,1,0,1,0,0,1,2,3,0,0.0,80.3,75.2439393939394,4.398146016553765,7.817645571675264,0
0,0,0,4,1,0,1,0,0,0,0,0,0,1,50.55,235.65,0,0,0,0,0,0,0,1,2,0,0,0.0,0.0,47.13,3.942552210462969,5.466582256352257,1
1,0,0,66,1,1,0,1,0,0,0,0,0,1,80.45,5224.35,1,0,1,0,1,0,0,1,3,4,0,0.0,80.45,77.97537313432836,4.399989335048054,8.561277060235506,0
0,0,0,27,1,1,0,0,1,0,0,0,0,1,81.3,2272.8,0,1,1,0,0,1,0,0,3,3,0,0.0,81.3,81.17142857142858,4.410371107683024,7.729207719695006,0
0,0,0,4,1,0,0,0,0,0,0,0,0,1,20.7,83.75,0,1,0,1,1,0,0,1,1,0,0,0.0,0.0,16.75,3.077312260546414,4.43970574626056,1
0,1,1,60,1,0,1,1,0,1,1,1,0,1,79.05,4663.4,0,1,0,0,1,0,0,1,6,4,0,0.0,0.0,76.44918032786885,4.382651439442724,8.447714487646177,0
0,1,1,8,1,0,0,0,0,0,0,0,2,0,19.05,201.7,0,0,0,1,0,0,1,0,1,1,0,38.1,0.0,22.41111111111111,2.998229153752578,5.311727053457954,0
0,1,1,8,1,0,0,0,0,0,0,0,2,0,19.6,125.0,0,1,0,1,1,0,0,1,1,1,0,39.2,0.0,13.88888888888889,3.0252910757955354,4.836281906951478,0
0,0,0,35,1,0,0,0,0,0,0,0,2,1,20.2,684.4,0,1,0,1,0,0,1,0,1,3,0,40.4,0.0,19.01111111111111,3.054001181677967,6.530002609440508,0
0,0,0,7,1,1,0,0,0,0,0,1,0,1,86.8,620.35,1,1,1,0,0,1,0,0,3,1,0,0.0,86.8,77.54375,4.475061500641071,6.431894530252004,0
0,1,1,53,1,0,0,0,0,0,0,0,2,0,20.9,1146.05,0,0,0,1,0,0,1,0,1,4,0,41.8,0.0,21.223148148148148,3.086486636822455,7.044948708158344,0
1,0,0,18,1,1,0,1,0,1,1,1,0,1,103.6,1806.35,0,0,1,0,1,0,0,1,6,2,1,0.0,103.6,95.07105263157894,4.650143551630823,7.499616963037395,0
0,0,0,15,0,0,0,1,0,0,0,1,2,1,38.8,603.0,0,0,0,0,0,0,1,0,2,2,0,77.6,0.0,37.6875,3.6838669122903918,6.403574197934815,0
0,1,0,67,1,1,0,1,0,0,1,0,1,1,88.4,5798.3,0,1,1,0,0,0,0,1,4,4,0,88.4,88.4,85.26911764705882,4.493120682179469,8.665492499595755,0
1,1,0,6,1,0,0,1,0,0,0,1,0,1,84.2,519.15,1,1,1,0,0,1,0,0,3,0,0,0.0,84.2,74.16428571428571,4.44500143383527,6.254117231516904,1
1,0,0,6,1,0,0,0,0,0,1,0,0,1,79.7,497.6,0,1,1,0,0,1,0,0,2,0,0,0.0,79.7,71.08571428571429,4.390738575275903,6.211804171089457,1
0,0,0,13,1,1,0,0,0,1,1,1,0,1,99.0,1301.7,1,1,1,0,0,0,1,0,5,2,1,0.0,99.0,92.97857142857143,4.605170185988092,7.172194312703518,0
0,0,0,11,1,1,0,0,1,0,1,1,0,1,100.75,1129.75,1,0,1,0,0,1,0,0,5,1,1,0.0,100.75,94.14583333333333,4.622518824322705,7.030636408357952,0
0,0,1,1,1,0,0,0,0,0,0,0,0,1,19.3,19.3,0,1,0,1,0,0,1,0,1,0,0,0.0,0.0,9.65,3.0106208860477417,3.0106208860477417,1
0,0,0,5,1,0,1,0,0,1,0,0,0,1,55.75,266.95,0,1,0,0,0,0,1,0,3,0,0,0.0,0.0,44.49166666666667,4.038655656361512,5.590800395940859,1
0,0,0,13,1,0,0,0,0,0,0,0,1,1,19.95,257.0,0,1,0,1,0,0,1,0,1,2,0,19.95,0.0,18.357142857142858,3.0421386463681466,5.552959584921617,0
0,1,0,9,1,1,1,1,1,0,0,0,0,0,91.75,865.8,1,0,1,0,0,0,0,1,5,1,1,0.0,91.75,86.58,4.529907701487544,6.764808269662204,0
0,0,0,29,1,0,0,1,0,1,1,0,0,0,89.65,2623.65,0,1,1,0,0,0,1,0,4,3,0,0.0,89.65,87.455,4.50700593720086,7.8727028328027115,0
1,0,0,1,1,0,0,0,0,0,0,0,0,1,45.85,45.85,0,1,0,0,0,0,1,0,1,0,0,0.0,0.0,22.925,3.846951008684431,3.846951008684431,1
0,0,0,1,1,1,0,0,1,0,0,0,0,1,79.55,79.55,1,0,1,0,0,0,1,0,3,0,0,0.0,79.55,39.775,4.388878109622984,4.388878109622984,1
0,1,1,18,1,0,0,0,0,0,1,0,0,0,55.95,1082.8,0,0,0,0,0,0,1,0,2,2,0,0.0,0.0,56.98947368421052,4.0421736898931915,6.988228663132014,0
0,1,0,2,1,0,0,0,1,0,1,1,0,0,69.0,147.8,0,0,0,0,1,0,0,1,4,0,0,0.0,0.0,49.26666666666667,4.248495242049359,5.002603122398992,1
0,1,1,30,1,1,0,1,0,1,0,0,0,1,83.55,2570.2,0,1,1,0,0,0,0,1,4,3,0,0.0,83.55,82.90967741935484,4.4373430753445895,7.852127994983248,0
0,0,1,66,1,1,1,1,0,1,0,0,2,0,65.7,4378.9,0,1,0,0,0,0,0,1,5,4,0,131.4,0.0,65.35671641791045,4.200204952921578,8.38478117205963,0
0,1,1,38,1,1,0,0,1,1,1,0,2,1,94.9,3616.25,0,1,1,0,0,0,0,1,5,4,1,189.8,94.9,92.72435897435898,4.563305981889393,8.19346934761719,0
0,1,1,44,1,0,0,1,1,1,0,0,0,1,61.9,2924.05,0,1,0,0,0,0,1,0,4,4,0,0.0,0.0,64.97888888888889,4.141546163706395,7.98106685353695,0
0,0,0,54,1,1,0,1,1,1,1,1,0,0,111.1,6014.85,1,0,1,0,0,1,0,0,7,4,1,0.0,111.1,109.3609090909091,4.719391330078114,8.702152931808193,0
0,0,0,2,1,0,0,0,0,0,0,0,0,0,20.0,32.7,0,1,0,1,0,0,1,0,1,0,0,0.0,0.0,10.9,3.044522437723423,3.517497837358316,1
0,0,0,42,1,0,1,1,0,1,0,1,1,1,67.7,2882.25,0,0,0,0,0,0,1,0,5,4,0,67.7,0.0,67.02906976744185,4.229749199228304,7.966673409106048,0
0,1,1,58,1,1,0,0,0,0,0,0,2,0,25.15,1509.9,0,0,0,1,1,0,0,1,2,4,0,50.3,0.0,25.591525423728815,3.263849190510932,7.320460778745796,0
0,1,1,58,1,0,0,1,0,0,1,1,0,1,92.85,5305.05,0,1,1,0,0,1,0,0,4,4,1,0.0,92.85,89.91610169491526,4.541697763032518,8.576602957947669,0
0,1,1,25,1,1,0,0,1,0,0,1,0,1,89.1,2368.4,1,0,1,0,0,1,0,0,4,3,0,0.0,89.1,91.0923076923077,4.500920164614292,7.770392037520659,0
0,0,0,71,1,1,1,1,1,1,1,1,2,0,111.3,7985.9,0,0,1,0,0,0,1,0,8,4,1,222.6,111.3,110.91527777777777,4.721173861744398,8.985557978493448,0
0,0,0,37,1,1,0,1,1,0,1,1,0,1,101.9,3545.35,1,0,1,0,0,0,0,1,6,4,1,0.0,101.9,93.29868421052632,4.633757642840004,8.173674184527034,0
0,1,1,14,1,1,0,0,0,1,1,0,0,1,91.65,1301.0,1,0,1,0,0,1,0,0,4,2,1,0.0,91.65,86.73333333333333,4.528828952731369,7.171656822768514,0
1,0,0,4,1,1,0,0,1,0,0,1,0,1,88.85,372.45,1,0,1,0,0,1,0,0,4,0,0,0.0,88.85,74.49,4.498141613229568,5.922784126803076,1
0,1,0,48,1,1,1,0,0,1,0,0,1,1,60.6,2985.25,0,0,0,0,0,0,0,1,4,4,0,60.6,0.0,60.923469387755105,4.120661870539474,8.001773698640019,0
1,0,0,3,0,0,0,0,0,0,0,0,0,0,25.3,77.75,1,0,0,0,0,1,0,0,0,0,0,0.0,0.0,19.4375,3.269568939183719,4.366278277705742,1
0,1,0,8,1,0,1,0,0,1,0,1,2,0,65.5,564.35,0,0,0,0,0,0,1,0,4,1,0,131.0,0.0,62.705555555555556,4.197201947661808,6.337445008381255,0
0,0,0,1,1,1,0,0,0,0,1,1,0,1,95.45,95.45,1,1,1,0,0,1,0,0,4,0,1,0.0,95.45,47.725,4.569024739351738,4.569024739351738,1
0,0,0,67,1,0,0,0,0,0,0,0,2,0,19.95,1311.75,0,1,0,1,0,0,0,1,1,4,0,39.9,0.0,19.290441176470587,3.0421386463681466,7.1798794525179686,0
0,0,0,13,1,0,0,0,0,0,1,1,0,1,91.1,1135.7,1,1,1,0,0,1,0,0,3,2,1,0.0,91.1,81.12142857142858,4.522874943261261,7.035884606692665,0
0,1,1,45,1,0,0,1,0,1,0,0,1,1,54.15,2319.8,1,0,0,0,1,0,0,1,3,4,0,54.15,0.0,50.4304347826087,4.0100567456995115,7.7496672328071945,0
0,0,0,49,1,1,0,0,0,0,0,0,0,1,74.6,3720.35,0,1,1,0,0,0,0,1,2,4,0,0.0,74.6,74.407,4.3254562831854875,8.22184178465955,0
0,1,0,52,1,1,0,1,1,0,1,0,0,0,94.6,5025.8,0,0,1,0,0,0,0,1,5,4,1,0.0,94.6,94.82641509433962,4.560172820057356,8.52253887774099,0
0,1,0,63,1,0,1,0,1,0,0,0,1,1,81.15,5224.5,0,0,1,0,1,0,0,1,3,4,0,81.15,81.15,81.6328125,4.408546844483277,8.561305766034558,0
0,1,1,68,1,1,1,1,1,1,1,1,2,1,89.05,6185.8,0,0,0,0,0,0,0,1,8,4,0,178.1,0.0,89.64927536231885,4.500365071621965,8.730173269163984,0
0,1,0,31,1,0,0,0,0,1,0,0,0,1,49.2,1498.55,0,0,0,0,0,0,1,0,2,3,0,0.0,0.0,46.8296875,3.9160150266976834,7.312920342081299,0
0,1,0,64,1,0,0,0,0,0,0,0,2,0,19.45,1208.6,0,0,0,1,1,0,0,1,1,4,0,38.9,0.0,18.59384615384615,3.017982882488811,7.098045005425268,0
0,1,0,62,1,0,1,0,1,1,1,1,1,1,104.3,6613.65,0,0,1,0,0,1,0,0,6,4,1,104.3,104.3,104.97857142857143,4.6568134191399295,8.797042165096359,0
0,0,0,1,1,0,0,0,0,0,0,0,0,0,69.7,69.7,1,0,1,0,0,0,0,1,1,0,0,0.0,69.7,34.85,4.258445572902527,4.258445572902527,1
0,0,0,6,1,0,0,0,0,0,1,1,0,1,89.5,573.3,1,0,1,0,0,1,0,0,3,0,0,0.0,89.5,81.89999999999999,4.505349850705881,6.3531519078702505,1
0,1,0,21,1,0,0,0,0,1,1,0,0,1,86.05,1818.9,0,0,1,0,0,1,0,0,3,2,0,0.0,86.05,82.67727272727274,4.466482666214198,7.506536833506361,0
0,1,1,72,1,1,0,0,0,0,0,0,2,0,25.2,1787.35,0,0,0,1,0,0,0,1,2,4,0,50.4,0.0,24.484246575342464,3.265759410767051,7.489048686017753,0
0,1,1,32,0,0,1,1,0,0,0,0,0,1,35.15,1051.05,0,0,0,0,0,1,0,0,2,3,0,0.0,0.0,31.849999999999998,3.5876769486047735,6.958495920685321,0
1,0,0,71,1,1,1,1,0,1,1,0,1,1,99.65,7181.25,0,0,1,0,1,0,0,1,6,4,1,99.65,99.65,99.73958333333333,4.611649152085801,8.879367983425537,0
0,0,1,34,1,0,1,1,1,0,1,1,0,1,105.35,3688.6,0,0,1,0,0,0,0,1,6,3,1,0.0,105.35,105.38857142857142,4.666735541646246,8.21327333007474,0
0,1,0,3,0,0,0,0,0,0,0,1,0,1,35.15,99.75,1,1,0,0,0,1,0,0,1,0,0,0.0,0.0,24.9375,3.5876769486047735,4.612642200826793,1
0,0,1,12,1,1,0,0,0,0,0,0,0,1,73.75,871.4,1,1,1,0,1,0,0,1,2,1,0,0.0,73.75,67.03076923076922,4.314149212270796,6.771248034327474,0
1,0,0,8,1,1,0,0,1,0,1,1,0,0,101.35,780.5,1,0,1,0,0,1,0,0,5,1,1,0.0,101.35,86.72222222222223,4.628398312107299,6.6612151498615315,0
0,1,1,35,1,1,0,0,0,0,0,0,2,0,24.3,821.6,0,0,0,1,0,0,0,1,2,3,0,48.6,0.0,22.822222222222223,3.2308043957334744,6.712470055796324,0
0,1,1,3,1,0,0,0,0,0,1,0,0,1,80.7,239.45,0,0,1,0,0,1,0,0,2,0,0,0.0,80.7,59.8625,4.403054001865957,5.482512167723671,1
0,0,0,3,1,0,0,0,1,1,1,0,0,1,89.85,244.45,0,1,1,0,0,0,1,0,4,0,0,0.0,89.85,61.1125,4.50920979484218,5.503093260504062,1
0,0,0,53,1,0,0,0,1,0,0,1,1,1,61.1,3357.9,0,1,0,0,0,1,0,0,3,4,0,61.1,0.0,62.18333333333334,4.128745988939433,8.119368818404027,0
0,1,0,4,0,0,1,0,0,0,0,0,0,1,29.05,129.6,0,0,0,0,0,1,0,0,1,0,0,0.0,0.0,25.919999999999998,3.4028626609812167,4.8721392168423305,1
0,1,1,48,1,0,1,0,1,0,1,1,1,1,99.7,4977.2,0,0,1,0,0,0,0,1,5,4,1,99.7,99.7,101.57551020408162,4.612145799724517,8.512823658898295,0
0,1,1,6,1,0,1,1,0,0,0,0,0,0,55.9,365.35,1,0,0,0,1,0,0,1,3,0,0,0.0,0.0,52.19285714285714,4.041295341132285,5.903589160605973,1
1,1,0,3,1,1,0,1,1,0,1,1,0,1,105.9,334.65,1,1,1,0,0,1,0,0,6,0,1,0.0,105.9,83.6625,4.671893818030999,5.816068950384761,1
0,1,1,54,0,0,0,0,1,1,0,1,2,0,46.0,2424.05,0,1,0,0,1,0,0,1,3,4,0,92.0,0.0,44.07363636363637,3.8501476017100584,7.793607421715725,0
0,0,0,1,1,0,0,0,0,0,0,0,0,0,43.95,43.95,1,0,0,0,0,0,1,0,1,0,0,0.0,0.0,21.975,3.8055507609176296,3.8055507609176296,1
0,0,0,62,1,0,0,1,1,1,1,1,0,1,80.4,4981.15,0,1,0,0,0,0,0,1,6,4,0,0.0,0.0,79.06587301587301,4.399375273008495,8.513616803759081,0
0,1,1,22,1,0,0,1,1,0,1,1,1,1,100.05,2090.25,0,1,1,0,0,0,1,0,5,2,1,100.05,100.05,90.8804347826087,4.61561544384963,7.645517252301033,0
0,0,0,1,1,0,0,0,0,0,0,0,0,1,45.1,45.1,1,1,0,0,0,0,0,1,1,0,0,0.0,0.0,22.55,3.8308129500026027,3.8308129500026027,1
1,0,0,51,1,0,0,0,1,0,1,1,1,1,94.0,4905.75,0,1,1,0,0,0,0,1,4,4,1,94.0,94.0,94.34134615384616,4.553876891600541,8.498367087166189,0
0,0,0,30,1,1,0,1,1,0,1,0,1,1,68.95,2038.7,0,0,0,0,1,0,0,1,5,3,0,68.95,0.0,65.76451612903226,4.24778070111149,7.620558017200524,0
1,1,0,56,1,1,1,1,1,1,0,0,1,1,68.45,4014.0,0,0,0,0,1,0,0,1,6,4,0,68.45,0.0,70.42105263157895,4.240607069200353,8.297792626380861,0
0,1,0,35,1,1,0,1,0,1,1,0,1,1,69.0,2441.7,0,1,0,0,0,1,0,0,5,3,0,69.0,0.0,67.82499999999999,4.248495242049359,7.800859263880956,0
1,0,0,64,0,0,0,1,0,1,1,0,0,1,43.85,2751.0,0,0,0,0,0,1,0,0,3,4,0,0.0,0.0,42.323076923076925,3.803323588504805,7.920083199053234,0
0,0,1,30,0,0,0,0,0,0,1,1,0,1,44.5,1307.8,0,1,0,0,0,1,0,0,2,3,0,0.0,0.0,42.18709677419355,3.817712325956905,7.176865965848482,0
0,1,1,25,1,0,0,0,0,0,0,0,2,1,18.7,383.65,0,0,0,1,0,0,1,0,1,3,0,37.4,0.0,14.75576923076923,2.9806186357439426,5.952333829904943,0
0,0,0,41,1,0,0,0,0,0,0,0,0,0,70.25,2868.05,1,0,1,0,0,0,0,1,1,4,0,0.0,70.25,68.28690476190476,4.26619481914876,7.961736243504653,0
0,0,1,9,1,0,0,0,0,0,1,0,0,0,55.35,449.75,1,1,0,0,0,1,0,0,2,1,0,0.0,0.0,44.975,4.031582240485785,6.110912862083427,0
0,1,0,1,1,0,1,1,0,0,0,0,0,1,53.55,53.55,0,0,0,0,0,0,1,0,3,0,0,0.0,0.0,26.775,3.9991177122790798,3.9991177122790798,1
0,0,1,70,1,1,1,1,1,1,1,1,2,1,114.6,7882.5,0,1,1,0,0,1,0,0,8,4,1,229.2,114.6,111.02112676056338,4.750135956238277,8.972527246677537,0
0,1,1,57,1,0,0,0,0,0,0,0,2,1,20.1,1087.7,0,0,0,1,0,0,0,1,1,4,0,40.2,0.0,18.75344827586207,3.0492730404820207,6.992739602887134,0
0,0,0,9,1,1,0,0,0,0,1,0,0,1,85.5,791.7,0,1,1,0,0,1,0,0,3,1,0,0.0,85.5,79.17,4.460144413937834,6.67544483984311,0
0,1,1,69,1,1,0,1,1,1,1,1,1,1,108.75,7493.05,0,0,1,0,0,0,0,1,7,4,1,108.75,108.75,107.04357142857143,4.698205051955281,8.921864651335644,0
1,1,0,43,1,1,0,1,1,0,1,1,0,1,103.0,4414.3,1,1,1,0,0,1,0,0,6,4,1,0.0,103.0,100.325,4.6443908991413725,8.392831060899427,0
0,1,0,72,1,1,0,0,1,0,1,1,2,1,97.85,6841.3,0,0,1,0,0,1,0,0,5,4,1,195.7,97.85,93.71643835616439,4.593603549616626,8.830879211404719,0
0,0,1,44,1,0,0,0,0,0,0,0,2,0,19.55,819.95,0,1,0,1,0,0,0,1,1,4,0,39.1,0.0,18.221111111111114,3.022860940942244,6.710462206258037,0
0,1,0,72,1,1,1,1,0,0,0,0,2,1,84.05,6052.25,0,0,1,0,0,0,0,1,4,4,0,168.1,84.05,82.90753424657534,4.44323931884187,8.708350596872592,0
0,1,0,33,1,0,1,0,1,1,1,1,1,1,103.75,3361.05,1,0,1,0,0,1,0,0,6,3,1,103.75,103.75,98.85441176470589,4.6515765588022475,8.120306185957913,0
0,0,0,54,1,1,0,0,1,0,0,1,0,0,89.4,4869.5,0,1,1,0,1,0,0,1,4,4,0,0.0,89.4,88.53636363636363,4.504244267398131,8.49095188021101,0
0,0,1,27,1,0,0,0,0,0,0,0,2,0,19.7,509.3,0,1,0,1,1,0,0,1,1,3,0,39.4,0.0,18.189285714285713,3.0301337002713233,6.234998788069926,0
0,0,0,54,1,1,0,1,0,0,0,0,0,1,79.85,4308.25,0,1,1,0,0,0,0,1,3,4,0,0.0,79.85,78.33181818181818,4.392595586023115,8.368519154034502,0
0,0,0,3,1,0,0,1,0,0,0,0,0,0,74.45,221.1,0,1,1,0,1,0,0,1,2,0,0,0.0,74.45,55.275,4.323470185213858,5.403127730900382,1
0,1,0,53,1,1,1,1,1,0,0,1,1,0,74.1,3833.95,0,0,0,0,0,0,0,1,6,4,0,74.1,0.0,70.99907407407407,4.318820558770089,8.251911675906715,0
0,0,0,1,1,0,0,0,0,0,0,0,0,1,69.35,69.35,1,1,1,0,0,1,0,0,1,0,0,0.0,69.35,34.675,4.253482783560398,4.253482783560398,1
0,1,0,15,1,0,0,0,0,0,0,0,1,0,18.8,294.95,0,1,0,1,0,0,1,0,1,2,0,18.8,0.0,18.434375,2.9856819377004897,5.690190521136734,0
0,0,0,56,1,0,0,1,0,0,0,0,0,1,73.85,4092.85,1,0,1,0,0,1,0,0,2,4,0,0.0,73.85,71.80438596491229,4.3154861108656375,8.317241126566133,0
0,1,1,5,1,1,1,1,0,1,0,0,0,0,64.4,316.9,0,1,0,0,1,0,0,1,5,0,0,0.0,0.0,52.81666666666666,4.180522258463153,5.761736867916757,1
0,1,1,48,1,0,0,1,1,0,0,0,1,1,55.8,2651.2,0,1,0,0,1,0,0,1,3,4,0,55.8,0.0,54.10612244897959,4.039536325727106,7.883144763243498,0
0,0,1,25,1,0,0,0,0,0,0,0,0,0,20.05,471.7,0,0,0,1,1,0,0,1,1,3,0,0.0,0.0,18.142307692307693,3.0469005601283903,6.158460937799191,0
0,1,0,3,1,1,0,0,0,0,0,0,0,1,75.15,216.75,1,0,1,0,1,0,0,1,2,0,0,0.0,75.15,54.1875,4.332705079341171,5.383347615732612,1
0,0,0,58,1,0,1,1,0,0,1,1,1,0,99.15,5720.95,0,1,1,0,0,0,0,1,5,4,1,99.15,99.15,96.96525423728814,4.606669062111827,8.652064935368452,0
0,0,0,10,1,0,0,0,0,0,0,1,0,1,56.75,503.25,0,1,0,0,0,0,0,1,2,1,0,0.0,0.0,45.75,4.056123349401903,6.223072176834322,0
0,0,0,1,1,0,0,0,0,0,0,0,0,1,69.6,69.6,1,1,1,0,0,1,0,0,1,0,0,0.0,69.6,34.8,4.257030144499196,4.257030144499196,1
0,1,0,71,1,1,0,1,0,1,1,1,2,1,104.15,7365.3,0,1,1,0,1,0,0,1,6,4,1,208.3,104.15,102.29583333333333,4.655387902148709,8.904670823843324,0
0,1,1,65,1,1,0,1,1,1,1,1,2,1,110.8,7245.9,0,0,1,0,1,0,0,1,7,4,1,221.6,110.8,109.78636363636363,4.716711560720999,8.888329070200776,0
0,1,1,5,1,1,0,1,0,0,0,0,0,1,80.15,385.0,1,1,1,0,0,1,0,0,3,0,0,0.0,80.15,64.16666666666667,4.396299293960601,5.955837369464831,1
0,0,0,28,0,0,0,0,1,1,0,0,0,1,35.75,961.4,0,0,0,0,0,0,1,0,2,3,0,0.0,0.0,33.15172413793103,3.6041382256588457,6.869430164660469,0
0,1,1,67,1,1,0,0,1,1,0,1,2,1,69.9,4615.9,0,0,0,0,0,0,0,1,5,4,0,139.8,0.0,67.88088235294117,4.2612704335380815,8.43747876318644,0
0,0,0,35,1,0,1,0,0,1,0,1,1,1,89.2,3251.3,0,1,1,0,0,1,0,0,4,3,0,89.2,89.2,90.3138888888889,4.502029427068578,8.087117717335357,0
0,1,1,72,0,0,1,1,1,1,0,1,2,0,55.65,3880.05,0,0,0,0,1,0,0,1,5,4,0,111.3,0.0,53.1513698630137,4.036891987474015,8.263861014563423,0
0,1,1,61,0,0,1,1,0,1,0,1,1,1,50.7,3088.75,0,0,0,0,0,0,0,1,4,4,0,50.7,0.0,49.818548387096776,3.9454577815143836,8.035845460469845,0
1,0,0,68,1,0,0,0,0,0,0,0,2,1,20.0,1396.0,0,1,0,1,1,0,0,1,1,4,0,40.0,0.0,20.231884057971016,3.044522437723423,7.242082359256962,0
0,1,1,1,0,0,1,0,0,0,0,0,0,0,30.5,30.5,1,0,0,0,0,0,0,1,1,0,0,0.0,0.0,15.25,3.449987545831587,3.449987545831587,1
0,0,0,3,1,0,0,0,0,0,0,0,0,1,19.1,53.05,0,1,0,1,0,0,1,0,1,0,0,0.0,0.0,13.2625,3.0007198150650303,3.9899095440852173,1
0,1,1,70,1,1,0,1,0,0,1,1,2,0,98.3,6859.5,1,1,1,0,0,0,0,1,5,4,1,196.6,98.3,96.61267605633803,4.598145571051127,8.83353560436123,0
0,0,1,48,0,0,0,1,1,0,0,1,0,0,45.55,2108.35,0,0,0,0,1,0,0,1,3,4,0,0.0,0.0,43.02755102040816,3.840527003723076,7.654135122138809,0
0,1,1,68,1,1,0,1,0,0,1,1,1,1,101.05,6770.5,0,1,1,0,1,0,0,1,5,4,1,101.05,101.05,98.1231884057971,4.625462889255854,8.820477907095427,0
0,0,0,47,1,0,1,0,1,1,1,1,1,1,103.7,4730.6,0,0,1,0,0,1,0,0,6,4,1,103.7,103.7,98.55416666666667,4.651099117876491,8.462018690671583,0
0,1,1,32,0,0,0,0,1,1,0,0,1,1,36.25,1151.05,0,1,0,0,0,0,1,0,2,3,0,36.25,0.0,34.880303030303025,3.6176519448255684,7.049298243091741,0
0,1,1,5,1,0,1,0,0,0,0,0,0,1,49.4,232.55,0,0,0,0,0,0,1,0,2,0,0,0.0,0.0,38.75833333333333,3.919991175077323,5.453396186948117,1
0,0,0,49,1,0,0,0,0,0,0,0,2,1,19.9,1022.6,0,1,0,1,1,0,0,1,1,4,0,39.8,0.0,20.452,3.039749158970765,6.931081104285634,0
0,0,0,48,1,1,0,1,1,0,1,1,0,1,107.4,5121.3,1,0,1,0,0,0,0,1,6,4,1,0.0,107.4,104.51632653061225,4.685828089005546,8.541358835915018,0
1,0,0,13,1,1,0,0,0,0,0,1,0,1,82.0,1127.2,1,0,1,0,0,1,0,0,3,2,0,0.0,82.0,80.51428571428572,4.418840607796598,7.0283787213058755,0
0,0,0,15,1,0,0,0,0,0,0,0,0,1,19.8,309.4,0,1,0,1,0,0,1,0,1,2,0,0.0,0.0,19.3375,3.0349529867072724,5.737861788309064,0
0,0,0,12,1,0,0,0,0,0,0,0,0,1,45.05,523.1,0,0,0,0,0,1,0,0,1,1,0,0.0,0.0,40.23846153846154,3.829727762701316,6.26168250580812,0
1,0,0,67,1,1,1,1,0,1,0,0,2,1,64.55,4250.1,0,1,0,0,0,0,0,1,5,4,0,129.1,0.0,62.5014705882353,4.182813210209709,8.354933051958843,0
0,0,0,9,1,0,0,0,0,1,1,0,0,0,86.25,770.5,0,1,1,0,0,1,0,0,3,1,0,0.0,86.25,77.05,4.468777561082536,6.648336671803215,0
0,1,1,13,1,0,0,0,0,0,0,0,2,1,19.75,246.7,0,0,0,1,0,0,0,1,1,2,0,39.5,0.0,17.62142857142857,3.0325462466767075,5.512218336495314,0
0,0,0,38,1,0,0,0,0,0,1,1,1,1,89.1,3342.0,0,0,1,0,0,0,1,0,3,4,0,89.1,89.1,85.6923076923077,4.500920164614292,8.114623886420098,0
1,1,0,42,1,1,0,1,1,0,1,0,0,1,95.55,3930.6,0,0,1,0,0,1,0,0,5,4,1,0.0,95.55,91.4093023255814,4.570061008874523,8.276801746692474,0
0,1,0,24,1,1,0,0,0,0,0,0,0,1,75.4,1747.85,1,0,1,0,1,0,0,1,2,2,0,0.0,75.4,69.914,4.335982696172475,7.46671370804741,0
1,1,0,27,1,0,1,0,1,0,1,1,0,1,101.25,2754.45,1,0,1,0,0,1,0,0,5,3,1,0.0,101.25,98.37321428571428,4.627420794922911,7.92133604763153,0
0,1,1,9,1,1,0,1,1,0,1,1,0,1,102.6,897.75,0,1,1,0,1,0,0,1,6,1,1,0.0,102.6,89.775,4.640537329825382,6.801004909035257,0
0,1,0,49,0,0,0,1,0,1,1,1,1,1,56.3,2780.6,0,0,0,0,1,0,0,1,4,4,0,56.3,0.0,55.611999999999995,4.048300623720694,7.930781580693652,0
1,1,0,61,1,1,1,1,1,1,0,0,0,1,94.2,5895.45,0,0,1,0,1,0,0,1,6,4,1,0.0,94.2,95.08790322580644,4.55597994179732,8.682105753887527,0
0,0,1,50,0,0,1,1,0,0,1,0,1,1,43.05,2208.05,0,1,0,0,0,0,0,1,3,4,0,43.05,0.0,43.29509803921569,3.7853253523821886,7.700317837840281,0
1,0,0,25,1,1,0,1,0,0,1,0,0,1,89.5,2196.15,1,1,1,0,0,1,0,0,4,3,0,0.0,89.5,84.4673076923077,4.505349850705881,7.69491634497433,0
1,0,0,22,1,1,0,0,0,0,0,0,0,1,74.4,1692.6,1,0,1,0,0,0,0,1,2,2,0,0.0,74.4,73.59130434782608,4.32280727501391,7.434611719820655,0
0,0,0,1,1,0,0,0,0,0,0,0,0,0,20.5,20.5,1,1,0,1,0,0,1,0,1,0,0,0.0,0.0,10.25,3.068052935133617,3.068052935133617,1
0,0,0,4,1,1,0,0,0,0,0,0,0,1,74.35,265.35,1,1,1,0,0,1,0,0,2,0,0,0.0,74.35,53.07000000000001,4.3221439250725044,5.584811233363008,1
1,1,0,18,1,1,0,0,0,1,1,1,0,0,99.75,1836.25,1,0,1,0,0,0,0,1,5,2,1,0.0,99.75,96.64473684210526,4.612642200826793,7.516025167408981,0
1,0,0,56,1,1,0,1,1,1,1,1,1,1,111.95,6418.9,1,0,1,0,0,1,0,0,7,4,1,111.95,111.95,112.61228070175439,4.726945242914012,8.767157820238706,0
1,1,0,53,1,0,0,1,1,1,1,0,1,1,94.0,4871.45,0,0,1,0,0,1,0,0,5,4,1,94.0,94.0,90.21203703703704,4.553876891600541,8.491352169656412,0
0,1,0,51,1,1,0,0,1,0,1,1,1,1,98.85,4947.55,0,0,1,0,0,1,0,0,5,4,1,98.85,98.85,95.14519230769231,4.603669059861824,8.50684988335764,0
0,1,1,24,1,1,1,1,1,0,0,0,2,0,64.35,1558.65,0,0,0,0,0,1,0,0,5,2,0,128.7,0.0,62.346000000000004,4.179757440070231,7.352216716096984,0
0,1,0,62,1,0,1,1,1,0,1,0,2,1,72.0,4284.2,0,0,0,0,1,0,0,1,5,4,0,144.0,0.0,68.0031746031746,4.290459441148391,8.362922504388402,0
0,0,0,24,1,0,0,1,0,0,0,0,0,1,49.7,1218.25,0,1,0,0,0,0,1,0,2,2,0,0.0,0.0,48.73,3.9259259105971376,7.105991194590162,0
0,1,1,70,1,1,1,1,1,1,1,0,2,0,80.7,5617.95,0,0,0,0,0,1,0,0,7,4,0,161.4,0.0,79.12605633802816,4.403054001865957,8.633900092692112,0
0,0,1,1,0,0,0,0,0,0,0,0,0,0,24.2,24.2,0,1,0,0,0,0,1,0,0,0,0,0.0,0.0,12.1,3.2268439945173775,3.2268439945173775,1
1,0,0,16,0,0,0,1,0,0,1,0,0,1,39.0,679.85,1,1,0,0,0,0,1,0,2,2,0,0.0,0.0,39.991176470588236,3.6888794541139363,6.5233420175705845,0
0,0,0,8,1,0,0,1,0,1,1,0,0,1,65.45,554.45,0,0,0,0,0,1,0,0,4,1,0,0.0,0.0,61.60555555555556,4.196449785159254,6.3197785960277315,0
0,1,1,72,1,0,1,1,1,1,0,1,2,1,74.35,5237.4,0,0,0,0,0,1,0,0,6,4,0,148.7,0.0,71.74520547945205,4.3221439250725044,8.563771387176816,0
0,0,0,23,1,0,0,1,1,1,0,0,0,0,83.2,2032.3,0,0,1,0,0,0,0,1,4,2,0,0.0,83.2,84.67916666666666,4.4331949212482815,7.617415367916296,0
0,0,1,31,0,0,0,0,0,0,0,0,0,0,25.0,789.2,0,1,0,0,1,0,0,1,0,3,0,0.0,0.0,24.6625,3.258096538021482,6.67228607797729,0
0,1,1,37,0,0,1,0,1,1,0,0,1,1,40.2,1525.35,0,1,0,0,0,1,0,0,3,4,0,40.2,0.0,40.14078947368421,3.7184382563554808,7.330634543344089,0
0,1,0,30,1,1,0,1,0,1,1,0,0,1,94.1,2804.45,1,0,1,0,1,0,0,1,5,3,1,0.0,94.1,90.46612903225805,4.554928969551344,7.939319232897119,0
1,0,0,35,1,1,1,1,1,0,1,1,1,1,108.35,3726.15,0,0,1,0,0,1,0,0,7,3,1,108.35,108.35,103.50416666666666,4.694553747122777,8.223399145516707,0
0,1,1,23,1,1,0,1,0,1,1,0,0,1,69.5,1652.1,0,0,0,0,1,0,0,1,5,2,0,0.0,0.0,68.83749999999999,4.255612709818223,7.4104075920589665,0
0,1,1,20,1,1,1,0,0,0,1,1,1,0,76.0,1588.75,0,0,0,0,0,0,0,1,5,2,0,76.0,0.0,75.6547619047619,4.343805421853684,7.371332050147517,0
0,1,0,36,1,0,1,0,0,0,1,1,0,1,93.6,3366.05,0,1,1,0,0,1,0,0,4,3,1,0.0,93.6,90.97432432432433,4.549657476057832,8.121792269065665,0
0,0,0,8,1,1,0,0,0,0,1,1,0,0,95.65,778.1,1,0,1,0,0,0,0,1,4,1,1,0.0,95.65,86.45555555555556,4.57109620565434,6.6581394073368125,0
0,1,1,71,1,1,0,1,0,0,1,1,1,0,100.55,7113.75,0,1,1,0,0,0,0,1,5,4,1,100.55,100.55,98.80208333333333,4.620551288026394,8.8699253728722,0
1,1,0,50,1,1,0,1,0,0,1,0,0,1,88.05,4367.35,1,0,1,0,0,1,0,0,4,4,0,0.0,88.05,85.6343137254902,4.489198009735671,8.382140642419776,0
0,1,1,43,1,1,0,0,0,0,0,0,1,1,24.45,993.15,0,0,0,1,0,0,0,1,2,4,0,24.45,0.0,22.571590909090908,3.2367157429965316,6.90188810070409,0
0,0,1,57,1,1,1,1,1,1,1,1,2,0,89.55,5012.35,0,1,0,0,0,0,1,0,8,4,0,179.1,0.0,86.4198275862069,4.505902184329423,8.51985963329828,0
0,1,1,41,1,0,0,1,0,1,0,1,1,1,66.5,2728.6,1,0,0,0,0,0,0,1,4,4,0,66.5,0.0,64.96666666666667,4.212127597878484,7.91191035729736,0
0,1,0,27,1,0,0,1,0,0,0,0,0,1,76.1,2093.4,0,0,1,0,0,1,0,0,2,3,0,0.0,76.1,74.76428571428572,4.345103280569283,7.647022395155635,0
0,0,0,13,1,0,0,0,0,0,0,1,0,1,80.5,1011.8,0,0,1,0,0,1,0,0,2,2,0,0.0,80.5,72.27142857142857,4.400603020246817,6.9204740513899115,0
0,0,0,3,0,0,1,1,0,0,0,0,0,1,35.45,106.85,1,1,0,0,0,0,1,0,2,0,0,0.0,0.0,26.7125,3.5959414584546674,4.680741372835166,1
0,0,0,67,1,0,0,0,0,0,0,0,1,0,20.55,1343.4,0,0,0,1,0,1,0,0,1,4,0,20.55,0.0,19.75588235294118,3.070375816549757,7.20370309585095,0
0,0,0,3,1,0,0,1,0,0,0,0,0,1,49.9,130.1,1,1,0,0,0,0,1,0,2,0,0,0.0,0.0,32.525,3.929862923556477,4.875960390769654,1
0,1,0,64,1,1,0,1,0,1,1,1,2,1,105.4,6794.75,0,0,1,0,0,0,0,1,6,4,1,210.8,105.4,104.53461538461538,4.667205576907544,8.82405269577028,0
0,0,0,26,0,0,0,0,1,1,0,0,0,0,35.75,1022.5,0,1,0,0,0,1,0,0,2,3,0,0.0,0.0,37.870370370370374,3.6041382256588457,6.930983405101344,0
0,0,0,38,1,1,0,1,1,0,0,1,0,1,95.1,3691.2,0,1,1,0,1,0,0,1,5,4,1,0.0,95.1,94.64615384615384,4.565389315976247,8.21397776533647,0
0,1,0,23,1,0,0,0,0,0,0,0,1,0,19.3,486.2,0,1,0,1,1,0,0,1,1,2,0,19.3,0.0,20.258333333333333,3.0106208860477417,6.1886747163956874,0
0,0,0,40,1,1,0,1,1,0,1,1,0,1,104.5,4036.85,1,1,1,0,1,0,0,1,6,4,1,0.0,104.5,98.45975609756097,4.658710952916121,8.303467651080286,0
1,1,0,72,0,0,1,1,1,1,1,1,2,1,63.1,4685.55,0,1,0,0,0,0,0,1,6,4,0,126.2,0.0,64.18561643835616,4.160444363926624,8.452451983072336,0
1,0,0,3,1,1,0,0,0,0,0,0,0,1,75.05,256.25,1,0,1,0,1,0,0,1,2,0,0,0.0,75.05,64.0625,4.331391018705302,5.550048374714159,1
0,0,0,23,1,1,0,0,1,0,0,0,0,1,81.0,1917.1,1,1,1,0,0,1,0,0,3,2,0,0.0,81.0,79.87916666666666,4.406719247264253,7.559090391727643,0
1,1,0,1,1,1,0,0,0,0,0,0,0,1,74.45,74.45,1,0,1,0,0,1,0,0,2,0,0,0.0,74.45,37.225,4.323470185213858,4.323470185213858,1
0,0,0,4,1,0,1,1,0,1,0,0,0,1,60.4,272.15,1,0,0,0,0,0,1,0,4,0,0,0.0,0.0,54.42999999999999,4.117409835153096,5.610021094841726,1
0,1,0,62,1,1,1,1,0,1,1,1,2,1,84.95,5150.55,0,0,0,0,0,1,0,0,7,4,0,169.9,0.0,81.7547619047619,4.453765731828859,8.547052919248921,0
0,0,0,40,1,1,0,1,1,0,1,0,0,1,93.4,3756.4,0,0,1,0,0,0,0,1,5,4,1,0.0,93.4,91.61951219512196,4.547541073151455,8.2314825078332,0
0,0,0,41,1,1,0,1,0,0,1,0,0,1,89.2,3645.75,0,1,1,0,0,1,0,0,4,4,0,0.0,89.2,86.80357142857143,4.502029427068578,8.201591638966322,0
1,1,0,34,1,0,0,0,1,0,1,0,0,1,85.2,2874.45,0,1,1,0,1,0,0,1,3,3,0,0.0,85.2,82.12714285714286,4.456670177669648,7.963964462722332,0
0,0,0,1,1,0,0,1,0,0,0,0,0,0,49.95,49.95,0,0,0,0,0,1,0,0,2,0,0,0.0,0.0,24.975,3.9308447596687337,3.9308447596687337,1
0,0,0,51,1,0,0,0,0,0,0,0,2,0,20.65,1020.75,0,0,0,1,0,0,0,1,1,4,0,41.3,0.0,19.629807692307693,3.075005454448499,6.929272122444386,0
0,1,1,1,1,0,0,0,0,0,0,0,0,1,70.65,70.65,1,1,1,0,0,0,1,0,1,0,0,0.0,70.65,35.325,4.271793154274181,4.271793154274181,1
0,0,0,39,1,0,0,0,0,0,0,0,2,0,20.15,826.0,0,0,0,1,0,0,1,0,1,4,0,40.3,0.0,20.65,3.0516399054922867,6.717804695023691,0
0,1,1,12,1,0,0,0,0,0,0,0,0,1,19.2,239.0,0,1,0,1,0,1,0,0,1,1,0,0.0,0.0,18.384615384615383,3.005682604407159,5.480638923341991,0
0,0,0,12,1,0,0,0,0,1,1,0,1,1,59.8,727.8,1,1,0,0,0,1,0,0,3,1,0,59.8,0.0,55.98461538461538,4.107589788972121,6.5913993459457485,0
0,0,0,72,1,1,0,1,1,0,1,1,1,1,104.95,7544.3,0,1,1,0,0,1,0,0,6,4,1,104.95,104.95,103.34657534246575,4.662967284714308,8.928680131842896,0
1,1,0,63,1,1,0,1,1,0,1,1,0,1,103.5,6479.4,0,0,1,0,0,1,0,0,6,4,1,0.0,103.5,101.240625,4.6491870714048655,8.776537515836264,0
0,1,0,44,1,1,1,0,1,0,0,0,0,1,84.8,3626.35,0,1,1,0,1,0,0,1,4,4,0,0.0,84.8,80.58555555555556,4.4520190064939165,8.196257633110818,0
0,0,0,18,1,1,0,0,1,1,0,1,0,1,95.05,1679.4,0,0,1,0,0,0,0,1,5,2,1,0.0,95.05,88.38947368421053,4.564868889214566,7.426787139295227,0
0,0,0,9,1,0,0,0,0,0,0,0,0,1,44.2,403.35,1,0,0,0,0,0,0,1,1,1,0,0.0,0.0,40.335,3.8110970868381857,6.0022808395418314,0
0,0,0,13,1,0,0,1,0,1,1,1,0,0,73.35,931.55,0,1,0,0,0,0,1,0,5,2,0,0.0,0.0,66.53928571428571,4.308783672906164,6.837922769383456,0
0,1,0,68,1,0,0,1,0,1,1,0,2,0,64.1,4326.25,0,0,0,0,0,0,0,1,4,4,0,128.2,0.0,62.69927536231884,4.175924549214524,8.372687515306508,0
1,0,0,6,0,0,0,0,0,0,1,1,0,1,44.4,263.05,0,0,0,0,0,1,0,0,2,0,0,0.0,0.0,37.57857142857143,3.8155121050473024,5.5761384791529425,1
0,0,0,2,1,0,0,0,0,0,0,0,0,1,20.05,39.25,0,0,0,1,0,0,1,0,1,0,0,0.0,0.0,13.083333333333334,3.0469005601283903,3.6951100038645723,1
1,1,0,55,1,1,1,1,0,0,0,0,1,0,60.0,3316.1,0,1,0,0,1,0,0,1,4,4,0,60.0,0.0,59.216071428571425,4.110873864173311,8.106846186216465,0
1,0,0,1,1,1,0,0,0,0,0,0,0,1,75.75,75.75,1,1,1,0,0,1,0,0,2,0,0,0.0,75.75,37.875,4.340553386467307,4.340553386467307,1
0,0,0,38,1,0,0,0,0,0,0,0,0,1,69.5,2625.25,0,1,1,0,1,0,0,1,1,4,0,0.0,69.5,67.31410256410257,4.255612709818223,7.87331225215921,0
0,0,0,67,1,1,1,1,1,0,1,0,0,1,102.95,6886.25,1,0,1,0,1,0,0,1,6,4,1,0.0,102.95,101.26838235294117,4.643910014304022,8.837427155161741,0
0,0,0,19,1,0,0,0,0,0,1,0,0,1,78.7,1495.1,0,1,1,0,0,0,0,1,2,2,0,0.0,78.7,74.755,4.378269585796169,7.310617001220186,0
0,0,0,12,0,0,0,1,1,1,1,1,1,0,60.65,743.3,0,0,0,0,0,1,0,0,5,1,0,60.65,0.0,57.176923076923075,4.121473229610353,6.612444179365865,0
0,0,0,72,1,0,0,0,0,0,0,0,2,1,21.15,1419.4,0,0,0,1,0,0,0,1,1,4,0,42.3,0.0,19.443835616438356,3.0978374964911444,7.258693801068933,0
0,1,1,24,1,1,1,0,1,1,1,1,1,1,84.8,1990.5,0,1,0,0,0,0,1,0,7,2,0,84.8,0.0,79.62,4.4520190064939165,7.596643402621699,0
0,1,1,72,1,1,0,1,1,0,1,1,1,1,103.2,7362.9,0,0,1,0,1,0,0,1,6,4,1,103.2,103.2,100.86164383561643,4.646312129319266,8.904344962684448,0
0,1,1,11,0,0,1,0,0,0,0,0,0,1,29.6,346.45,0,0,0,0,0,1,0,0,1,1,0,0.0,0.0,28.870833333333334,3.4210000089583352,5.8506207697603365,0
1,1,0,4,1,1,0,0,0,0,0,0,0,1,74.4,306.6,1,1,1,0,0,0,1,0,2,0,0,0.0,74.4,61.32000000000001,4.32280727501391,5.728800237631489,1
0,0,0,66,1,0,1,0,1,1,1,1,2,1,105.65,6844.5,0,1,1,0,0,0,0,1,6,4,1,211.3,105.65,102.15671641791045,4.669552444917359,8.83134678107381,0
